sample_id,target_class_id,tx0_x,tx0_y,tx0_z,tx1_x,tx1_y,tx1_z,u1_x,u1_y,u1_z,u1_distance_m,u1_angle_deg,u1_required_rate_bpshz,u1_pilot_snr_db,u2_x,u2_y,u2_z,u2_distance_m,u2_angle_deg,u2_required_rate_bpshz,u2_pilot_snr_db,angular_separation_deg,h11_power_db,h12_power_db,h21_power_db,h22_power_db,h11_num_paths,h12_num_paths,h21_num_paths,h22_num_paths,tx0_sector_label,tx0_codebook_label,tx0_sector_angle_deg,tx0_refinement_angle_deg,tx0_target_angle_deg,tx1_sector_label,tx1_codebook_label,tx1_sector_angle_deg,tx1_refinement_angle_deg,tx1_target_angle_deg,best_tx0_sector,best_tx0_codebook,best_tx0_target_angle_deg,best_tx1_sector,best_tx1_codebook,best_tx1_target_angle_deg,target_score,best_score,target_is_best,target_sinr_u1_db,target_sinr_u2_db,target_rate_u1_bpshz,target_rate_u2_bpshz,target_sum_rate_bpshz
0,0,0.0,-0.01,1.5,0.0,0.01,1.5,8.613489607912697,-3.5504423613262146,1.5,9.316536061579953,-22.401240288508383,3.2790413955713897,16.572537767271783,3.7947761144678607,-0.8764650988000445,1.5,3.894678013437101,-13.005332363276768,1.120128825291339,24.14963894593219,9.395907925231615,-87.3923494703165,-79.8152482916561,-87.39945531619021,-79.82528596031598,1,1,1,1,6,4,-30.0,6.0,-24.0,7,3,-15.0,3.0,-12.0,6,4,-24.0,7,3,-12.0,-18.527732963207896,-18.527732963207896,1,-8.725417618976646,-1.653031647399064,0.18155942868663694,0.7514075040030718,0.9329669326897088
1,0,0.0,-0.01,1.5,0.0,0.01,1.5,6.776218193833547,-2.9939606421171043,1.5,7.4081666650384586,-23.837450672356724,3.248967274224062,18.564595591202785,8.108362847898215,-1.9511890969481833,1.5,8.339825355798856,-13.530351403876374,4.146987348477229,17.533369995117305,10.30709926848035,-85.40029164638551,-86.43151724247099,-85.4097685689216,-86.43639015589972,1,1,1,1,6,4,-30.0,6.0,-24.0,7,3,-15.0,3.0,-12.0,6,4,-24.0,7,3,-12.0,-47.878471578328494,-47.878471578328494,1,-6.608523147759672,-7.793905934529327,0.2849253602628005,0.2218049960745068,0.5067303563373073
2,0,0.0,-0.01,1.5,0.0,0.01,1.5,3.8955763713078357,-1.6283710869297965,1.5,4.222215965750787,-22.685180006766313,2.893184033325925,23.451185147016687,3.758718074407593,-0.931782259214195,1.5,3.872490121545132,-13.92288746322103,4.0250174616497265,24.19964154807144,8.762292543545282,-80.51370209057161,-79.76524568951686,-80.52956981378289,-79.77603829902526,1,1,1,1,6,4,-30.0,6.0,-24.0,7,3,-15.0,3.0,-12.0,6,4,-24.0,7,3,-12.0,-30.479166560510304,-30.479166560510304,1,-2.3262026863719485,-1.9361139412039121,0.6647573604899787,0.7139663169568682,1.378723677446847
3,0,0.0,-0.01,1.5,0.0,0.01,1.5,7.453962059052201,-2.825276172456897,1.5,7.971432482837851,-20.758217418280875,2.2858000971596053,17.92720791996598,5.840962277373779,-1.3911399967806153,1.5,6.004340997673787,-13.396532961617147,4.691129303074007,20.388112216035932,7.361684456663728,-86.03767931762232,-83.57677502155235,-86.0454029307629,-83.58347863756342,1,1,1,1,6,4,-30.0,6.0,-24.0,7,3,-15.0,3.0,-12.0,6,4,-24.0,7,3,-12.0,-44.98036056397003,-44.98036056397003,1,-7.953772365577146,-5.083334461968033,0.21435529297967598,0.3898065279625967,0.6041618209422727
4,0,0.0,-0.01,1.5,0.0,0.01,1.5,3.796610479522815,-1.711913977092641,1.5,4.1647209508186265,-24.27089319148217,2.387195166430771,23.570915866966512,6.299714643880378,-1.3209316420254498,1.5,6.436712281687362,-11.842282874639162,2.053576900318596,19.783555774983423,12.428610316843008,-80.39397137062178,-84.18133146260487,-80.41111704256765,-84.18687000995247,1,1,1,1,6,4,-30.0,6.0,-24.0,7,3,-15.0,3.0,-12.0,6,4,-24.0,7,4,-9.0,-10.193904452926366,-10.141748047293913,0,-1.8943978560872974,-5.429733616984212,0.7193916664822383,0.3633789734505604,1.0827706399327988
5,0,0.0,-0.01,1.5,0.0,0.01,1.5,8.867638264844528,-3.357132213534212,1.5,9.481842916610884,-20.735786223594104,3.0728882981466366,16.41946166935988,5.064749954552343,-1.100745703404413,1.5,5.182984970622742,-12.261674601854534,3.166951948174524,21.66602384503681,8.47411162173957,-87.54542556822841,-82.29886339255148,-87.55191222711593,-82.30598202490438,1,1,1,1,6,4,-30.0,6.0,-24.0,7,3,-15.0,3.0,-12.0,6,4,-24.0,7,3,-12.0,-30.419099876414286,-30.419099876414286,1,-9.379422617070736,-3.698891815885558,0.15751029368469516,0.5126702555289467,0.6701805492136419
6,0,0.0,-0.01,1.5,0.0,0.01,1.5,1.9515768630665329,-0.8504966690184337,1.5,2.128848711503018,-23.547559190747386,1.2455527368223018,29.407416510563955,7.70558607009447,-1.8402239672753524,1.5,7.922277509237389,-13.431619835313457,2.608247641756739,17.979618103094044,10.115939355433929,-74.55747072702434,-85.98526913449425,-74.59006983328463,-85.9903630723372,1,1,1,1,6,4,-30.0,6.0,-24.0,7,3,-15.0,3.0,-12.0,6,4,-24.0,7,3,-12.0,-9.451488724577281,-9.451488724577281,1,2.550984924656006,-7.347654987350922,1.4850552453861534,0.24388427644959673,1.7289395218357502
7,0,0.0,-0.01,1.5,0.0,0.01,1.5,5.766879367938364,-2.2126424763479147,1.5,6.1767859257458655,-20.99086289769693,1.4021786916440964,20.14385604945852,4.367587474289091,-0.95038871254733,1.5,4.469794072494205,-12.276212039524175,3.0682359763828804,22.9524394154228,8.714650858172753,-83.82103118812978,-81.01244782216548,-83.83110604652883,-81.02071130944458,1,1,1,1,6,4,-30.0,6.0,-24.0,7,3,-15.0,3.0,-12.0,6,4,-24.0,7,3,-12.0,-13.098691609993896,-13.098691609993896,1,-5.834620569142799,-2.531602243567204,0.33449776237262496,0.639939856151828,0.974437618524453
8,0,0.0,-0.01,1.5,0.0,0.01,1.5,8.156666099060976,-3.724954612344906,1.5,8.966966528074039,-24.545047799739702,3.3579291092562915,16.90518763597693,8.158917555148268,-1.475517818424564,1.5,8.291265796257829,-10.25098726108395,3.0264461836090026,17.583520416209662,14.294060538655753,-87.05969960161136,-86.38136682137862,-87.06774596162458,-86.38509543249606,1,1,1,1,6,4,-30.0,6.0,-24.0,7,3,-15.0,3.0,-12.0,6,4,-24.0,7,4,-9.0,-35.1351109610622,-35.05062706217837,0,-8.206315117762959,-7.659894408449572,0.2030585356675162,0.22823367394485686,0.431292209612373
9,0,0.0,-0.01,1.5,0.0,0.01,1.5,5.343407394133028,-2.492662282722151,1.5,5.896216399978983,-25.00872322081595,3.8284508218798803,20.54883005672549,9.201146497099263,-2.262962171567881,1.5,9.475341400236154,-13.81728698838182,3.806217972361821,16.424366086932256,11.191436232434128,-83.4160571808628,-87.54052115065603,-83.42851384250677,-87.54490063223085,1,1,1,1,6,4,-30.0,6.0,-24.0,7,3,-15.0,3.0,-12.0,6,4,-24.0,7,3,-12.0,-49.00585062957326,-49.00585062957326,1,-4.6945532379841435,-8.921589753597361,0.4214461821499241,0.17400510121461205,0.5954512833645361
10,1,0.0,-0.01,1.5,0.0,0.01,1.5,3.9194060266690767,-0.31118593552828494,1.5,3.931740109463047,-4.539544289275047,4.535180863361971,24.064103544167445,2.412738915076284,-2.2228152853056966,1.5,3.2805817875663656,-42.65384262079458,1.2075773275735715,25.65299582349265,38.11429833151953,-79.90078369342085,-78.31189141409564,-79.90428119581627,-78.34776889257215,1,1,1,1,0,0,0.0,-6.0,-6.0,5,2,-45.0,0.0,-45.0,0,0,-6.0,5,3,-42.0,-25.531897940545438,-25.459699858725212,0,-1.0535401254184946,0.3174948616693005,0.835597362047071,1.053698345845596,1.8892957078926669
11,1,0.0,-0.01,1.5,0.0,0.01,1.5,7.1810284483680515,-1.0466705419606066,1.5,7.256906282961038,-8.29274818741903,1.6006437029400025,18.740766266870683,2.2902012278196477,-2.3820230278543293,1.5,3.3043993961285807,-46.1258715682726,3.091781203551531,25.59117626783614,37.83312338085357,-85.22412097071762,-78.37371096975215,-85.22757413901465,-78.41160713140488,1,1,1,1,0,0,0.0,-6.0,-6.0,5,2,-45.0,0.0,-45.0,7,4,-9.0,5,2,-45.0,-10.148564383978886,-10.050859234262907,0,-6.541580063903806,0.4804699708960935,0.2889360603851867,1.0820104442883065,1.3709465046734932
12,1,0.0,-0.01,1.5,0.0,0.01,1.5,9.144134559765456,-1.2101036720408582,1.5,9.223857530566253,-7.538524941737379,3.607679409851149,16.657056426496652,4.327386388702877,-4.038842389209788,1.5,5.919334489789266,-43.024701044269804,1.8951534943080044,20.51863177242263,35.486176102532426,-87.30783081109165,-83.44625546516566,-87.31030182364265,-83.46628044088006,1,1,1,1,0,0,0.0,-6.0,-6.0,5,2,-45.0,0.0,-45.0,7,4,-9.0,5,3,-42.0,-27.076134616656983,-26.97942849279924,0,-8.470255792735898,-4.711751266728003,0.1918462370432478,0.42000106349233246,0.6118473005355802
13,1,0.0,-0.01,1.5,0.0,0.01,1.5,8.457327771398301,-1.0672297989412902,1.5,8.524398657771306,-7.192136893749566,2.0350533640970823,17.342070928250116,6.760934505101295,-6.904146279426051,1.5,9.663201913961121,-45.60044503105542,1.3939207217145628,16.258079783519733,38.40830813730585,-86.62281630933818,-87.70680745406857,-86.6253662380081,-87.71965297496101,1,1,1,1,0,0,0.0,-6.0,-6.0,5,2,-45.0,0.0,-45.0,0,0,-6.0,5,2,-45.0,-9.100036629154706,-9.100036629154706,1,-7.734730342657353,-8.774640428173049,0.22462279654013179,0.179635492068331,0.4042582886084628
14,1,0.0,-0.01,1.5,0.0,0.01,1.5,7.789172323807297,-0.8363731979678671,1.5,7.833947001112822,-6.1287317743899505,3.24782350830172,18.07564289074264,2.737095109848892,-2.853702239501697,1.5,3.954150491837117,-46.19484349666436,4.283695717158636,24.02886771154619,40.066111722274414,-85.88924434684566,-79.9360195260421,-85.89161130454062,-79.96772616866424,1,1,1,1,0,0,0.0,-6.0,-6.0,5,2,-45.0,0.0,-45.0,0,0,-6.0,5,2,-45.0,-40.51521011749547,-40.51521011749547,1,-6.926125163310026,-1.082713077220254,0.2665757978736537,0.8313447201121255,1.0979205179857792
15,1,0.0,-0.01,1.5,0.0,0.01,1.5,6.773929219591226,-0.6396488938479308,1.5,6.804062593732708,-5.394333260549241,4.040473089098233,19.29990287683761,5.040458340659569,-5.189289713532578,1.5,7.234289738108341,-45.83353059045936,1.3146897799300339,18.774773123328828,40.43919732991012,-84.66498436075068,-85.19011411425947,-84.6673840758261,-85.20734045630445,1,1,1,1,0,0,0.0,-6.0,-6.0,5,2,-45.0,0.0,-45.0,0,0,-6.0,5,2,-45.0,-28.742786911780716,-28.742786911780716,1,-5.7208967676659706,-6.280670654403442,0.3423971741840039,0.30505830188629185,0.6474554760702957
16,1,0.0,-0.01,1.5,0.0,0.01,1.5,4.365163303531579,-0.3933703482168325,1.5,4.382851913692153,-5.149348178743895,1.4786886462185227,23.12069845939154,4.1666492580662124,-4.46324999768561,1.5,6.105863295356712,-46.968422060956584,1.1871839727077842,20.24953422546712,41.81907388221269,-80.84418877819675,-83.71535301212118,-80.84774563015223,-83.73614870617759,1,1,1,1,0,0,0.0,-6.0,-6.0,5,2,-45.0,0.0,-45.0,0,0,-6.0,5,1,-48.0,-1.2952083869584705,-1.2447718402172439,0,-1.9208407133750518,-4.980075188961676,0.7159489841307424,0.3980021407954296,1.113951124926172
17,1,0.0,-0.01,1.5,0.0,0.01,1.5,6.371114451734765,-0.7001303830781688,1.5,6.4094681456742375,-6.271147787809227,4.828093801946142,19.81910864293072,3.4180680970123793,-3.5689094866202207,1.5,4.941690443512385,-46.236762613888125,1.6306569754547118,22.08926249454035,39.9656148260789,-84.14577859465757,-81.87562474304795,-84.1487389740565,-81.90101237558544,1,1,1,1,0,0,0.0,-6.0,-6.0,5,2,-45.0,0.0,-45.0,0,0,-6.0,5,2,-45.0,-40.76505881046159,-40.76505881046159,1,-5.186142180762788,-3.020204174763013,0.38179317314566247,0.583866630850219,0.9656598039958815
18,1,0.0,-0.01,1.5,0.0,0.01,1.5,4.435688037901136,-0.43401497131086947,1.5,4.456870804151856,-5.588382262988178,2.9709879234734236,22.975354558615457,4.221102716261277,-4.030719267098623,1.5,5.836472046655273,-43.67832421935674,2.964165828034459,20.641347010798718,38.08994195636856,-80.98953267897284,-83.32354022678958,-80.99332990670828,-83.3440964229181,1,1,1,1,0,0,0.0,-6.0,-6.0,5,2,-45.0,0.0,-45.0,0,0,-6.0,5,2,-45.0,-21.90329379669327,-21.90329379669327,1,-2.036434160142754,-4.474284767230489,0.701048816098134,0.4403362245401844,1.1413850406383184
19,1,0.0,-0.01,1.5,0.0,0.01,1.5,6.029312677528353,-0.7620773553176498,1.5,6.077283378195562,-7.203723002736363,1.538856921182735,20.28166878132357,5.14262736878877,-4.838328351941993,1.5,7.060880787509518,-43.253709281788794,3.6439768425198227,18.985328910769887,36.04998627905243,-83.68321845626471,-84.9795583268184,-83.68680313611107,-84.99641545159162,1,1,1,1,0,0,0.0,-6.0,-6.0,5,2,-45.0,0.0,-45.0,0,0,-6.0,5,3,-42.0,-24.03682531039742,-23.963428138419363,0,-4.797337747168013,-6.1958153659370785,0.412872737841686,0.3104733802297061,0.723346118071392
20,2,0.0,-0.01,1.5,0.0,0.01,1.5,4.559350323744762,-1.4402866498412652,1.5,4.7814329450848145,-17.53118817476786,3.3684654320463534,22.368373175787404,7.0708205378427555,-6.605839836468565,1.5,9.67644681809671,-43.052801383296114,4.743612446621723,16.245887337037402,25.521613208528255,-81.59651406180089,-87.71899990055088,-81.60745793237157,-87.73125555552257,1,1,1,1,7,1,-15.0,-3.0,-18.0,5,3,-45.0,3.0,-42.0,7,1,-18.0,5,3,-42.0,-55.929220792857485,-55.929220792857485,1,-2.6457516133267966,-8.826264003506196,0.6264690544890419,0.17763829672777873,0.8041073512168206
21,2,0.0,-0.01,1.5,0.0,0.01,1.5,6.780124698761443,-2.3640152455689605,1.5,7.180435851119166,-19.222049259189248,1.875270642499511,18.835037339922494,6.238802464575773,-5.54464040182079,1.5,8.346597712691091,-41.628604742576,1.1504151667530937,17.530799733138057,22.406555483386754,-85.12984989766579,-86.43408750445025,-85.1378137429255,-86.44791154724714,1,1,1,1,7,1,-15.0,-3.0,-18.0,5,3,-45.0,3.0,-42.0,7,1,-18.0,5,3,-42.0,-6.044001252018715,-6.044001252018715,1,-6.2466373580405135,-7.491205798716155,0.3072198895970139,0.23657024989074646,0.5437901394877603
22,2,0.0,-0.01,1.5,0.0,0.01,1.5,7.586151737851398,-2.415020714997238,1.5,7.961282763699048,-17.65866356444038,2.0771795688286274,17.937719507169618,1.744177377349926,-1.6576506530519144,1.5,2.406233656821944,-43.5429753163822,3.257818875008857,28.35218537487947,25.884311751941816,-86.02716773041868,-75.61270186270883,-86.03378493262272,-75.66243641590592,1,1,1,1,7,1,-15.0,-3.0,-18.0,5,3,-45.0,3.0,-42.0,7,1,-18.0,5,2,-45.0,-10.103527409779494,-10.080178811966608,0,-7.069368533018672,3.1656531843647318,0.25865709981031193,1.619571613134803,1.878228712945115
23,2,0.0,-0.01,1.5,0.0,0.01,1.5,6.788024319105869,-2.3571313764186748,1.5,7.185634452327093,-19.14948191815443,4.638996280093924,18.82873363715332,1.4775001124505265,-1.4220879215803186,1.5,2.050692721739644,-43.90518990212478,2.296467548558145,29.745434434285926,24.755707983970353,-85.13615360043497,-74.21945280330236,-85.14408394540426,-74.27819720939154,1,1,1,1,7,1,-15.0,-3.0,-18.0,5,3,-45.0,3.0,-42.0,7,1,-18.0,5,2,-45.0,-35.56155946623141,-35.48372676663544,0,-6.243658610017735,4.4795063387975755,0.30740973418809536,1.9279399664597903,2.2353497006478857
24,2,0.0,-0.01,1.5,0.0,0.01,1.5,6.862929215951281,-2.2288242345055105,1.5,7.215778190290825,-17.991869505791225,4.009995431110625,18.79212719899924,4.454835519789944,-4.2064981802017245,1.5,6.127004688134534,-43.35766813440731,4.461324217939106,20.218845187215454,25.365798628616087,-85.17276003858905,-83.74604205037285,-85.18019777393425,-83.76550736566344,1,1,1,1,7,1,-15.0,-3.0,-18.0,5,3,-45.0,3.0,-42.0,7,1,-18.0,5,3,-42.0,-59.5885707523024,-59.5885707523024,1,-6.20891434826854,-4.900709093772521,0.3096318759763289,0.4044026975323568,0.7140345735086857
25,2,0.0,-0.01,1.5,0.0,0.01,1.5,3.9749951496617535,-1.2200154814528898,1.5,4.158007240832944,-17.062428589781742,2.6876643911078753,23.5824815344995,4.467522326040008,-3.886066524760478,1.5,5.92117123283307,-41.01832015069552,1.512180844006691,20.515551626621125,23.95589156091378,-80.38240570308879,-83.44933561096717,-80.39466409448549,-83.46859030711185,1,1,1,1,7,1,-15.0,-3.0,-18.0,5,3,-45.0,3.0,-42.0,7,1,-18.0,5,3,-42.0,-8.422345306037073,-8.422345306037073,1,-1.4676851323453357,-4.557534465399476,0.7767214514568649,0.4331131699779118,1.2098346214347768
26,2,0.0,-0.01,1.5,0.0,0.01,1.5,5.797811986954221,-1.8636114231504708,1.5,6.089964808811868,-17.81914865368732,4.485843961584022,20.266137257904063,4.7678262035522625,-4.315911654088349,1.5,6.431116552603848,-42.151892041119154,3.236619735551971,19.797413614466947,24.332743387431833,-83.69874997968424,-84.16747362312135,-83.70747900338728,-84.18560226328228,1,1,1,1,7,1,-15.0,-3.0,-18.0,5,3,-45.0,3.0,-42.0,7,1,-18.0,5,3,-42.0,-48.632540805392274,-48.632540805392274,1,-4.737070091246371,-5.223260283608731,0.41788133905582253,0.3789355428268586,0.7968168818826811
27,2,0.0,-0.01,1.5,0.0,0.01,1.5,7.85702792510094,-2.4729726864244452,1.5,8.237018982837014,-17.471217271422624,4.719822904830041,17.641838838505343,1.6175109561394923,-1.5369031103341326,1.5,2.2312357257327218,-43.53618315283692,2.538664345126946,29.00997855556629,26.064965881414295,-86.32304839908295,-74.954908682022,-86.32938117578334,-75.00853778571754,1,1,1,1,7,1,-15.0,-3.0,-18.0,5,3,-45.0,3.0,-42.0,7,1,-18.0,5,2,-45.0,-39.26336956088234,-39.252261257159006,0,-7.3739216576263225,3.8191378709269417,0.24253063287904278,1.7695293290608531,2.012059961939896
28,2,0.0,-0.01,1.5,0.0,0.01,1.5,5.492881777686572,-1.793541383254389,1.5,5.7782818308808075,-18.08294895133532,2.0249582809567497,20.722757680199294,2.841154320183242,-2.412774753500819,1.5,3.727417320642651,-40.338694762825085,1.9429300115566308,24.54099702599497,22.255745811489763,-83.242129557389,-79.42389021159332,-83.25145959002037,-79.45405788286581,1,1,1,1,7,1,-15.0,-3.0,-18.0,5,3,-45.0,3.0,-42.0,7,1,-18.0,5,4,-39.0,-5.747082275249364,-5.709555243381688,0,-4.279228793249802,-0.6452075284637261,0.45766409453858414,0.8968099847488855,1.3544740792874697
29,2,0.0,-0.01,1.5,0.0,0.01,1.5,5.481486501703825,-1.7600198935570457,1.5,5.7571142331968534,-17.801014968842708,4.74732156803915,20.75458379263177,2.381003949922482,-2.0264257818226636,1.5,3.1265925955874163,-40.400454756930486,4.969477193604505,26.070649511972302,22.59943978808778,-83.21030344495652,-77.894237725616,-83.21952925754758,-77.93024708868282,1,1,1,1,7,1,-15.0,-3.0,-18.0,5,3,-45.0,3.0,-42.0,7,1,-18.0,5,4,-39.0,-64.24556843999486,-64.1582547216246,0,-4.249165384634645,0.8862627328980912,0.46038572573592546,1.1547020751454797,1.6150878008814051
30,3,0.0,-0.01,1.5,0.0,0.01,1.5,8.124123168954332,4.945057401278444,1.5,9.510781774716486,31.328378710925772,2.8688854416812664,16.394499584631607,4.514381995206224,1.6597170044363199,1.5,4.809813440608399,20.18600136996186,1.5396724723469455,22.317730819790977,11.142377340963911,-87.57988400386566,-81.65961912496336,-87.57038765295668,-81.6471564177973,1,1,1,1,2,3,30.0,3.0,33.0,1,3,15.0,3.0,18.0,2,3,33.0,1,4,21.0,-15.66784933748734,-15.59214910514424,0,-8.831097528864042,-3.2362533145550954,0.17745237090869045,0.5603738447046661,0.7378262156133566
31,3,0.0,-0.01,1.5,0.0,0.01,1.5,3.6116624196206484,2.413191378645395,1.5,4.343684848520728,33.74951416351129,1.044335285611159,23.20801244899744,4.240899504185697,1.274907964846064,1.5,4.428387846996967,16.73193742019541,3.2320976428309516,23.03479240705532,17.01757674331588,-80.77909282876284,-80.94138682070012,-80.75687478859086,-80.93009483053297,1,1,1,1,2,3,30.0,3.0,33.0,1,3,15.0,3.0,18.0,2,4,36.0,1,3,18.0,-11.796717552084639,-11.762795718865547,0,-1.9774526676062767,-2.1556353322325252,0.7086212935717954,0.6859369965531512,1.3945582901249467
32,3,0.0,-0.01,1.5,0.0,0.01,1.5,6.068327132642788,3.9319739939954643,1.5,7.230837688554852,32.941229325402524,3.873630985702269,18.7768348850065,9.394660416796578,2.891751248553214,1.5,9.829642395857213,17.108782016825845,4.002836230100195,16.105919434502354,15.832447308576679,-85.20111598473925,-87.8641650802077,-85.18805235258179,-87.85896780308593,1,1,1,1,2,3,30.0,3.0,33.0,1,3,15.0,3.0,18.0,2,3,33.0,1,3,18.0,-54.355377521837404,-54.355377521837404,1,-6.302100143375639,-8.961427458289226,0.3037042477345213,0.172507556405021,0.47621180413954234
33,3,0.0,-0.01,1.5,0.0,0.01,1.5,4.10913953930708,2.7564003693139303,1.5,4.948006745089458,33.85360864522972,2.401802774445847,22.075245684100548,9.235248246631558,3.021920447168652,1.5,9.717088728931483,18.118921366605104,2.484974154610797,16.206131451326346,15.734687278624616,-81.90919986848363,-87.76431736268532,-81.88964155348773,-87.75875578626196,1,1,1,1,2,3,30.0,3.0,33.0,1,3,15.0,3.0,18.0,2,3,33.0,1,3,18.0,-16.554622749990536,-16.554622749990536,1,-3.0822280854668045,-8.831853901043328,0.5770417208590165,0.17742329293808,0.7544650137970965
34,3,0.0,-0.01,1.5,0.0,0.01,1.5,8.136975514229743,4.996877700289721,1.5,9.548777789373208,31.55388651341198,2.255116667237396,16.359880337264755,5.380365005668567,1.7965848183705992,1.5,5.672393198978949,18.464940203125643,4.388834784093715,20.88359065788577,13.088946310286339,-87.61452672130375,-83.09099630437778,-87.60500690032353,-83.08129657970252,1,1,1,1,2,3,30.0,3.0,33.0,1,3,15.0,3.0,18.0,2,3,33.0,1,3,18.0,-38.86011982123987,-38.86011982123987,1,-8.822870048737375,-4.250552216807098,0.17776895757323607,0.4602598745573938,0.6380288321306299
35,3,0.0,-0.01,1.5,0.0,0.01,1.5,6.4613415486700365,3.9137993101408193,1.5,7.554254407195224,31.204358188136343,3.929274234959763,18.396198835992358,7.874839943784801,3.0485157588554093,1.5,8.444320722960395,21.162465978146862,1.0007175572888953,17.426492604028603,10.04189220998948,-85.58060275510206,-86.54582177082088,-85.56868840159594,-86.53839463355968,1,1,1,1,2,3,30.0,3.0,33.0,1,3,15.0,3.0,18.0,2,2,30.0,1,3,18.0,-27.614958944070285,-27.557066333907496,0,-6.897625159260975,-8.241512947168077,0.26817741981883353,0.20152878935723773,0.46970620917607125
36,3,0.0,-0.01,1.5,0.0,0.01,1.5,7.375021328910063,4.439209279919946,1.5,8.607991556269425,31.044783995661692,3.5912332097429847,17.261242005963734,9.384063424637496,3.0150974687436256,1.5,9.856543973606744,17.81220020944054,4.569246870671857,16.082276905965283,13.232583786221152,-86.71405319067247,-87.88800113233185,-86.70364523162456,-87.88261033162301,1,1,1,1,2,3,30.0,3.0,33.0,1,3,15.0,3.0,18.0,2,2,30.0,1,3,18.0,-61.13439906037897,-61.076258888360435,0,-8.042628873416252,-8.95192497081587,0.2103156079952887,0.17286366007507453,0.38317926807036323
37,3,0.0,-0.01,1.5,0.0,0.01,1.5,6.467691227936171,3.9008204616852704,1.5,7.552974916827473,31.09519120628868,2.1029937431983736,18.39765264899515,9.300205748537495,3.3124178200542187,1.5,9.872483921472986,19.604174382473147,3.834257129547101,16.068497126040256,11.491016823815531,-85.579113240201,-87.9022935893815,-85.56723458859315,-87.89639011154804,1,1,1,1,2,3,30.0,3.0,33.0,1,3,15.0,3.0,18.0,2,2,30.0,1,3,18.0,-33.2174179172627,-33.20297224348006,0,-6.921679135257812,-9.129571156916935,0.26682507785187515,0.16631957328991917,0.43314465114179435
38,3,0.0,-0.01,1.5,0.0,0.01,1.5,5.758640993949709,3.8751730280610985,1.5,6.941103089179005,33.937866753587464,3.5356731649917754,19.132490557025193,4.176500175986066,1.501256749997261,1.5,4.438121849321397,19.77114145459841,2.458108668035853,23.01669670763031,14.166725298989054,-84.84636867275925,-80.96143146299784,-84.83239668056311,-80.948190529958,1,1,1,1,2,3,30.0,3.0,33.0,1,3,15.0,3.0,18.0,2,4,36.0,1,4,21.0,-26.19285124460207,-26.15081130070891,0,-5.977440307364441,-2.4574987624135134,0.32480697827804356,0.648807384474751,0.9736143627527944
39,3,0.0,-0.01,1.5,0.0,0.01,1.5,6.1274215037267075,4.135045040574528,1.5,7.392150686499326,34.013153898759036,1.5136259674130454,18.58523187037859,5.806399058793938,1.872280906405943,1.5,6.100795507346184,17.87198373125758,1.2099721488576547,20.250707845678434,16.141170167501457,-85.39280007734824,-83.72291633397305,-85.3796553672097,-83.71417939190985,1,1,1,1,2,3,30.0,3.0,33.0,1,3,15.0,3.0,18.0,2,3,33.0,1,3,18.0,-3.5759677911659464,-3.5759677911659464,1,-6.524719784994457,-4.835859015094818,0.2899542029329551,0.40969862053636047,0.6996528234693156
40,4,0.0,-0.01,1.5,0.0,0.01,1.5,5.116419652688309,4.815043162355903,1.5,7.025837367728169,43.261856902968205,2.3794217240018725,19.028589155282095,4.464093967222825,5.729623723493077,1.5,7.263382336144083,52.07694684227355,3.0628218854048175,18.740735762521453,8.815089939305345,-84.95324422654156,-85.24301717364844,-84.93629808230621,-85.22415147506685,1,1,1,1,3,1,45.0,-3.0,42.0,3,4,45.0,6.0,51.0,3,1,42.0,4,0,54.0,-23.612600916498344,-23.573006190880825,0,-6.569219859979555,-6.604665453750948,0.2872739589476914,0.2851551088912228,0.5724290678389142
41,4,0.0,-0.01,1.5,0.0,0.01,1.5,6.955590245071982,5.947652341867413,1.5,9.151765077680995,40.533405528542716,2.3032929218311535,16.730147965853106,5.6445921729633,6.530440827659685,1.5,8.631806195845865,49.16147597647007,2.090486199627158,17.23965847817468,8.628070447927357,-87.24707538379081,-86.74045543813031,-87.23473927173518,-86.72522875941361,1,1,1,1,3,1,45.0,-3.0,42.0,3,4,45.0,6.0,51.0,3,0,39.0,3,4,51.0,-15.720193884339814,-15.660884302408354,0,-8.561838169636962,-8.310360157372877,0.18809288908471572,0.1985675951990367,0.38666048428375244
42,4,0.0,-0.01,1.5,0.0,0.01,1.5,5.938507544402085,5.496651868448913,1.5,8.09191285283297,42.78718633431702,1.384954415270248,17.800345085094506,4.706881863792242,5.732795726545177,1.5,7.4175254446473575,50.61247279436167,3.8241278696946863,18.557948511969762,7.8252864600446514,-86.17912463284858,-85.4250383516698,-86.16454215249378,-85.40693872561853,1,1,1,1,3,1,45.0,-3.0,42.0,3,4,45.0,6.0,51.0,3,1,42.0,3,4,51.0,-27.389692328568707,-27.389692328568707,1,-7.593673627117742,-6.826660431305781,0.2314734681401458,0.2722035493261687,0.5036770174663145
43,4,0.0,-0.01,1.5,0.0,0.01,1.5,5.825584665352168,6.000868639664196,1.5,8.363483791082013,45.849138485575764,1.7318565019125822,17.51378539471026,3.0751765418896966,3.7996223347017493,1.5,4.888132634263624,51.01545799165757,2.632626689712445,22.18503361897035,5.1663195060818055,-86.46600499901281,-81.80747791708585,-86.45110184287803,-81.77985361861793,1,1,1,1,3,1,45.0,-3.0,42.0,3,4,45.0,6.0,51.0,3,1,42.0,3,4,51.0,-13.008636008989606,-13.008636008989606,1,-8.819582926115867,-3.573670358867816,0.17789559166660796,0.5252373212347143,0.7031329129013223
44,4,0.0,-0.01,1.5,0.0,0.01,1.5,4.04932138297653,3.7132636436514486,1.5,5.494117813616176,42.52109966510329,1.7231173919409257,21.16680279622298,6.345909563057494,7.12189680812417,1.5,9.538971764717296,48.2976187756181,2.8859767385323494,16.370846700464,5.776519110514805,-82.81945488638601,-87.60763823912866,-82.79808444136532,-87.5940405371243,1,1,1,1,3,1,45.0,-3.0,42.0,3,4,45.0,6.0,51.0,3,1,42.0,3,4,51.0,-17.620314208423164,-17.620314208423164,1,-4.5531298301611836,-9.369649571959924,0.43349277311036866,0.15784641859349885,0.5913391917038675
45,4,0.0,-0.01,1.5,0.0,0.01,1.5,2.142798683587073,1.8630381400346976,1.5,2.8394536991482076,41.00505084664368,2.2212418417947632,26.90944647358257,5.157057106592477,6.1185908463228,1.5,8.002024240488224,49.87412030258286,4.731460403253447,17.89838271201993,8.869069455939183,-77.09558330293136,-86.08310553813999,-77.05544076400572,-86.06650452556836,1,1,1,1,3,1,45.0,-3.0,42.0,3,4,45.0,6.0,51.0,3,1,42.0,4,0,54.0,-42.01723588286966,-41.92483737353278,0,0.1929768478305391,-7.545477879665441,1.0324087939241544,0.2338580057990948,1.2662667997232493
46,4,0.0,-0.01,1.5,0.0,0.01,1.5,7.045553021985444,6.2790186203239085,1.5,9.4374727665823,41.70752398913986,4.776513986858161,16.46308622580934,6.219543286535994,7.3827614390302525,1.5,9.653387237582827,49.887828663470074,4.465131744616555,16.267364871269585,8.180304674330216,-87.5140471628861,-87.71128480442498,-87.50180101177895,-87.69752236631871,1,1,1,1,3,1,45.0,-3.0,42.0,3,4,45.0,6.0,51.0,3,1,42.0,3,4,51.0,-78.81811616015516,-78.81811616015516,1,-8.75870726155799,-9.060076591983254,0.18025615540304069,0.16885128946699932,0.34910744487004
47,4,0.0,-0.01,1.5,0.0,0.01,1.5,3.8073610142797767,3.319738252582556,1.5,5.051401781557018,41.0860297953987,2.19920118698689,21.897137612934312,3.931204503096775,4.8333272302919426,1.5,6.2302023209724045,50.87669087865267,1.609018490573923,20.074853615990538,9.790661083253966,-82.09035082870949,-83.91166642058462,-82.06774962465397,-83.89003362159775,1,1,1,1,3,1,45.0,-3.0,42.0,3,4,45.0,6.0,51.0,3,1,42.0,4,0,54.0,-7.9607407985380165,-7.92938217698395,0,-3.761205648489158,-5.422935021630626,0.506510389871287,0.36388214065403757,0.8703925305253246
48,4,0.0,-0.01,1.5,0.0,0.01,1.5,7.009388930415601,6.301231055646337,1.5,9.42534063015627,41.9545941256855,2.4114682299615815,16.474297279550825,5.392743122827318,6.851773462909822,1.5,8.719431058035644,51.79520232418368,3.0781581356289727,17.15214517922383,9.840608198498174,-87.50291030719009,-86.8283981642792,-87.49058995803748,-86.81274205836446,1,1,1,1,3,1,45.0,-3.0,42.0,3,4,45.0,6.0,51.0,3,1,42.0,3,4,51.0,-26.042524183122868,-26.042524183122868,1,-8.75512900395885,-8.094165760272455,0.18039582005306926,0.2080050991342113,0.3884009191872806
49,4,0.0,-0.01,1.5,0.0,0.01,1.5,7.479836661814058,6.537382310674312,1.5,9.934048719597417,41.153480382474285,2.8863913039528044,16.017305227826306,4.804505577645958,5.770910791041993,1.5,7.509106817977491,50.221314870960825,3.46519314142434,18.451202948894696,9.06783448848654,-87.95908942332831,-85.53146250169632,-87.94758200976199,-85.5136842886936,1,1,1,1,3,1,45.0,-3.0,42.0,3,4,45.0,6.0,51.0,3,0,39.0,3,4,51.0,-34.89573477919991,-34.827659394213924,0,-9.195658202657025,-6.9787864239019015,0.16394525231234883,0.2636392765142762,0.427584528826625
50,5,0.0,-0.01,1.5,0.0,0.01,1.5,5.3257671820605506,-6.941682347094588,1.5,8.749328539121034,-52.5040161323235,2.9878552636994278,17.122462021594853,1.5301231759103202,-1.4330787545035404,1.5,2.0964235378537666,-43.12424218845566,1.8785289726399008,29.552812452395937,9.37977394386784,-86.84242521599344,-74.41207478519235,-86.85817859868507,-74.46871858806865,1,1,1,1,5,0,-45.0,-6.0,-51.0,5,3,-45.0,3.0,-42.0,5,0,-51.0,5,3,-42.0,-15.276156262722113,-15.276156262722113,1,-8.176048122489416,0.757935495255858,0.2043826217884391,1.1313760353688473,1.3357586571572864
51,5,0.0,-0.01,1.5,0.0,0.01,1.5,3.1796184322206664,-3.7405764936551145,1.5,4.909367156712014,-49.634321534481984,1.1292364453596773,22.147051271715775,3.32730101475575,-3.1884430073363528,1.5,4.608372907418271,-43.77914576828354,3.3237439540057365,22.69616504853424,5.8551757661984425,-81.81783596587252,-81.26872218905405,-81.84479666323128,-81.29480250972144,1,1,1,1,5,0,-45.0,-6.0,-51.0,5,3,-45.0,3.0,-42.0,5,0,-51.0,5,3,-42.0,-15.582071245089667,-15.582071245089667,1,-3.9261895464773855,-3.670173352485062,0.49049929602035847,0.5155300795993438,1.0060293756197023
52,5,0.0,-0.01,1.5,0.0,0.01,1.5,2.2598871027813647,-2.8996375306107476,1.5,3.6762735924090233,-52.06826016180124,3.1258165205007096,24.664564340085317,1.8371176250834913,-1.7420053351360827,1.5,2.5317155756591188,-43.47776938644487,2.660326062991289,27.909382318923257,8.590490775356372,-79.30032289750298,-76.05550491866504,-79.33759404552907,-76.10271769178094,1,1,1,1,5,0,-45.0,-6.0,-51.0,5,3,-45.0,3.0,-42.0,5,0,-51.0,5,3,-42.0,-14.952280148820057,-14.952280148820057,1,-1.4111203285583462,-0.20601106261256555,0.7845738153880046,0.9661880510805555,1.7507618664685602
53,5,0.0,-0.01,1.5,0.0,0.01,1.5,2.764039884730523,-3.1626945055785884,1.5,4.200303919956045,-48.8481347769028,4.1316749503671595,23.504037029080763,2.141762749206204,-1.9853209691663545,1.5,2.9203847391223903,-42.82917795610963,3.099295410300389,26.665493038700365,6.018956820793171,-80.46085020850754,-77.29939419888792,-80.49199175816689,-77.33983335328547,1,1,1,1,5,0,-45.0,-6.0,-51.0,5,3,-45.0,3.0,-42.0,5,0,-51.0,5,3,-42.0,-33.56481013511559,-33.56481013511559,1,-3.188712103439414,-0.5722287790226132,0.5654760372926989,0.9080833949807694,1.4735594322734684
54,5,0.0,-0.01,1.5,0.0,0.01,1.5,3.147168311200401,-4.48722106464808,1.5,5.480859536792147,-54.955622712976094,3.9316271657636386,21.190084090093325,3.9121620394117276,-3.475825889087611,1.5,5.2331995408034855,-41.6200252412149,4.1054864163270315,21.589755148254525,13.335597471761197,-82.77480314749496,-82.37513208933377,-82.8007528518281,-82.3971810100005,1,1,1,1,5,0,-45.0,-6.0,-51.0,5,3,-45.0,3.0,-42.0,5,0,-51.0,5,3,-42.0,-50.28478093245852,-50.28478093245852,1,-4.868505954182783,-4.062874583082393,0.4070250832703916,0.47755831280161476,0.8845833960720064
55,5,0.0,-0.01,1.5,0.0,0.01,1.5,3.042570758024554,-3.5194037551815893,1.5,4.652251026070323,-49.1561549201504,1.2386736706842094,22.6149418547078,2.536724459358672,-2.276396851342549,1.5,3.4083652397462947,-41.90405603318642,1.2061228525444405,25.320171630369686,7.252098886963978,-81.34994538288049,-78.64471560721861,-81.37819311478792,-78.67875699729207,1,1,1,1,5,0,-45.0,-6.0,-51.0,5,3,-45.0,3.0,-42.0,5,0,-51.0,5,4,-39.0,-0.021403153844286038,0.010298554232114565,0,-3.7238287335740066,-1.139405612890911,0.5101977313767496,0.8231262690363996,1.3333240004131492
56,5,0.0,-0.01,1.5,0.0,0.01,1.5,4.178659496716766,-4.760079568027353,1.5,6.333999738194871,-48.72156008045747,3.737579813639061,19.930823886092163,5.538566354618971,-4.950844697227347,1.5,7.428767090209615,-41.79307081074054,3.566373372286488,18.543533855508073,6.928489269716934,-84.03406335149613,-85.42135338208021,-84.05467473811427,-85.43693750328993,1,1,1,1,5,0,-45.0,-6.0,-51.0,5,3,-45.0,3.0,-42.0,5,1,-48.0,5,4,-39.0,-44.46126329533448,-44.39652998045637,0,-6.056663318635693,-6.806819144121617,0.31954003934906033,0.27333901529013266,0.592879054639193
57,5,0.0,-0.01,1.5,0.0,0.01,1.5,5.1303521791787965,-6.355775620534566,1.5,8.168010603628412,-51.089694485161175,2.3302503583656673,17.720028061007696,5.086797818025139,-5.0348520355674395,1.5,7.157181502625381,-44.70595228928294,1.4787315049916363,18.867775438460804,6.383742195878234,-86.2448591765806,-85.09711179912749,-86.26140889055091,-85.11418690734078,1,1,1,1,5,0,-45.0,-6.0,-51.0,5,3,-45.0,3.0,-42.0,5,0,-51.0,5,2,-45.0,-11.307260955027017,-11.272904241993855,0,-7.563372452605048,-7.146416430308595,0.23297002263865274,0.25448714441180603,0.4874571670504588
58,5,0.0,-0.01,1.5,0.0,0.01,1.5,3.5994083696079953,-4.401425832269289,1.5,5.685797214830255,-50.724305793863216,3.1028813854595927,20.87007906963632,2.7646206435349336,-2.8016800513158255,1.5,3.9360562003864423,-45.381459141501566,1.5822161221502453,24.068559880247477,5.342846652361651,-83.09480816795198,-79.89632735734082,-83.11845966734472,-79.92774069901294,1,1,1,1,5,0,-45.0,-6.0,-51.0,5,3,-45.0,3.0,-42.0,5,0,-51.0,5,3,-42.0,-15.659639802351405,-15.659639802351405,1,-4.7425589843034786,-3.4694230826353882,0.41742302018799304,0.5358933071316991,0.9533163273196922
59,5,0.0,-0.01,1.5,0.0,0.01,1.5,3.896322017813041,-4.325356121854457,1.5,5.821514480559034,-47.98717202301683,3.2036824178578316,20.664446408191694,2.9548296840727746,-2.567286990929153,1.5,3.91433020524223,-40.985558610310925,4.326604019237551,24.115479058240602,7.0016134127059075,-83.30044082939659,-79.84940817934769,-83.32261373887764,-79.87851609189958,1,1,1,1,5,0,-45.0,-6.0,-51.0,5,3,-45.0,3.0,-42.0,5,0,-51.0,5,4,-39.0,-41.349510219332444,-41.331509760074816,0,-5.740519987463404,-1.8925683554969215,0.3410224198023165,0.7196303267269373,1.0606527465292537
60,6,0.0,-0.01,1.5,0.0,0.01,1.5,2.125061412293558,-1.9614722141927234,1.5,2.8919300221598023,-42.70760024284624,1.8088547770448957,26.750689907353355,4.724059774503547,5.875099669306064,1.5,7.538802085037299,51.1978773940962,1.718377364137357,18.417011103279634,93.90547763694244,-77.21419733023494,-85.56583406391533,-77.25494029559715,-85.54787613430867,1,1,1,1,5,3,-45.0,3.0,-42.0,3,4,45.0,6.0,51.0,5,3,-42.0,3,4,51.0,-2.99350714096794,-2.99350714096794,1,1.7174606776763723,-6.586034179663366,1.3132847888280592,0.2862670723474748,1.599551861175534
61,6,0.0,-0.01,1.5,0.0,0.01,1.5,3.417096195914824,-2.821753638310322,1.5,4.431573084972547,-39.549052720616736,1.0212661243522847,23.03539541525168,2.549175868865291,3.3208254901717527,1.5,4.186428017603978,52.48895917179282,4.535545321134931,23.533669266419956,92.03801189240956,-80.92949182233662,-80.46413435260058,-80.9544527388255,-80.43121797116834,1,1,1,1,5,3,-45.0,3.0,-42.0,3,4,45.0,6.0,51.0,5,4,-39.0,3,4,51.0,-27.3244359598557,-27.23472658125639,0,-2.2888314278304973,-1.588050672257912,0.6693532940274788,0.7602099751840078,1.4295632692114866
62,6,0.0,-0.01,1.5,0.0,0.01,1.5,6.70450651348312,-6.25284530518493,1.5,9.167795918317053,-43.00361926631895,4.209203727584617,16.715240805399585,1.674997958616056,2.038971959958578,1.5,2.6387544059395296,50.597189452913575,3.9716332650317,27.55154492869496,93.60080871923253,-87.2496464321887,-76.46421049995072,-87.26257025005413,-76.41334230889333,1,1,1,1,5,3,-45.0,3.0,-42.0,3,4,45.0,6.0,51.0,5,3,-42.0,3,4,51.0,-42.910958794286394,-42.910958794286394,1,-8.339306383672305,2.53514423451594,0.19733474473067453,1.4816751145412859,1.6790098592719604
63,6,0.0,-0.01,1.5,0.0,0.01,1.5,3.79903719678378,-3.2443863535696784,1.5,4.995870938462674,-40.49740172502518,4.613724119316034,21.993141151927944,4.614394521157625,5.75904921861032,1.5,7.379653426771859,51.29681236998523,2.90466074416119,18.60254578027324,91.7942140950104,-81.97174608566036,-85.3807121522122,-81.99432687528456,-85.36234145731505,1,1,1,1,5,3,-45.0,3.0,-42.0,3,4,45.0,6.0,51.0,5,4,-39.0,3,4,51.0,-45.400034221067365,-45.39847711924153,0,-3.129849744637783,-6.403160068446876,0.5718457344456264,0.2973911608431438,0.8692368952887701
64,6,0.0,-0.01,1.5,0.0,0.01,1.5,6.245195562743635,-5.824279913678896,1.5,8.539596250982608,-43.00265385983485,4.235282346261108,17.332268149883724,6.448201876732191,7.401127530063932,1.5,9.81610901321714,48.936125528491075,3.0246211963700786,16.12196320728821,91.93877938832593,-86.63261908770457,-87.85626774563524,-86.64649422095957,-87.84292403030008,1,1,1,1,5,3,-45.0,3.0,-42.0,3,4,45.0,6.0,51.0,5,3,-42.0,3,3,48.0,-48.099059743023375,-48.01582394559357,0,-7.722273325887274,-9.106554804948411,0.22522017027798266,0.16715407673949456,0.39237424701747725
65,6,0.0,-0.01,1.5,0.0,0.01,1.5,7.2063204039331366,-6.926884833580809,1.5,9.995638411919215,-43.86732041294721,2.997117732648393,15.963888114922007,2.6874638147925953,3.186077233897952,1.5,4.168159053608966,49.85228804644992,1.5161534146328854,23.57112450725859,93.71960845939714,-88.00099912266629,-80.4256197231431,-88.01304183673409,-80.3937627303297,1,1,1,1,5,3,-45.0,3.0,-42.0,3,4,45.0,6.0,51.0,5,2,-45.0,3,4,51.0,-16.237739916919384,-16.18551691482418,0,-9.223258279734274,-1.5024710261733714,0.16296316341478306,0.7719219902774792,0.9348851536922622
66,6,0.0,-0.01,1.5,0.0,0.01,1.5,6.2241617643655776,-5.3110394340729625,1.5,8.182134778850106,-40.47392502866434,3.228390908150519,17.703636133050075,2.376644892433148,2.993358104593244,1.5,3.8221242375232425,51.55138095861946,1.6547917799283325,24.325786445908598,92.0253059872838,-86.26125110453822,-79.6746973713539,-86.27503310760804,-79.6391007916797,1,1,1,1,5,3,-45.0,3.0,-42.0,3,4,45.0,6.0,51.0,5,4,-39.0,3,4,51.0,-17.902557175783663,-17.897029980227696,0,-7.421805302662192,-0.6941702148174251,0.24008070677477336,0.8893032415405101,1.1293839483152834
67,6,0.0,-0.01,1.5,0.0,0.01,1.5,5.786756511431354,-5.318485270117942,1.5,7.859569739563018,-42.58545723044422,1.4204275683153695,18.053580198448152,4.672918852757031,6.019408567512212,1.5,7.620331364651507,52.17750160127076,2.3727251461121313,18.32360668934754,94.76295883171498,-85.91130703914015,-85.65928895647525,-85.92626346121341,-85.64128054824074,1,1,1,1,5,3,-45.0,3.0,-42.0,3,4,45.0,6.0,51.0,5,3,-42.0,3,4,51.0,-10.920144060781706,-10.920144060781706,1,-6.965637291065278,-6.751523999397493,0.26436973079968745,0.2765261466311994,0.5408958774308869
68,6,0.0,-0.01,1.5,0.0,0.01,1.5,4.551716106170618,-4.1925269538732115,1.5,6.188327865435573,-42.647771352150016,4.502269201520935,20.132120128906877,1.3209313550778716,1.5970518848656776,1.5,2.0725429712748724,50.40564189040154,3.8843781125817465,29.656320220579232,93.05341324255156,-83.83276710868142,-74.37315394794803,-83.85178636929928,-74.30856701700905,1,1,1,1,5,3,-45.0,3.0,-42.0,3,4,45.0,6.0,51.0,5,3,-42.0,3,4,51.0,-38.58217792367449,-38.58217792367449,1,-4.891745150702008,4.624931505610236,0.405131180978837,1.9637091720830073,2.3688403530618443
69,6,0.0,-0.01,1.5,0.0,0.01,1.5,1.9050941961863965,-1.6551024882577914,1.5,2.5236378787338376,-40.9833685726781,2.110923478851217,27.936099696365133,5.299439837415509,6.208514367682652,1.5,8.1627025698667,49.516718879234645,2.8320480031439934,17.725493326518386,90.50008745191275,-76.02878754122317,-86.25558073027223,-76.073930969164,-86.2393939110699,1,1,1,1,5,3,-45.0,3.0,-42.0,3,4,45.0,6.0,51.0,5,3,-42.0,3,4,51.0,-12.244302290404033,-12.244302290404033,1,2.8723460988900964,-7.3930597792085955,1.554573292377337,0.24154870496186562,1.7961219973392026
70,7,0.0,-0.01,1.5,0.0,0.01,1.5,4.388084108620217,-1.228380597529155,1.5,4.556775289249116,-15.638820442633977,2.247888601763141,22.78604776745969,2.6285656078381434,-0.0012610693701844348,1.5,2.628565910340744,-0.027487975504921103,2.315168949777649,27.559654145806473,15.611332467129056,-81.1788394701286,-76.40523309178181,-81.18911777570554,-76.40526478506793,1,1,1,1,7,2,-15.0,0.0,-15.0,0,2,0.0,0.0,0.0,7,1,-18.0,0,2,0.0,-4.70730322393722,-4.643814311400305,0,-2.361737333134813,2.091395124896342,0.6604103703174885,1.388795651584273,2.0492060219017616
71,7,0.0,-0.01,1.5,0.0,0.01,1.5,4.699604283918869,-1.1716753833923168,1.5,4.843459882096281,-13.999224458847408,3.3717074854057234,22.255285837847765,2.3428537158861267,0.005886346713677034,1.5,2.3428611105055,0.1439535518172237,1.089607401402788,28.559161493432967,14.14317801066463,-81.70960139974054,-75.40591270551975,-81.71827970662044,-75.40572574415533,1,1,1,1,7,2,-15.0,0.0,-15.0,0,2,0.0,0.0,0.0,7,2,-15.0,0,3,3.0,-13.347420261511417,-13.257349264249855,0,-2.9994738853263563,3.0102058694381073,0.5861622781171203,1.584941664068478,2.1711039421855984
72,7,0.0,-0.01,1.5,0.0,0.01,1.5,6.208478487703846,-1.789567284101599,1.5,6.461250358607706,-16.079399521423827,2.656499636317337,19.75146187178464,9.768972433078687,0.2653887696636834,1.5,9.772576609948624,1.5561429316919089,1.1529962802516902,16.154132964122965,17.635542453115736,-84.21342536580366,-87.81123719730016,-84.22087278614808,-87.81075427346534,1,1,1,1,7,2,-15.0,0.0,-15.0,0,2,0.0,0.0,0.0,7,2,-15.0,0,3,3.0,-11.860118963896054,-11.827374976915696,0,-5.364085364205334,-8.994748553678184,0.36826328373042555,0.171264305088736,0.5395275888191615
73,7,0.0,-0.01,1.5,0.0,0.01,1.5,2.9525994724512628,-0.7535876172595589,1.5,3.0472508826163978,-14.317845432088486,2.920655020978809,26.282922502527256,6.430009530022456,-0.24771604925463522,1.5,6.434779389943212,-2.206228256313217,3.2914892242817575,19.783913884620354,12.111617175775269,-77.68196473506103,-84.18097335296794,-77.69606409954247,-84.18201240695001,1,1,1,1,7,2,-15.0,0.0,-15.0,0,2,0.0,0.0,0.0,7,2,-15.0,0,2,0.0,-22.172009269016872,-22.172009269016872,1,0.8161489807691715,-5.648089582097008,1.1419188208375908,0.34754085472797114,1.4894596755655618
74,7,0.0,-0.01,1.5,0.0,0.01,1.5,4.123150944060627,-0.9368887090739996,1.5,4.2282542686903755,-12.801741570346813,3.3715754762474206,23.435386272411826,2.0752768828419565,-0.018900796647103507,1.5,2.075362951527304,-0.5218127494940523,4.662796424094813,29.612477467849388,12.27992882085276,-80.52950096517647,-74.3524097697389,-80.53860454434002,-74.35317230671072,1,1,1,1,7,2,-15.0,0.0,-15.0,0,2,0.0,0.0,0.0,7,1,-18.0,0,2,0.0,-29.024302555075238,-28.96234303326342,0,-2.2069593357666304,3.738895177972654,0.6795091861341316,1.7507427919930796,2.4302519781272114
75,7,0.0,-0.01,1.5,0.0,0.01,1.5,7.1777687010240365,-1.4220857060218275,1.5,7.317287153082889,-11.206523004535098,2.227752455819394,18.66937462989972,2.413165920818061,0.0029973700153869873,1.5,2.4131677823194746,0.07116649614579007,3.6075685039799845,28.302296521759164,11.27768950068089,-85.29551260768856,-75.66267880848302,-85.3001257291516,-75.66259071582913,1,1,1,1,7,2,-15.0,0.0,-15.0,0,2,0.0,0.0,0.0,7,1,-18.0,0,2,0.0,-14.691238518750978,-14.630419835431802,0,-7.31047200728316,2.7704297788873165,0.24581234592827184,1.5323323686306336,1.7781447145589055
76,7,0.0,-0.01,1.5,0.0,0.01,1.5,3.0583990168162725,-0.8865478403518612,1.5,3.1843008054038,-16.165456078882134,2.7871287431021847,25.901354622672912,7.172104405209319,-0.06895822909853097,1.5,7.172435906760222,-0.5508695250762594,3.565227872127114,18.840852160046502,15.614586553805875,-78.06353261491539,-85.12403507754179,-78.07872139650799,-85.1242682238353,1,1,1,1,7,2,-15.0,0.0,-15.0,0,2,0.0,0.0,0.0,7,2,-15.0,0,2,0.0,-25.469677697885437,-25.469677697885437,1,0.6209471854336183,-6.255160688978643,1.1068205526464607,0.3066772530798532,1.413497805726314
77,7,0.0,-0.01,1.5,0.0,0.01,1.5,3.5022953144900844,-0.9760693724816039,1.5,3.6357645536799863,-15.572845059325314,4.813602844774544,24.748548667622742,4.390662812742165,-0.2879801926984994,1.5,4.400096876954371,-3.752611036876293,3.1920681650848857,23.086103351438915,11.820234022449021,-79.21633856996556,-80.87878388614938,-79.22916527635354,-80.88136733582536,1,1,1,1,7,2,-15.0,0.0,-15.0,0,2,0.0,0.0,0.0,7,2,-15.0,0,1,-3.0,-42.60671609628141,-42.56177226318393,0,-0.4701149194974679,-3.2215786904986494,0.9240276903702597,0.5619447138923563,1.4859724042626161
78,7,0.0,-0.01,1.5,0.0,0.01,1.5,4.771261778778224,-1.3389246669206698,1.5,4.955568405876219,-15.6753287658846,3.909603756340879,22.056929779654915,5.261095177379226,-0.11541684236952997,1.5,5.262361020772473,-1.2567416439633137,1.749911472029289,21.530812261315354,14.418587121921288,-81.90795745793338,-82.43407497627294,-81.91743071789713,-82.4348002974206,1,1,1,1,7,2,-15.0,0.0,-15.0,0,2,0.0,0.0,0.0,7,2,-15.0,0,2,0.0,-24.19366640535929,-24.19366640535929,1,-3.072739487813557,-3.740947413783302,0.5780815945107566,0.5085061544900169,1.0865877490007736
79,7,0.0,-0.01,1.5,0.0,0.01,1.5,6.582941766620373,-1.8647692504189846,1.5,6.841965116837644,-15.815990612483471,1.3193092719714867,19.253914227884575,8.972378959951607,0.03142808174379503,1.5,8.972434002281899,0.20069249033754577,1.224681885473664,16.895900577031885,16.016683102821016,-84.71097300970372,-87.06905393453825,-84.71789337076258,-87.06898666055642,1,1,1,1,7,2,-15.0,0.0,-15.0,0,2,0.0,0.0,0.0,7,2,-15.0,0,2,0.0,-3.4758258534463833,-3.4758258534463833,1,-5.834340296363627,-8.145058300687303,0.33451702991595955,0.20574665292424368,0.5402636828402032
80,8,0.0,-0.01,1.5,0.0,0.01,1.5,6.2227307902123075,5.104725826326931,1.5,8.048639900593482,39.36323851899709,1.3021628319871605,17.846471542637122,7.668282374334875,-5.2424444523320695,1.5,9.289013855535053,-34.35858208180306,2.4084151829644984,16.59996188452525,73.72182060080016,-86.13210411440578,-87.36492535306304,-86.11841569495118,-87.37548057556626,1,1,1,1,3,0,45.0,-6.0,39.0,6,1,-30.0,-3.0,-33.0,3,0,39.0,6,1,-33.0,-11.59941565456498,-11.59941565456498,1,-7.175114308346635,-8.509998756559785,0.25294974261633196,0.19020891460566708,0.44315865722199904
81,8,0.0,-0.01,1.5,0.0,0.01,1.5,3.025221042341786,2.3819737901054645,1.5,3.8504235470629604,38.21589867706999,4.2230726635122755,24.257855769839964,6.41736463458974,-3.9800624029149265,1.5,7.551388321651857,-31.807272326729006,4.17336296504308,18.39960165601298,70.02317100379899,-79.73494205970391,-85.56528558157531,-79.70703146774832,-85.57741141349433,1,1,1,1,3,0,45.0,-6.0,39.0,6,1,-30.0,-3.0,-33.0,3,0,39.0,6,1,-33.0,-51.61829324145765,-51.61829324145765,1,-0.806616734727733,-6.689606573110845,0.8722357988688335,0.28013495909997366,1.1523707579688072
82,8,0.0,-0.01,1.5,0.0,0.01,1.5,7.547843035018443,6.041071457083955,1.5,9.667702872496179,38.672752429743845,3.8781304187040093,16.25322552993992,7.67105398306956,-4.689041230370819,1.5,8.990671658518336,-31.435954522755317,4.852424436830713,16.883271650784963,70.10870695249916,-87.72289070803981,-87.08161558680332,-87.71166170764837,-87.09169301036944,1,1,1,1,3,0,45.0,-6.0,39.0,6,1,-30.0,-3.0,-33.0,3,0,39.0,6,2,-30.0,-70.24618188704079,-70.22874427053613,0,-8.764314131057064,-8.258389749456246,0.18003751519362715,0.20079911490547225,0.3808366300990994
83,8,0.0,-0.01,1.5,0.0,0.01,1.5,6.71458686533634,5.803800771385821,1.5,8.875234090776758,40.83872823522653,4.25061616127358,16.99688127477983,6.407842255957958,-4.4211942711894165,1.5,7.78507553982866,-34.60436174251837,1.9876714642730837,18.135155650797483,75.4430899777449,-86.98080660717667,-85.82973158679081,-86.96800596280846,-85.84240362920774,1,1,1,1,3,0,45.0,-6.0,39.0,6,1,-30.0,-3.0,-33.0,3,1,42.0,6,0,-36.0,-38.253061611376474,-38.15590083372002,0,-8.19754202763971,-7.016160295925495,0.2034415064840411,0.2615731355718083,0.4650146420558494
84,8,0.0,-0.01,1.5,0.0,0.01,1.5,3.4175648075761624,2.875084102995155,1.5,4.466078572224021,40.07279089699482,1.3246671968958852,22.96806638145337,7.193049351616012,-4.2844261361103095,1.5,8.37235129999743,-30.779473991694545,1.190863434051118,17.502436246963182,70.85226488868936,-81.02186150782097,-86.46245099062511,-80.99682085613493,-86.47307081027306,1,1,1,1,3,0,45.0,-6.0,39.0,6,1,-30.0,-3.0,-33.0,3,0,39.0,6,2,-30.0,-1.76613592984627,-1.7115643616559675,0,-2.121284578018327,-7.772831676462067,0.6902655457272175,0.22280473275352833,0.9130702784807458
85,8,0.0,-0.01,1.5,0.0,0.01,1.5,3.809765617622619,3.1963285894794673,1.5,4.973010206418569,39.99607835832776,4.741927411796492,22.032913631771113,3.6960102711134946,-2.2634039514779607,1.5,4.333992313299886,-31.482933592066544,4.796265747193345,23.22677115116715,71.4790119503943,-81.95442665868563,-80.73811608642114,-81.93197360581719,-80.75904765784097,1,1,1,1,3,0,45.0,-6.0,39.0,6,1,-30.0,-3.0,-33.0,3,0,39.0,6,2,-30.0,-66.62361310182347,-66.61127338063517,0,-3.044829576648448,-1.920214144339771,0.5811491278002741,0.7160304118063603,1.2971795396066343
86,8,0.0,-0.01,1.5,0.0,0.01,1.5,6.050866959022269,5.250932479313099,1.5,8.011571809457406,40.951391421094385,3.2779340470115255,17.886829176499518,2.7777640757264996,-1.8389632673111258,1.5,3.331329938465463,-33.50575594507557,3.8144780998400982,25.516102993646655,74.45714736616995,-86.0922709810624,-78.44878424394165,-86.07805806108878,-78.47757040520062,1,1,1,1,3,0,45.0,-6.0,39.0,6,1,-30.0,-3.0,-33.0,3,1,42.0,6,1,-33.0,-32.03167123534384,-31.931740499621878,0,-7.332014693884565,0.46873969708743357,0.24469358396742275,1.0799557338780534,1.3246493178454761
87,8,0.0,-0.01,1.5,0.0,0.01,1.5,4.699507978557901,3.6825882151191274,1.5,5.970496729976799,38.08265550224992,2.8940470417237827,20.44283849321968,5.840815768844583,-3.6304654522004958,1.5,6.877165713083035,-31.863770671543215,3.956058377935629,19.21255060298682,69.94642617379313,-83.53999483365799,-84.75233663460146,-83.52204874436862,-84.76567074579808,1,1,1,1,3,0,45.0,-6.0,39.0,6,1,-30.0,-3.0,-33.0,3,0,39.0,6,1,-33.0,-37.67445859690053,-37.67445859690053,1,-4.621663323373238,-5.87101961714048,0.42761859013937903,0.3320038512539606,0.7596224413933397
88,8,0.0,-0.01,1.5,0.0,0.01,1.5,6.5603931996162,5.477358963966806,1.5,8.546357127672469,39.85895149356818,4.921908314821983,17.324969358762296,6.26713740806973,-4.30170634692141,1.5,7.601426759942565,-34.465351155335995,3.1847072753142536,18.3426399310772,74.32430264890417,-86.65294578523296,-85.6222473065111,-86.639917878826,-85.63518111300739,1,1,1,1,3,0,45.0,-6.0,39.0,6,1,-30.0,-3.0,-33.0,3,0,39.0,6,1,-33.0,-60.56202148138928,-60.56202148138928,1,-7.728284582125905,-6.786144838698842,0.22493171864866152,0.2745267278334331,0.49945844648209464
89,8,0.0,-0.01,1.5,0.0,0.01,1.5,2.0661753245181016,1.6972546046641481,1.5,2.673902328938201,39.40130905924272,4.307449102792546,27.43177433550198,2.858996428615321,-1.966527983008839,1.5,3.470027793374568,-34.52169301514959,4.274946101058073,25.161590533495254,73.92300207439231,-76.57434971840962,-78.80329670409304,-76.53311290208632,-78.831666496519,1,1,1,1,3,0,45.0,-6.0,39.0,6,1,-30.0,-3.0,-33.0,3,0,39.0,6,0,-36.0,-35.34907163665951,-35.332749564184724,0,2.3743228051156073,0.004795518021886875,1.4476091248512524,1.000796738182947,2.4484058630341994
90,9,0.0,-0.01,1.5,0.0,0.01,1.5,6.763665206216549,-2.7343059441423865,1.5,7.295450364299434,-22.011707746006884,4.086428943674175,18.697492239399498,9.462038832937166,-1.7224960975067052,1.5,9.617544992457105,-10.317304140663065,1.554505292000794,16.294406271975458,11.694403605343819,-85.26739499818879,-87.67048096561284,-85.27631984437988,-87.67371468705309,1,1,1,1,7,0,-15.0,-6.0,-21.0,7,4,-15.0,6.0,-9.0,7,0,-21.0,7,4,-9.0,-32.13682571603504,-32.13682571603504,1,-6.481551482101915,-8.942760197837705,0.29257578747389745,0.17320776336168767,0.4657835508355851
91,9,0.0,-0.01,1.5,0.0,0.01,1.5,2.2835056634780218,-0.7267601146006388,1.5,2.396367747093616,-17.654456142077194,2.77786848147559,28.37393928527518,2.817914327687071,-0.6281184050754128,1.5,2.887070121936521,-12.565911416425319,4.055556226485503,26.751430743302645,5.088544725651875,-75.59094795231312,-77.21345649428565,-75.61293362898708,-77.22654938762949,1,1,1,1,7,0,-15.0,-6.0,-21.0,7,4,-15.0,6.0,-9.0,6,4,-24.0,7,3,-12.0,-25.09692756736406,-25.04254924606628,0,0.08046171586711019,-1.0452400515611018,1.0134263013899583,0.8368102224150953,1.8502365238050535
92,9,0.0,-0.01,1.5,0.0,0.01,1.5,6.343496995403662,-2.161902563613508,1.5,6.701774155046852,-18.8194240513105,1.3539542475743485,19.434456124201226,7.496955660956891,-1.661962517417118,1.5,7.678962403323317,-12.499471589669742,1.3519664492052712,18.250469316891728,6.3199524616407565,-84.53043111338707,-85.71441792069656,-84.53879371453452,-85.71931526588017,1,1,1,1,7,0,-15.0,-6.0,-21.0,7,4,-15.0,6.0,-9.0,7,1,-18.0,7,3,-12.0,-4.186097181984602,-4.093931118162206,0,-6.172103851870881,-7.771161347141521,0.3120018688553547,0.2228841490852079,0.5348860179405626
93,9,0.0,-0.01,1.5,0.0,0.01,1.5,5.058825685043553,-1.6457227311479123,1.5,5.319785768193426,-18.020595207705487,2.37229653290885,21.441234614827337,6.7479609062374015,-1.2607198584180364,1.5,6.864720748400323,-10.582552592695667,4.252428852113033,19.223935567952676,7.43804261500982,-82.52365262276095,-84.74095166963562,-82.53375546767583,-84.74559905143278,1,1,1,1,7,0,-15.0,-6.0,-21.0,7,4,-15.0,6.0,-9.0,7,1,-18.0,7,4,-9.0,-37.96069196411062,-37.866282720288744,0,-4.683280325713372,-6.206310561743599,0.42239574545817976,0.30979898531818595,0.7321947307763657
94,9,0.0,-0.01,1.5,0.0,0.01,1.5,5.676175686887105,-2.070556833994784,1.5,6.042034097157249,-20.040971241238054,4.616621213004278,20.335332039193403,3.1588661627542027,-0.4483695486623215,1.5,3.1905282770038434,-8.078599828833315,4.4249088470784095,25.880608877094886,11.962371412404739,-83.62955519839488,-78.08427836049341,-83.63940859374105,-78.091926588471,1,1,1,1,7,0,-15.0,-6.0,-21.0,7,4,-15.0,6.0,-9.0,7,0,-21.0,7,4,-9.0,-57.24701596935486,-57.24701596935486,1,-5.0315546733663465,0.19603996183955746,0.39389771399938706,1.0329289574897509,1.426826671489138
95,9,0.0,-0.01,1.5,0.0,0.01,1.5,7.3516056289016305,-2.8466348985879057,1.5,7.883491331177876,-21.16703495208913,3.717780123911675,18.023680055559147,8.44360835655508,-1.7906314268540233,1.5,8.631389400654106,-11.973294665621268,2.561178323489399,17.234546152327102,9.193740286467861,-85.94120718202915,-86.73034108526119,-85.94916429434852,-86.73451639194238,1,1,1,1,7,0,-15.0,-6.0,-21.0,7,4,-15.0,6.0,-9.0,7,0,-21.0,7,3,-12.0,-34.75884855066777,-34.67252813056285,0,-7.115912978700623,-8.50108414655398,0.256130637858097,0.1905750357496022,0.4467056736076992
96,9,0.0,-0.01,1.5,0.0,0.01,1.5,5.237914532500622,-2.1166458288922807,1.5,5.649419281195927,-22.003676624799326,2.8368971683609585,20.919752577928804,7.092187416161386,-1.3218222106518007,1.5,7.214314680032355,-10.557497198769795,3.583523611182702,18.792374703310365,11.44617942602953,-83.04513465965948,-85.17251253427793,-83.05665523551185,-85.17692371531389,1,1,1,1,7,0,-15.0,-6.0,-21.0,7,4,-15.0,6.0,-9.0,7,0,-21.0,7,4,-9.0,-32.39484262452703,-32.39484262452703,1,-4.339908112384874,-6.605018166351174,0.45221245303761054,0.28513409580014293,0.7373465488377535
97,9,0.0,-0.01,1.5,0.0,0.01,1.5,7.014555025031308,-2.2256668610361574,1.5,7.359183050822049,-17.60385111624382,1.0714205619806325,18.621049024884172,9.778946287141343,-1.8687830777080667,1.5,9.955909836791587,-10.818933682212418,3.1544018677161194,15.994092118826453,6.784917434031403,-85.34383821270411,-87.97079511876184,-85.35097725779055,-87.97406993191842,1,1,1,1,7,0,-15.0,-6.0,-21.0,7,4,-15.0,6.0,-9.0,7,1,-18.0,7,4,-9.0,-18.91853922363387,-18.835466987347036,0,-7.37964263757946,-9.335856624336653,0.24223672061220003,0.15901389966136237,0.4012506202735624
98,9,0.0,-0.01,1.5,0.0,0.01,1.5,3.5882467276461356,-1.2422534433962147,1.5,3.7971974133685693,-19.09588802646131,1.3500530068011098,24.372273138384482,5.811866837387103,-0.8774931912138045,1.5,5.877736846452599,-8.585841017007356,4.477449906046665,20.572069948983184,10.510047009453954,-79.59261409920381,-83.39281728860512,-79.60758066513387,-83.39722955835674,1,1,1,1,7,0,-15.0,-6.0,-21.0,7,4,-15.0,6.0,-9.0,7,0,-21.0,7,4,-9.0,-32.46669683071378,-32.46669683071378,1,-1.7755945859242073,-4.669960839874758,0.7350166710003652,0.42352007279831244,1.1585367437986775
99,9,0.0,-0.01,1.5,0.0,0.01,1.5,7.511091130299112,-2.5123012188547063,1.5,7.9201103137467,-18.493999106773042,4.657451571968064,17.982925617503874,4.963574879019163,-0.6879748349696607,1.5,5.011026337306723,-7.891187730589656,2.647688027365694,21.957907649538207,10.602811376183386,-85.98196162008442,-82.00697958805009,-85.98891728136563,-82.01173874075135,1,1,1,1,7,0,-15.0,-6.0,-21.0,7,4,-15.0,6.0,-9.0,7,1,-18.0,0,0,-6.0,-47.2594283132998,-47.23474721399826,0,-7.628067879717158,-3.364581515449592,0.22978550193981576,0.5467894558353821,0.7765749577751978
100,11,0.0,-0.01,1.5,0.0,0.01,1.5,8.472059772614726,4.12862748307178,1.5,9.424508564627246,25.98102752967229,3.8760102545846826,16.472937804819885,4.720204684121111,-3.112199731689906,1.5,5.65385880880745,-33.398292719285884,4.024292316487705,20.91562816630121,59.37932024895817,-87.50002412529577,-83.04925907128708,-87.49194943276841,-83.0661699065036,1,1,1,1,2,1,30.0,-3.0,27.0,6,1,-30.0,-3.0,-33.0,2,1,27.0,6,1,-33.0,-51.78211059902777,-51.78211059902777,1,-8.591312876875831,-4.111467723477813,0.18689961282352588,0.4730275352584252,0.6599271480819511
101,11,0.0,-0.01,1.5,0.0,0.01,1.5,4.1093949260362646,2.0671762038678905,1.5,4.600037403757741,26.704071231657547,4.40193059507877,22.707323785784972,3.9665359099840187,-2.5710733040490386,1.5,4.726925539924062,-32.95094833443984,2.32629252288573,22.472489854456615,59.655019566097394,-81.27453424154442,-81.49239738313169,-81.25756345180332,-81.51238837500209,1,1,1,1,2,1,30.0,-3.0,27.0,6,1,-30.0,-3.0,-33.0,2,1,27.0,6,1,-33.0,-32.31458091287225,-32.31458091287225,1,-2.3168945207431917,-2.5500560198678985,0.6658997538991965,0.6377466377997896,1.3036463916989862
102,11,0.0,-0.01,1.5,0.0,0.01,1.5,8.425449585340191,4.009863586953377,1.5,9.330981014935343,25.450842090772184,4.973201363714209,16.55952965457162,3.557927962155656,-2.1807281203347957,1.5,4.1730596112095055,-31.504999467207025,1.1189159696041324,23.55585210557466,56.95584155797921,-87.41335751181944,-80.40903513201363,-87.40535758301668,-80.43078986549668,1,1,1,1,2,1,30.0,-3.0,27.0,6,1,-30.0,-3.0,-33.0,2,0,24.0,6,1,-33.0,-45.116564111158944,-45.103674832073985,0,-8.57752574384244,-1.5886265516330864,0.18745689630888768,0.7601316225358673,0.947588518844755
103,11,0.0,-0.01,1.5,0.0,0.01,1.5,4.338477470202498,2.388964265355482,1.5,4.9527302592206786,28.83919280743504,1.1481352709532149,22.065633739628968,7.2385277600034845,-4.947198753827616,1.5,8.767614250308608,-34.350799343681615,1.8013610246559035,17.102037675494167,63.189992151116655,-81.91617155905544,-86.86284956209413,-81.89925349795934,-86.87403017806326,1,1,1,1,2,1,30.0,-3.0,27.0,6,1,-30.0,-3.0,-33.0,2,2,30.0,6,1,-33.0,-4.934892496526929,-4.895717648044364,0,-3.1345198702372707,-8.007496810511258,0.5713382368449184,0.21190429495070365,0.783242531795622
104,11,0.0,-0.01,1.5,0.0,0.01,1.5,3.153030290446736,1.6220319989214245,1.5,3.5457845137570985,27.22291660476816,3.780793626347156,24.971017578049075,5.140014979925895,-3.435128257275374,1.5,6.182221294793187,-33.75524040365088,1.9497460613548263,20.13899002674529,60.97815700841904,-79.01628271436438,-83.82589721084301,-78.99386965953921,-83.8415112020399,1,1,1,1,2,1,30.0,-3.0,27.0,6,1,-30.0,-3.0,-33.0,2,1,27.0,6,1,-33.0,-18.959295950076175,-18.959295950076175,1,-0.058366723494518116,-4.908566897004455,0.9903380689855985,0.40376504180080586,1.3941031107864044
105,11,0.0,-0.01,1.5,0.0,0.01,1.5,7.770834452559396,4.370443317079852,1.5,8.915528188329171,29.354106815738316,1.883846692184962,16.95591035953305,2.91713037150299,-1.9939375676677218,1.5,3.5334737338916,-34.3536635591321,1.5828831641876322,25.003898743862152,63.70777037487042,-87.01852922458843,-78.96098849372615,-87.00897687805524,-78.98873065646163,1,1,1,1,2,1,30.0,-3.0,27.0,6,1,-30.0,-3.0,-33.0,2,2,30.0,6,1,-33.0,-5.244847527525399,-5.152583988149822,0,-8.350901730544077,-0.12625189090851086,0.1968428931771073,0.9791824118287417,1.176025305005849
106,11,0.0,-0.01,1.5,0.0,0.01,1.5,4.431167619302679,2.1097501902817437,1.5,4.907778757824198,25.45987063651975,1.951510480018611,22.14397540578716,7.4397127672991035,-4.505993917739789,1.5,8.697890965436464,-31.20193666046468,2.690311864178831,17.170968929071503,56.66180729698443,-81.83612846921781,-86.7939183085168,-81.82091183180113,-86.8042656158168,1,1,1,1,2,1,30.0,-3.0,27.0,6,1,-30.0,-3.0,-33.0,2,0,24.0,6,2,-30.0,-15.218760094431175,-15.161756323333506,0,-3.000431567317037,-8.013114629540588,0.586056064589027,0.2116495085577897,0.7977055731468168
107,11,0.0,-0.01,1.5,0.0,0.01,1.5,5.924062675022099,3.085756740417756,1.5,6.679551874087333,27.514341481679562,1.8436759520681103,19.465132251010115,4.827738950221324,-3.30686845808816,1.5,5.851704227879469,-34.410071268154084,2.072605421223464,20.6168134678965,61.92441274983365,-84.51176747134804,-83.3480737696918,-84.49975498657818,-83.36484789859698,1,1,1,1,2,1,30.0,-3.0,27.0,6,1,-30.0,-3.0,-33.0,2,1,27.0,6,1,-33.0,-8.99677800589938,-8.99677800589938,1,-5.5622519076593875,-4.507950114458553,0.353692788561513,0.4374029704747252,0.7910957590362382
108,11,0.0,-0.01,1.5,0.0,0.01,1.5,7.934694276665592,3.8701239106670067,1.5,8.828206632610396,26.000670424530284,4.085153949870246,17.040937101892833,5.270719206327288,-3.5633091423267818,1.5,6.362205041943947,-34.06095370703793,2.215030013361974,19.889567400151186,60.061624131568216,-86.93257562598711,-84.0753198374371,-86.92395013569546,-84.0906128183399,1,1,1,1,2,1,30.0,-3.0,27.0,6,1,-30.0,-3.0,-33.0,2,1,27.0,6,1,-33.0,-36.14340175721761,-36.14340175721761,1,-8.021827872212507,-5.187303580042314,0.21125489724817254,0.3817034753445455,0.5929583725927181
109,11,0.0,-0.01,1.5,0.0,0.01,1.5,4.14444267213813,2.181086642193483,1.5,4.683326168802925,27.756386484146272,3.0463378573999877,22.551615830209016,7.286512493264628,-4.8884537062625855,1.5,8.774408467399606,-33.85729414295895,2.8924547861568985,17.095234267816405,61.613680627105225,-81.4305457647267,-86.86965296977189,-81.41327140737928,-86.88068373860462,1,1,1,1,2,1,30.0,-3.0,27.0,6,1,-30.0,-3.0,-33.0,2,1,27.0,6,1,-33.0,-25.031129837069322,-25.031129837069322,1,-2.4987470956666975,-7.9558320987961215,0.6438594948141401,0.21426084170461845,0.8581203365187585
110,13,0.0,-0.01,1.5,0.0,0.01,1.5,2.9621076810445626,-2.826661627533171,1.5,4.094398352709671,-43.659633670244844,2.512519029547319,23.724920534770572,3.894193451452937,1.991391562603673,1.5,4.373829328282945,27.08404816727795,1.3668303471103358,23.145870599349752,70.74368183752279,-80.23996670281772,-80.83710063973422,-80.26925787835648,-80.81901663823855,1,1,1,1,5,3,-45.0,3.0,-42.0,2,1,30.0,-3.0,27.0,5,2,-45.0,2,1,27.0,-5.3046883641691425,-5.248137825820637,0,-1.4256993378830127,-1.857328568118911,0.7825442518421168,0.7242393153020199,1.5067835671441367
111,13,0.0,-0.01,1.5,0.0,0.01,1.5,6.18780531277609,-5.6555800221279116,1.5,8.382989918609729,-42.42693838172859,1.7102396819575945,17.493089370245144,3.4024359726778095,1.6627161584411427,1.5,3.7869771020846246,26.044021715908528,1.6276253597479058,24.398276837817786,68.47096009763712,-86.47179786734314,-79.58675032575118,-86.4857791563804,-79.56661039977051,1,1,1,1,5,3,-45.0,3.0,-42.0,2,1,30.0,-3.0,27.0,5,3,-42.0,2,1,27.0,-4.292813550160163,-4.292813550160163,1,-7.517433936161467,-0.6543934675457448,0.23525590474922833,0.8953981638808856,1.1306540686301139
112,13,0.0,-0.01,1.5,0.0,0.01,1.5,4.6999026094806995,-3.9066761831398136,1.5,6.111563084720254,-39.73420353363633,1.100839523783705,20.240114731042766,3.5527289042213956,1.819008124681192,1.5,3.9913247455633503,27.11258603302041,1.1225596770532764,23.94163803071256,66.84678956665674,-83.72477250654553,-80.04308471983538,-83.74294236510424,-80.02324920687573,1,1,1,1,5,3,-45.0,3.0,-42.0,2,1,30.0,-3.0,27.0,5,4,-39.0,2,1,27.0,0.06110433239498625,0.13661050626057647,0,-5.036074915831961,-1.062427167244155,0.39353908165924917,0.8343001692605025,1.2278392509197518
113,13,0.0,-0.01,1.5,0.0,0.01,1.5,7.229440994334551,-6.234054442787202,1.5,9.546111872705023,-40.77168668924171,4.577104358206096,16.363489096427916,6.843516272793149,3.214420595979381,1.5,7.5608342624237626,25.159588216437086,3.156700237943664,18.387562900667845,65.9312749056788,-87.60139814116037,-85.58709162184198,-87.61328167971725,-85.57732433692044,1,1,1,1,5,3,-45.0,3.0,-42.0,2,1,30.0,-3.0,27.0,5,3,-42.0,2,0,24.0,-54.79999051940773,-54.72053403846975,0,-8.7178468396534,-6.794648661521338,0.18185705273197814,0.2740376278363798,0.4558946805683579
114,13,0.0,-0.01,1.5,0.0,0.01,1.5,5.18590542079003,-4.616072602245226,1.5,6.9427473886479865,-41.672884853556724,2.704029142056701,19.131767845880763,3.8851543225737157,2.0971674180596818,1.5,4.415035140243432,28.359729424678015,2.2836981102154503,23.06472872254254,70.03261427823475,-84.83311939170753,-80.91885023569296,-84.84975588081254,-80.90015851504575,1,1,1,1,5,3,-45.0,3.0,-42.0,2,1,30.0,-3.0,27.0,5,3,-42.0,2,1,27.0,-15.232934848140943,-15.232934848140943,1,-5.875078705131152,-2.0369844415617235,0.3317267666596727,0.700978463844612,1.0327052305042848
115,13,0.0,-0.01,1.5,0.0,0.01,1.5,3.145151416655429,-2.8735400310623493,1.5,4.260188932876975,-42.41611033272022,1.2604955317844708,23.3792502566046,5.242129043842903,2.482507874011975,1.5,5.800238120700974,25.340767047931784,3.4487100204930026,20.691561000218318,67.75687738065201,-80.5856369809837,-83.2861436348571,-80.61314024214653,-83.27332623736999,1,1,1,1,5,3,-45.0,3.0,-42.0,2,1,30.0,-3.0,27.0,5,3,-42.0,2,0,24.0,-17.3997408077523,-17.341158140023694,0,-1.632986367910876,-4.457378040566418,0.7541145654485213,0.4418156387576079,1.195930204206129
116,13,0.0,-0.01,1.5,0.0,0.01,1.5,6.328245222459432,-5.894044436645864,1.5,8.647915784553911,-42.96540456777276,3.8604559225386703,17.22269459281939,6.265330011218255,2.9407498374249776,1.5,6.9211537879017815,25.143891225436413,2.3350283376173158,19.155834206665276,68.10929579320917,-86.7421926447689,-84.81971673743914,-86.75588463462061,-84.80905303092301,1,1,1,1,5,3,-45.0,3.0,-42.0,2,1,30.0,-3.0,27.0,5,3,-42.0,2,0,24.0,-34.07137845042213,-34.00209410781628,0,-7.827905237681543,-6.029665255923194,0.22020085609894133,0.32132630922906613,0.5415271653280075
117,13,0.0,-0.01,1.5,0.0,0.01,1.5,2.4452793592575395,-2.3251532838692186,1.5,3.374274579565032,-43.5575180668189,1.5348395360036702,25.408204559485025,4.073484738852114,2.067544325111631,1.5,4.568152520873443,26.91059883576748,4.98903929601829,22.76785926882941,70.46811690258639,-78.55668267810327,-81.21423883897617,-78.59215773005327,-81.19702796875887,1,1,1,1,5,3,-45.0,3.0,-42.0,2,1,30.0,-3.0,27.0,5,2,-45.0,2,1,27.0,-35.960081456576084,-35.950742551078804,0,0.2736514638676695,-2.23515500867851,1.0461684033434635,0.6759980840552078,1.7221664873986713
118,13,0.0,-0.01,1.5,0.0,0.01,1.5,1.5757208844550226,-1.3393209335573582,1.5,2.0680127825457637,-40.363653787093355,2.3383342100279725,29.67019878626216,3.0768496471130424,1.6439918521387882,1.5,3.4885115681101553,28.11604046211439,2.6020556874928342,25.112987852508084,68.47969424920774,-74.29468845132614,-78.87536598887684,-74.34909130893598,-78.85189938508022,1,1,1,1,5,3,-45.0,3.0,-42.0,2,1,30.0,-3.0,27.0,5,4,-39.0,2,1,27.0,-2.468070815165541,-2.4402513364544274,0,4.514348938306975,0.04189950963507814,1.93648159474894,1.0069761433275808,2.943457738076521
119,13,0.0,-0.01,1.5,0.0,0.01,1.5,5.663182683340569,-4.811120916324607,1.5,7.430916671339049,-40.34935368468391,3.083427781366745,18.540797151671473,3.32710814211076,1.5843384240422957,1.5,3.6850748745712805,25.4633620968482,1.147345633269805,24.635265612705304,65.81271578153212,-85.42409008591682,-79.34988869783706,-85.4392268448813,-79.32962162488299,1,1,1,1,5,3,-45.0,3.0,-42.0,2,1,30.0,-3.0,27.0,5,4,-39.0,2,0,24.0,-14.559627034604201,-14.520837912456006,0,-6.605993446405191,-0.49507311111368524,0.28507600012289214,0.9201123125473265,1.2051883126702188
120,14,0.0,-0.01,1.5,0.0,0.01,1.5,3.4043220494822797,-0.8811013994854191,1.5,3.516496593595164,-14.510787426455195,4.211576946853471,25.038032860043344,3.0728814016265225,-3.7731157761980723,1.5,4.866107558311567,-50.84011824622735,3.1342014013467954,22.224288523138856,36.32933081977215,-78.92685437754496,-81.74059871444945,-78.9392329080774,-81.76828024949188,1,1,1,1,7,2,-15.0,0.0,-15.0,5,0,-45.0,-6.0,-51.0,7,2,-15.0,5,0,-51.0,-31.737821775335433,-31.737821775335433,1,0.020858346930019128,-2.807052396373951,1.0034686562611383,0.6078211838145446,1.611289840075683
121,14,0.0,-0.01,1.5,0.0,0.01,1.5,4.370872777192848,-1.1210602144778792,1.5,4.512350256672315,-14.385374820219958,4.4646637374765,22.8707863327079,6.078668328161192,-7.852220743050141,1.5,9.93013490549735,-52.2553403569514,2.845269153804725,16.02189318377619,37.86996553673144,-81.09410090488039,-87.9429940538121,-81.10366709300926,-87.95682881462886,1,1,1,1,7,2,-15.0,0.0,-15.0,5,0,-45.0,-6.0,-51.0,7,2,-15.0,5,0,-51.0,-42.029174460991854,-42.029174460991854,1,-2.152083481509887,-9.076826511563532,0.6863835815959638,0.1682377802325828,0.8546213618285465
122,14,0.0,-0.01,1.5,0.0,0.01,1.5,5.109013358271678,-1.2956550279413728,1.5,5.270743728016779,-14.230307372246061,2.5220824500312267,21.52067652131851,1.734305468113517,-2.293012068120313,1.5,2.875016487130785,-52.898187001449415,2.6506557872480414,26.80537983376549,38.667879629203355,-82.4442107162698,-77.15950740382281,-82.45231161116234,-77.20769698919908,1,1,1,1,7,2,-15.0,0.0,-15.0,5,0,-45.0,-6.0,-51.0,7,2,-15.0,5,0,-51.0,-9.859642341166138,-9.859642341166138,1,-3.5129731630156193,1.5577879278407987,0.5314201480909002,1.2818220286779465,1.8132421767688467
123,14,0.0,-0.01,1.5,0.0,0.01,1.5,2.9134439472954976,-0.6969280912692959,1.5,2.995640899445899,-13.452986008262517,1.4452048813220886,26.430984535243592,2.834733789840222,-3.3020119129033247,1.5,4.35189594685091,-49.35434379729688,3.4267795671016885,23.19565565369581,35.901357789034364,-77.5339027023447,-80.76923158389249,-77.54739277952353,-80.79952028757914,1,1,1,1,7,2,-15.0,0.0,-15.0,5,0,-45.0,-6.0,-51.0,7,3,-12.0,5,1,-48.0,-12.935733373259708,-12.858688422457764,0,1.2968912206408607,-1.9824309853155486,1.2314309396946983,0.707979701514731,1.9394106412094292
124,14,0.0,-0.01,1.5,0.0,0.01,1.5,4.09620503302278,-1.0462752170803613,1.5,4.227716582558215,-14.32844036782868,4.629013342189051,23.437023066234858,2.902977260614063,-3.90646954715652,1.5,4.867009482064279,-53.38320616987005,4.404467513117796,22.223164227757852,39.05476580204137,-80.52786417135344,-81.74172300983044,-80.53803168212994,-81.77037129383855,1,1,1,1,7,2,-15.0,0.0,-15.0,5,0,-45.0,-6.0,-51.0,7,2,-15.0,5,0,-51.0,-57.95367024078213,-57.95367024078213,1,-1.590134608924521,-3.111730678894315,0.7599264692525768,0.5738181920848173,1.333744661337394
125,14,0.0,-0.01,1.5,0.0,0.01,1.5,7.620978090755182,-1.9114591438943678,1.5,7.857033989906617,-14.080209192645928,4.309838830135256,18.05158918302994,5.4757324736756114,-7.700654577994389,1.5,9.44900667016653,-54.584370678310975,4.44856148318077,16.453848378873527,40.50416148566505,-85.91329805455835,-87.51103885871476,-85.91867858604559,-87.52602133876792,1,1,1,1,7,2,-15.0,0.0,-15.0,5,0,-45.0,-6.0,-51.0,7,2,-15.0,5,0,-51.0,-69.08130902456809,-69.08130902456809,1,-6.994562250163677,-9.24930494909246,0.2627653330232095,0.16204144802614626,0.42480678104935576
126,14,0.0,-0.01,1.5,0.0,0.01,1.5,5.9088420069937975,-1.4551160802560306,1.5,6.085373995954083,-13.834428012878071,4.488710624695691,20.271735169742104,4.271905387716802,-5.359415790051379,1.5,6.853649630106276,-51.44220613689636,2.061976507835152,19.24555221285506,37.60777812401829,-83.69315206784619,-84.71933502473323,-83.69997956852329,-84.7391556200323,1,1,1,1,7,2,-15.0,0.0,-15.0,5,0,-45.0,-6.0,-51.0,7,2,-15.0,5,0,-51.0,-38.426590685125255,-38.426590685125255,1,-4.802429519287469,-5.785887525251258,0.41245196558186514,0.33786280207484604,0.7503147676567112
127,14,0.0,-0.01,1.5,0.0,0.01,1.5,6.8974007253871426,-1.7753589593505357,1.5,7.122221296836915,-14.434342492271286,2.4743296150778518,18.904801291763246,6.121063302022508,-7.6625249722121325,1.5,9.807227176788617,-51.38105202810573,4.696897017115951,16.130073336008707,36.946709535834444,-85.06008594582505,-87.8348139015796,-85.06616620041514,-87.84865298182523,1,1,1,1,7,2,-15.0,0.0,-15.0,5,0,-45.0,-6.0,-51.0,7,2,-15.0,5,0,-51.0,-49.720332931186555,-49.720332931186555,1,-6.113387901840735,-8.892099697319225,0.3158158534122325,0.17512153606515984,0.49093738947739235
128,14,0.0,-0.01,1.5,0.0,0.01,1.5,6.798704673765487,-2.107068620591243,1.5,7.117733024844425,-17.219362472945775,1.3542223740558916,18.91085019715296,4.698515667897205,-5.955801500481388,1.5,7.586014829580277,-51.73018721087969,1.5362574069087351,18.362794252756746,34.510824737933916,-85.05403704043533,-85.60209298483156,-85.0612635218325,-85.62007084818629,1,1,1,1,7,2,-15.0,0.0,-15.0,5,0,-45.0,-6.0,-51.0,7,1,-18.0,5,0,-51.0,-4.794180959107065,-4.717740300129625,0,-6.3538156062604845,-6.684659078528123,0.3004587467967812,0.2804251538765412,0.5808839006733224
129,14,0.0,-0.01,1.5,0.0,0.01,1.5,6.695695759289106,-1.5815408155065762,1.5,6.879942808779396,-13.289832066230705,1.2805544400930065,19.205275156520116,3.344952440112442,-3.965147049700011,1.5,5.187590765698359,-49.8494061229768,3.173912712362613,21.667564209458273,36.5595740567461,-84.75961208106817,-82.29732302813002,-84.7654159176166,-82.32291831987223,1,1,1,1,7,2,-15.0,0.0,-15.0,5,0,-45.0,-6.0,-51.0,7,3,-12.0,5,0,-51.0,-14.830411256436317,-14.808450359660089,0,-5.952385035880994,-3.4308954621304233,0.32648875708288505,0.5398764720488167,0.8663652291317018
130,15,0.0,-0.01,1.5,0.0,0.01,1.5,8.581351906674438,4.247579931845674,1.5,9.575047562472111,26.334395027384744,2.664640343552408,16.335280928453408,6.687847065429635,4.540666835571386,1.5,8.083622559362457,34.17426860454215,3.9688487506186294,17.807989978353906,7.839873577157405,-87.6376555324934,-86.1689683149281,-87.62960630913489,-86.15689725923438,1,1,1,1,2,1,30.0,-3.0,27.0,2,3,30.0,3.0,33.0,2,0,24.0,2,3,33.0,-40.049476974720285,-40.00384334851787,0,-9.025322725504628,-7.683512935640083,0.17013097311379685,0.2270883181752798,0.3972192912890766
131,15,0.0,-0.01,1.5,0.0,0.01,1.5,7.8457589532286915,3.867682200581771,1.5,8.7472795289087,26.241670122823308,1.627127293445112,17.121005255193705,6.917629527206268,4.703726244497374,1.5,8.365323595584893,34.21421916080662,1.4322173679680432,17.51025899521155,7.972549037983313,-86.85266369157888,-86.46630461020665,-86.84388198239459,-86.45462824237674,1,1,1,1,2,1,30.0,-3.0,27.0,2,3,30.0,3.0,33.0,2,1,27.0,2,4,36.0,-6.634153128735141,-6.60854999728423,0,-8.30405728746608,-7.957275016380021,0.19883699196979818,0.2141946981675907,0.4130316901373889
132,15,0.0,-0.01,1.5,0.0,0.01,1.5,7.674596044745354,4.051887421293391,1.5,8.678549194701649,27.832306632032306,3.2805375082286705,17.189805521273183,4.690537780481077,3.1061101177772525,1.5,5.6257501485471755,33.51283159562702,3.356419422441254,20.95898814323721,5.6805249635947135,-86.78442748251067,-83.0229483735212,-86.7750817163151,-83.0058990943511,1,1,1,1,2,1,30.0,-3.0,27.0,2,3,30.0,3.0,33.0,2,0,24.0,2,3,33.0,-35.908772020488115,-35.89739710642034,0,-8.345464559813704,-4.964410024022671,0.19707338451228582,0.39925846429232165,0.5963318488046074
133,15,0.0,-0.01,1.5,0.0,0.01,1.5,8.23503093175059,4.342433698289648,1.5,9.309804770827931,27.80323611801568,2.67699546689516,16.579615369201292,6.5776397352379385,4.274485328257516,1.5,7.844524798104075,33.01786304960282,4.018652176407684,18.068777292855394,5.214626931587144,-87.39397567051125,-85.90817901601969,-87.38527186838701,-85.8961099447329,1,1,1,1,2,1,30.0,-3.0,27.0,2,3,30.0,3.0,33.0,2,1,27.0,2,3,33.0,-40.68877910796771,-40.68877910796771,1,-8.889928551352382,-7.45963568099263,0.1752039970647529,0.23816125318209266,0.41336525024684556
134,15,0.0,-0.01,1.5,0.0,0.01,1.5,8.001082341469083,4.265990082940322,1.5,9.06730334899597,28.065496144313528,1.4637861305927005,16.80901859763972,5.2275416155488275,3.5220627036840844,1.5,6.303341735220873,33.9701687248089,2.7408019930666465,19.970357891546062,5.904672580495372,-87.16488241569283,-84.00992938414217,-87.15586863994858,-83.99452934604224,1,1,1,1,2,1,30.0,-3.0,27.0,2,3,30.0,3.0,33.0,2,0,24.0,2,3,33.0,-14.304216677175157,-14.256421214993102,0,-8.723186063173836,-5.769241012715465,0.18164710853064384,0.33901911781234373,0.5206662263429875
135,15,0.0,-0.01,1.5,0.0,0.01,1.5,7.086027898407943,3.5626598409535477,1.5,7.931225410953774,26.691991452104503,4.330922742683239,17.972187285765585,6.585602562539173,4.263436189941456,1.5,7.845192748264701,32.9185114265979,3.099529444642413,18.06802006817361,6.2265199744933994,-86.00253866433303,-85.90890338587866,-85.9926999518227,-85.89686716941469,1,1,1,1,2,1,30.0,-3.0,27.0,2,3,30.0,3.0,33.0,2,1,27.0,2,3,33.0,-49.4755529619993,-49.4755529619993,1,-7.540391293892158,-7.467964749213501,0.23411098616341994,0.23774054948201676,0.4718515356454367
136,15,0.0,-0.01,1.5,0.0,0.01,1.5,8.476271086947925,4.432757615666271,1.5,9.565380892503795,27.607804121296592,1.2967043268689742,16.344239231326398,6.626024373072533,4.403590346566425,1.5,7.955866196268276,33.60761970277481,2.1366139130648363,17.946368589268438,5.99981558147822,-87.62906551311717,-86.03060458719041,-87.6206480062619,-86.01851864831985,1,1,1,1,2,1,30.0,-3.0,27.0,2,3,30.0,3.0,33.0,2,1,27.0,2,3,33.0,-9.386058948234375,-9.386058948234375,1,-9.079042748086838,-7.545184515023838,0.16815676243123232,0.2338725893877758,0.4020293518190081
137,15,0.0,-0.01,1.5,0.0,0.01,1.5,6.577881329171444,3.466999269391259,1.5,7.43563088880976,27.79233774322499,4.284839049025736,18.533163456515712,6.876130645646916,4.534259576239455,1.5,8.236545547784209,33.40166555762818,3.228523906912378,17.644978625282043,5.609327814403187,-85.44261804307627,-86.3315199833673,-85.43172378107258,-86.31990861230625,1,1,1,1,2,1,30.0,-3.0,27.0,2,3,30.0,3.0,33.0,2,1,27.0,2,4,36.0,-50.12152626584698,-50.10349778993362,0,-7.1615324550040915,-7.819495269187836,0.253676287222131,0.22059664900150264,0.47427293622363365
138,15,0.0,-0.01,1.5,0.0,0.01,1.5,8.200313643482827,3.948115998981327,1.5,9.101250671907842,25.70891485585541,3.6750125495301815,16.776193566077552,7.930371222855485,5.2677407438625705,1.5,9.520497900679574,33.594058515871644,4.367614158638999,16.385931079564436,7.885143660016233,-87.19697373747621,-87.58905382018474,-87.18869367151073,-87.57895615802386,1,1,1,1,2,1,30.0,-3.0,27.0,2,3,30.0,3.0,33.0,2,0,24.0,2,3,33.0,-59.21118094039789,-59.15120798186015,0,-8.648228074893279,-8.968525089245702,0.1846154560738777,0.17224202488605936,0.3568574809599371
139,15,0.0,-0.01,1.5,0.0,0.01,1.5,6.894102692671473,3.354242411262708,1.5,7.666785120936514,25.944678574566975,2.883760281957631,18.26676381936854,6.96695807937867,4.617307330994821,1.5,8.358111740619304,33.53417464943948,4.763941889449039,17.517651938002,7.589496074872503,-85.7080362136758,-86.45871598788005,-85.69812341821975,-86.44723529958628,1,1,1,1,2,1,30.0,-3.0,27.0,2,3,30.0,3.0,33.0,2,0,24.0,2,3,33.0,-54.81440656357637,-54.72935261322564,0,-7.275073040770062,-7.93213261536658,0.24766088914226672,0.21534994365053178,0.46301083279279853
140,16,0.0,-0.01,1.5,0.0,0.01,1.5,5.47992323601679,-3.653313349687917,1.5,6.5860653734718335,-33.6902933105071,4.466972802679688,19.58886815563546,7.971947160505506,-4.005573095605949,1.5,8.921690274501465,-26.677632434669388,3.6413512334837326,16.94950307508696,7.012660875837714,-84.37601908195283,-87.01538416250133,-84.39064879249223,-87.0241267779306,1,1,1,1,6,1,-30.0,-3.0,-33.0,6,4,-30.0,6.0,-24.0,6,1,-33.0,6,4,-24.0,-57.617005120551376,-57.617005120551376,1,-5.811436702086312,-8.839959235183041,0.3360948894908848,0.17711197246514412,0.5132068619560289
141,16,0.0,-0.01,1.5,0.0,0.01,1.5,7.289856257222446,-4.219319784245825,1.5,8.422865527401793,-30.061969901963774,2.646098769242761,17.45004383072372,5.791463744497557,-2.486295401120146,1.5,6.302596062374683,-23.23401495068202,4.422339024653979,19.96911858424168,6.827954951281754,-86.51484340686457,-83.9957686533466,-86.52517503429544,-84.00664286664772,1,1,1,1,6,1,-30.0,-3.0,-33.0,6,4,-30.0,6.0,-24.0,6,1,-33.0,6,4,-24.0,-44.49962689578281,-44.49962689578281,1,-8.471042928706133,-5.474983020610242,0.1918136812351778,0.36004560842873407,0.5518592896639118
142,16,0.0,-0.01,1.5,0.0,0.01,1.5,7.585066520325392,-4.8573285253667455,1.5,9.007045826523957,-32.6347056340188,2.3638616267229775,16.867629526782128,8.361461373641234,-4.184560280066208,1.5,9.350111284920738,-26.586040745274367,2.392973790391167,16.541896840053365,6.048664888744433,-87.09725771080616,-87.42299039753492,-87.10765888363726,-87.43130552565964,1,1,1,1,6,1,-30.0,-3.0,-33.0,6,4,-30.0,6.0,-24.0,6,1,-33.0,6,3,-27.0,-18.982526489443867,-18.92282706628081,0,-8.397462641126268,-9.182241948678856,0.19487937265557734,0.16442465676762652,0.35930402942320383
143,16,0.0,-0.01,1.5,0.0,0.01,1.5,5.137339334179161,-3.4753894827194722,1.5,6.2024662426410275,-34.078193942735524,3.6363067693797806,20.11063133769188,7.904805415628415,-3.5101441388554093,1.5,8.649107499302417,-23.9437066419369,2.611055608207614,17.218723502799932,10.134487300798625,-83.8542558998964,-86.74616373478835,-83.86994885844206,-86.75431412592702,1,1,1,1,6,1,-30.0,-3.0,-33.0,6,4,-30.0,6.0,-24.0,6,1,-33.0,7,0,-21.0,-32.280008674896116,-32.25907042109716,0,-5.335614633325112,-8.04538531162281,0.37039939941969374,0.21019142984952607,0.5805908292692198
144,16,0.0,-0.01,1.5,0.0,0.01,1.5,7.222702967123456,-4.7243678103578794,1.5,8.630590325049596,-33.18868680495951,2.125075467203448,17.2387746241228,5.39912844921173,-2.3567177387672857,1.5,5.891070065048272,-23.581252886136845,1.66812640211245,20.55608416977662,9.607433918822665,-86.72611261346549,-83.40880306781168,-86.73713095551591,-83.42060039486641,1,1,1,1,6,1,-30.0,-3.0,-33.0,6,4,-30.0,6.0,-24.0,6,1,-33.0,6,4,-24.0,-9.92854827019322,-9.92854827019322,1,-8.012131407662432,-4.959067473527792,0.21169408032986575,0.39968771560466276,0.6113817959345285
145,16,0.0,-0.01,1.5,0.0,0.01,1.5,2.99681759089212,-1.9425007130002734,1.5,3.571305740634232,-32.950816402159816,1.6634396757645646,24.910752199183577,5.631843218208639,-2.7771742407510067,1.5,6.279359425767374,-26.24882581412923,1.723442534689616,20.00188191556809,6.701990588030586,-79.05413503840472,-83.9630053220202,-79.08059270628691,-83.97523968344149,1,1,1,1,6,1,-30.0,-3.0,-33.0,6,4,-30.0,6.0,-24.0,6,1,-33.0,6,4,-24.0,-4.372539779707485,-4.372539779707485,1,-1.4337088139514513,-6.00133845797303,0.7814309260806521,0.32321007054406475,1.1046409966247168
146,16,0.0,-0.01,1.5,0.0,0.01,1.5,6.862666495209095,-4.310316409839953,1.5,8.104012523275188,-32.13218493421947,2.700098890888434,17.7857734066415,7.511683533151181,-3.289150219969928,1.5,8.200237720440965,-23.64722879194906,4.283046979675271,17.681793359788177,8.484956142270406,-86.17911383094679,-86.28309387780013,-86.1905143718704,-86.29159126857452,1,1,1,1,6,1,-30.0,-3.0,-33.0,6,4,-30.0,6.0,-24.0,6,1,-33.0,6,4,-24.0,-44.56603108998007,-44.56603108998007,1,-7.604234930157741,-7.599116167590465,0.23095393871700579,0.23120560540860322,0.462159544125609
147,16,0.0,-0.01,1.5,0.0,0.01,1.5,7.065443479732628,-4.567579258342939,1.5,8.413279494141445,-32.88135311676382,3.940234540135374,17.46037551639747,5.25495689081578,-2.44711822233168,1.5,5.796805975569651,-24.9703632810118,3.4625964470213093,20.69661966987499,7.910989835752019,-86.50451172119082,-83.26826756771331,-86.51572393640849,-83.28091689129513,1,1,1,1,6,1,-30.0,-3.0,-33.0,6,4,-30.0,6.0,-24.0,6,1,-33.0,6,4,-24.0,-45.899828005831395,-45.899828005831395,1,-7.819964839773277,-5.039850543469892,0.2205745325612102,0.39323974417053975,0.6138142767317499
148,16,0.0,-0.01,1.5,0.0,0.01,1.5,5.090755610675171,-3.263227984398884,1.5,6.046854518324774,-32.66029933171249,2.5347108482701164,20.331234406171966,6.509544249932553,-3.0175237365564156,1.5,7.174929675091691,-24.87025848858591,3.872204007565593,18.842810659482453,7.790040843126576,-83.63365283141633,-85.12207657810583,-83.64915569841558,-85.13225892724022,1,1,1,1,6,1,-30.0,-3.0,-33.0,6,4,-30.0,6.0,-24.0,6,1,-33.0,6,4,-24.0,-34.40734754991361,-34.40734754991361,1,-5.224735536617998,-6.650532814062135,0.37882235414050774,0.2824342544828093,0.661256608623317
149,16,0.0,-0.01,1.5,0.0,0.01,1.5,4.885993855332921,-2.769631960564242,1.5,5.616386485217162,-29.54678898786531,1.0170668868591295,20.972556721817295,7.388374484238757,-3.3020956440574643,1.5,8.092707406168445,-24.08136142409299,3.77148994234835,17.7965770487644,5.4654275637723195,-82.99233051577099,-86.16831018882388,-83.00758220158448,-86.17706995457903,1,1,1,1,6,1,-30.0,-3.0,-33.0,6,4,-30.0,6.0,-24.0,6,2,-30.0,6,4,-24.0,-25.33403282424881,-25.31937709307932,0,-5.703037077810608,-7.5122389763741015,0.3436526459584321,0.2355156996427907,0.5791683456012228
150,17,0.0,-0.01,1.5,0.0,0.01,1.5,4.017432208251703,3.8208404285422484,1.5,5.544238732980486,43.56326530049611,2.5665418142443976,21.088035461523965,7.031452441855146,1.6387011602987467,1.5,7.219879842132773,13.118789349411202,2.1802083839460673,18.786201607625845,30.44447595108491,-82.89844516271711,-85.18414683098203,-82.87685177606433,-85.17868562996244,1,1,1,1,3,1,45.0,-3.0,42.0,1,2,15.0,0.0,15.0,3,2,45.0,1,1,12.0,-15.046148689988902,-14.963103707686948,0,-4.066105328897987,-6.404227664898712,0.47725594874365634,0.2973251045427775,0.7745810532864339
151,17,0.0,-0.01,1.5,0.0,0.01,1.5,1.5952497058375306,1.363655190847396,1.5,2.0986607880979182,40.52456374450888,1.9094248979463875,29.54210913333032,2.8957459111057076,0.6982449622879884,1.5,2.9787397350298965,13.556818778744834,1.1491863129039133,26.480218800501586,26.967744965764048,-74.47656207270553,-77.49834011711255,-74.42277810425797,-77.48466843708671,1,1,1,1,3,1,45.0,-3.0,42.0,1,2,15.0,0.0,15.0,3,1,42.0,1,2,15.0,3.1424393162893276,3.1424393162893276,1,4.359482783383909,1.3626730098280846,1.8986544637512246,1.2440168570436076,3.1426713207948325
152,17,0.0,-0.01,1.5,0.0,0.01,1.5,5.572919545759127,5.026316126597391,1.5,7.504750899796549,42.04786731955882,4.046925274514605,18.455103105161385,7.597843936667969,2.177093121731123,1.5,7.90360468056514,15.989173961685587,4.717686995528393,18.000595750026026,26.05869335787323,-85.52528777014822,-85.97034639660413,-85.5097841324269,-85.96429148756228,1,1,1,1,3,1,45.0,-3.0,42.0,1,2,15.0,0.0,15.0,3,1,42.0,1,2,15.0,-67.46526161354234,-67.46526161354234,1,-6.561485311993062,-7.052633580434515,0.287738198361533,0.2595710315572565,0.5473092299187896
153,17,0.0,-0.01,1.5,0.0,0.01,1.5,5.143441007211233,4.39832150596242,1.5,6.767585792915641,40.534814634705874,4.925984329903524,19.353741808140963,6.687806709082828,1.9066558256688253,1.5,6.95428608957168,15.912550916475476,2.3673400055790794,19.112443680502015,24.6222637182304,-84.62782802618605,-84.85929181248054,-84.61114542944733,-84.85244355708627,1,1,1,1,3,1,45.0,-3.0,42.0,1,2,15.0,0.0,15.0,3,1,42.0,1,2,15.0,-49.74645941837088,-49.74645941837088,1,-5.779011497781299,-5.933239697888818,0.33834000627631267,0.32777907059522016,0.6661190768715328
154,17,0.0,-0.01,1.5,0.0,0.01,1.5,2.245980520931988,1.9098651226080623,1.5,2.9482220552327183,40.376111325967955,1.4429312759833723,26.581950665945246,8.0810094888167,2.088261202327859,1.5,8.346469265952722,14.48916731959525,1.524422672197412,17.526619173378542,25.886944006372705,-77.42110545716051,-86.44347423743106,-77.38293657164304,-86.43826806420975,1,1,1,1,3,1,45.0,-3.0,42.0,1,2,15.0,0.0,15.0,3,0,39.0,1,2,15.0,-1.9031579910430654,-1.8896926831037022,0,1.3964112113559772,-7.488121988890124,1.2505032671244476,0.23672522907374843,1.487228496198196
155,17,0.0,-0.01,1.5,0.0,0.01,1.5,3.885836703031899,3.452481158935385,1.5,5.198014335824175,41.620391563981855,1.7543963562982117,21.648425623904135,7.8897408678898024,1.9624616618582176,1.5,8.130145554460501,13.968055156394712,3.233342205026892,17.754683776205553,27.652336407587143,-82.33865969727543,-86.21536058108919,-82.31646161368415,-86.21020346138273,1,1,1,1,3,1,45.0,-3.0,42.0,1,2,15.0,0.0,15.0,3,1,42.0,1,2,15.0,-19.981285460048596,-19.981285460048596,1,-3.383491220132335,-7.303124320631236,0.544810803756841,0.24619500023385782,0.7910058039906989
156,17,0.0,-0.01,1.5,0.0,0.01,1.5,6.904133645215788,5.945221680178417,1.5,9.111131774783203,40.73208518781321,3.8746503577691875,16.768852040474766,5.979860763836464,1.6758453668054591,1.5,6.21024898440587,15.655433908198244,3.9191087479406113,20.09566049108928,25.076651279614968,-87.2084777133007,-83.87677300629848,-87.19603519711353,-83.86922674649901,1,1,1,1,3,1,45.0,-3.0,42.0,1,2,15.0,0.0,15.0,3,1,42.0,1,2,15.0,-51.17804434277097,-51.17804434277097,1,-8.33027652183704,-4.928731113440161,0.1977185675720869,0.40213271411987866,0.5998512816919656
157,17,0.0,-0.01,1.5,0.0,0.01,1.5,3.8042790690609163,3.3326570146734933,1.5,5.057582625399948,41.21928480387892,2.822124490353709,21.88653244008297,6.143082330783487,1.683581085814879,1.5,6.369607978148882,15.32623674215121,2.2407654273868927,19.875418935441978,25.89304806172771,-82.10098700064887,-84.09667676070404,-82.07835479750531,-84.08946830214632,1,1,1,1,3,1,45.0,-3.0,42.0,1,2,15.0,0.0,15.0,3,1,42.0,1,2,15.0,-16.09421822737345,-16.09421822737345,1,-3.1708388823465006,-5.131608947603699,0.5674040076072746,0.3860256867378274,0.9534296943451019
158,17,0.0,-0.01,1.5,0.0,0.01,1.5,1.542407781266888,1.3973485366587837,1.5,2.0812507529404254,42.17509006793863,4.898191003565223,29.615600622300178,7.77802266773506,2.22481933814573,1.5,8.089960303189851,15.962605348156528,4.707881120804512,17.798098458840506,26.212484719782104,-74.40532699419298,-86.17269585271002,-74.34928661528812,-86.16678877874779,1,1,1,1,3,1,45.0,-3.0,42.0,1,2,15.0,0.0,15.0,3,1,42.0,1,2,15.0,-55.02615106104718,-55.02615106104718,1,4.545367508286343,-7.252316328491139,1.9441008475352832,0.24885597065501522,2.1929568181902983
159,17,0.0,-0.01,1.5,0.0,0.01,1.5,5.409049083537803,4.493859371507617,1.5,7.032253126772954,39.719936478170254,1.634306293256849,19.020079485522174,2.0141535322275232,0.5913938734212918,1.5,2.0991810700615723,16.363244462667648,2.0586229961202758,29.524654098859905,23.356692015502606,-84.96059307142497,-74.46354690334319,-84.94480775206611,-74.44023313872839,1,1,1,1,3,1,45.0,-3.0,42.0,1,2,15.0,0.0,15.0,3,0,39.0,1,2,15.0,-1.357986398483507,-1.2597229921212505,0,-6.275017031966781,4.412970609167016,0.30541643713752165,1.9116788361005,2.2170952732380216
160,18,0.0,-0.01,1.5,0.0,0.01,1.5,9.54971658168882,0.3520766215733768,1.5,9.556204515289577,2.111410538175832,4.662467008904148,16.348699626924002,9.018422796252036,-1.5058166895291034,1.5,9.143272588872257,-9.479297108499802,2.802883101852112,16.73360439131493,11.590707646675634,-87.61685743646782,-87.23128284627336,-87.6161876106643,-87.23441227746432,1,1,1,1,0,3,0.0,3.0,3.0,7,4,-15.0,6.0,-9.0,0,3,3.0,7,4,-9.0,-53.444503201111964,-53.444503201111964,1,-8.821732402983312,-8.375793785829867,0.17781277499025452,0.19579088401675585,0.37360365900701037
161,18,0.0,-0.01,1.5,0.0,0.01,1.5,3.3365926377264254,0.14273763164516487,1.5,3.3396443615477764,2.449588926277727,3.4028755117005023,25.481146630632367,8.117272075338553,-0.9174098081688928,1.5,8.168950159059335,-6.448176626541946,3.803511993379494,17.711940953852555,8.897765552819672,-78.48596441927961,-86.25294628373574,-78.48374060695592,-86.2553356169901,1,1,1,1,0,3,0.0,3.0,3.0,7,4,-15.0,6.0,-9.0,0,3,3.0,7,3,-12.0,-36.77148066431175,-36.69022269405479,0,-0.4083621459414056,-7.900808388463401,0.9337663639314538,0.2167973144889005,1.1505636784203543
162,18,0.0,-0.01,1.5,0.0,0.01,1.5,6.524097383206583,0.25035155326464464,1.5,6.528899031673334,2.1975534914239727,3.70358869854156,19.65777924994671,8.410730887200373,-0.8618229965813883,1.5,8.454769833315563,-5.850512159414651,2.7699850963924515,17.413083560969252,8.048065650838623,-84.30812877825842,-86.55180367661904,-84.30710798764159,-86.55389876836958,1,1,1,1,0,3,0.0,3.0,3.0,7,4,-15.0,6.0,-9.0,0,3,3.0,0,0,-6.0,-35.238810063913185,-35.235713888252576,0,-5.640333752917483,-8.399018290955388,0.34809279750402666,0.19481408616578824,0.5429068836698149
163,18,0.0,-0.01,1.5,0.0,0.01,1.5,8.843557976436026,0.005976231901913121,1.5,8.843559995721916,0.03871889732169098,1.314350553431785,17.021536610328486,7.224740561386136,-0.93911934231589,1.5,7.2855213484314145,-7.406156194175763,2.92237616246635,18.706393604067713,7.444875091497454,-86.94336398454807,-85.25849363352057,-86.94335062725982,-85.26156614652096,1,1,1,1,0,3,0.0,3.0,3.0,7,4,-15.0,6.0,-9.0,0,3,3.0,7,4,-9.0,-16.063041019289543,-16.063041019289543,1,-8.693455281279462,-6.693132559070886,0.18281905480754698,0.27992830884773967,0.4627473636552867
164,18,0.0,-0.01,1.5,0.0,0.01,1.5,9.389562143785607,0.750820710682561,1.5,9.419533374408822,4.571833908688559,1.5865310170989284,16.474218818258354,8.082571717029449,-1.2396211645140538,1.5,8.177079319196773,-8.719489733819241,1.6071135440134592,17.703717673962316,13.2913236425078,-87.49213807185913,-86.26116956362597,-87.49066841932994,-86.26439118633658,1,1,1,1,0,3,0.0,3.0,3.0,7,4,-15.0,6.0,-9.0,0,4,6.0,7,4,-9.0,-7.2722584265730355,-7.236258429795467,0,-8.722036631899684,-7.450196225054803,0.18169228622629113,0.23863887054879518,0.4203311567750863
165,18,0.0,-0.01,1.5,0.0,0.01,1.5,6.868363404053153,0.05393453973124368,1.5,6.868575164086991,0.44991183478425967,2.231982563661838,19.216835441140596,7.905758913004584,-0.9276495846848153,1.5,7.9599973456350686,-6.692396220239025,2.135291003402991,17.9370847456211,7.1423080550232845,-84.74825006729012,-86.0278024919672,-84.7480517964477,-86.03034633230538,1,1,1,1,0,3,0.0,3.0,3.0,7,4,-15.0,6.0,-9.0,0,2,0.0,7,4,-9.0,-14.26315620973252,-14.164034284643861,0,-6.497096378020039,-7.6108474848306855,0.2916293013538099,0.2306292028655486,0.5222585042193585
166,18,0.0,-0.01,1.5,0.0,0.01,1.5,7.424627835487549,0.6070470098174041,1.5,7.44940296719306,4.6741787870790095,3.371382994229579,18.51259140171842,9.680172250921732,-1.7571937503368231,1.5,9.838366972406442,-10.288587852579507,4.359026506655631,16.09719010696881,14.962766639658517,-85.45419748738743,-87.86769713061949,-85.45229583586988,-87.87084961145565,1,1,1,1,0,3,0.0,3.0,3.0,7,4,-15.0,6.0,-9.0,0,4,6.0,7,3,-12.0,-53.81220058669295,-53.73442298279009,0,-6.7355938741913315,-9.057821401505619,0.277450572211587,0.16893405257700436,0.4463846247885913
167,18,0.0,-0.01,1.5,0.0,0.01,1.5,5.979631065587776,0.016852325344225132,1.5,5.979654812897807,0.16147560781048487,2.466884038932497,20.420586202291815,5.809814950830198,-0.6706449560525096,1.5,5.848394174469498,-6.5846861620299695,2.2030951542715753,20.615035736569457,6.746161769840454,-83.54438391389164,-83.34985150101885,-83.54430103529648,-83.35325636740107,1,1,1,1,0,3,0.0,3.0,3.0,7,4,-15.0,6.0,-9.0,0,2,0.0,7,4,-9.0,-14.79737499451809,-14.716109724488511,0,-5.517757438310498,-5.182867250062922,0.35691934908914547,0.38204620348512547,0.7389655525742709
168,18,0.0,-0.01,1.5,0.0,0.01,1.5,2.738184861891291,-0.038133825480823544,1.5,2.738450387817247,-0.797888428776325,1.854670311788479,27.204365055728182,5.417227905943546,-0.5528607150252156,1.5,5.445366209462105,-5.82720411079735,3.6632325729960007,21.235140299290023,5.029315682021025,-76.76052218186011,-82.72974693829826,-76.76140666104251,-82.7329841088636,1,1,1,1,0,3,0.0,3.0,3.0,7,4,-15.0,6.0,-9.0,0,2,0.0,7,4,-9.0,-22.05059224416051,-21.955072532759075,0,-0.9353613001857979,-4.954720481635633,0.8529889019143178,0.40003727346482815,1.2530261753791458
169,18,0.0,-0.01,1.5,0.0,0.01,1.5,8.29884766712237,0.144563715296602,1.5,8.30010670231912,0.9979762776102188,4.688761304424017,17.57258003398438,8.80674273549684,-1.0625032441666447,1.5,8.870604869629299,-6.879290077870493,2.475287899159981,16.996181246756567,7.877266355480712,-86.39267069115277,-86.96870599083172,-86.3923072036039,-86.97105207523335,1,1,1,1,0,3,0.0,3.0,3.0,7,4,-15.0,6.0,-9.0,0,2,0.0,7,4,-9.0,-49.97647939251114,-49.90104174124112,0,-7.865579098786977,-8.448663752023352,0.21843589121629273,0.19274129712619054,0.4111771883424833
170,19,0.0,-0.01,1.5,0.0,0.01,1.5,3.6750484462956545,-1.751937505776175,1.5,4.071273278320352,-25.48767012245431,1.2501475570869784,23.768638087487584,3.972837977064663,0.5712493007267929,1.5,4.013697466873667,8.182403635321204,4.887832037254087,23.886240113127567,33.67007375777551,-80.19624915010071,-80.0848079241226,-80.21461161263784,-80.07864712446073,1,1,1,1,6,3,-30.0,3.0,-27.0,1,0,15.0,-6.0,9.0,6,4,-24.0,1,0,9.0,-31.881527451630962,-31.87995394215451,0,-1.3570173354679171,-1.152888167607217,0.79214019004043,0.8211806624968175,1.6133208525372476
171,19,0.0,-0.01,1.5,0.0,0.01,1.5,3.8934962911461306,-1.8897007292035615,1.5,4.327849606342756,-25.889526050580812,1.4131875114917096,23.237383256381143,2.5173042790047346,0.3338004992143709,1.5,2.5393392066384735,7.553489551240442,2.6949108717945442,27.86409465023825,33.44301560182125,-80.72750398120715,-76.1097843478383,-80.74503017598373,-76.10079258735004,1,1,1,1,6,3,-30.0,3.0,-27.0,1,0,15.0,-6.0,9.0,6,3,-27.0,1,0,9.0,-1.4159869597673636,-1.4159869597673636,1,-1.8314922226536732,2.7437443463407596,0.7276328498555805,1.526538513555102,2.2541713634106824
172,19,0.0,-0.01,1.5,0.0,0.01,1.5,3.0218344214941237,-1.631338273849322,1.5,3.434057051746871,-28.362405944260892,1.7899688406923042,25.24992369874386,4.709494655564934,0.7871570048509133,1.5,4.774825238799902,9.488850040969197,4.402114744275556,22.377909503256706,37.85125598523009,-78.71496353884443,-81.59297566761255,-78.73899572180777,-81.5869777343316,1,1,1,1,6,3,-30.0,3.0,-27.0,1,0,15.0,-6.0,9.0,6,3,-27.0,1,0,9.0,-28.016066110600597,-28.016066110600597,1,0.14601674773797593,-2.6372501474049748,1.024456702185528,0.6274644558244434,1.6519211580099715
173,19,0.0,-0.01,1.5,0.0,0.01,1.5,1.9572845884449335,-1.031320134036367,1.5,2.2123707146481673,-27.785362151814013,3.710337008670091,29.07517235886722,5.468161196800731,0.7877392784250046,1.5,5.524610397572913,8.19758991364591,1.2920637692254777,21.11027344770048,35.982952065459926,-74.88971487872108,-82.8590975121306,-74.9263177667952,-82.85461378988782,1,1,1,1,6,3,-30.0,3.0,-27.0,1,0,15.0,-6.0,9.0,6,3,-27.0,1,0,9.0,-6.124075451632963,-6.124075451632963,1,4.03117137835853,-3.9259549829238285,1.819660128206032,0.49052175474819987,2.310181882954232
174,19,0.0,-0.01,1.5,0.0,0.01,1.5,8.35961826055401,-3.878932157504214,1.5,9.215711157838463,-24.89169086633269,1.013297630981973,16.66746345067099,4.7310587478223525,0.8331886764224125,1.5,4.803865136102901,9.987964903825215,2.6431635192862784,22.325380816917047,34.87965577015791,-87.2974237869173,-81.64577910524974,-87.30535601853838,-81.63950642067124,1,1,1,1,6,3,-30.0,3.0,-27.0,1,0,15.0,-6.0,9.0,6,4,-24.0,1,0,9.0,-8.771252128893515,-8.736642679387616,0,-8.571051761005236,-2.7291971793472527,0.18771911480318063,0.6167655982022885,0.8044847130054691
175,19,0.0,-0.01,1.5,0.0,0.01,1.5,7.865064711759456,-4.006089047322735,1.5,8.826550423310515,-26.99212487699495,1.6221738136293782,17.04271958199933,9.502535903537282,1.8087345690222343,1.5,9.673143715421123,10.776895078266175,2.7533258785489285,16.24440023793726,37.76901995526113,-86.92216765558896,-87.72384639760654,-86.93109927351622,-87.72048699965103,1,1,1,1,6,3,-30.0,3.0,-27.0,1,0,15.0,-6.0,9.0,6,3,-27.0,1,1,12.0,-16.884134894356066,-16.845858106786643,0,-7.9579773678501,-8.925148142026922,0.21416250913529966,0.17387084136649783,0.3880333505017975
176,19,0.0,-0.01,1.5,0.0,0.01,1.5,4.159696755754468,-2.197499323469582,1.5,4.704474505880919,-27.846756389498605,4.680348446691811,22.512469771742303,6.088205161612388,1.0792891794460284,1.5,6.183130859261593,10.0526948861135,3.8060653629477827,20.132349937715933,37.89945127561211,-81.452417465846,-83.83744143833289,-81.46966593347537,-83.83253729987237,1,1,1,1,6,3,-30.0,3.0,-27.0,1,0,15.0,-6.0,9.0,6,3,-27.0,1,0,9.0,-54.77415423974859,-54.77415423974859,1,-2.528340171461661,-4.928369222188063,0.6403281738034746,0.402161959339365,1.0424901331428396
177,19,0.0,-0.01,1.5,0.0,0.01,1.5,6.7544931408244535,-3.4972288567283374,1.5,7.606167712177926,-27.373464145693045,4.633462636313501,18.336007078048524,8.591238295201343,1.599147895465176,1.5,8.73880137298616,10.544198489306147,3.6413919877824488,17.126854068922817,37.91766263499919,-85.62888015953976,-86.84167022056387,-85.63938176893535,-86.83803316866548,1,1,1,1,6,3,-30.0,3.0,-27.0,1,0,15.0,-6.0,9.0,6,3,-27.0,1,1,12.0,-60.91101349085294,-60.90151166556769,0,-6.672391026725264,-8.001466572845908,0.2811459104233873,0.21217810271589288,0.4933240131392802
178,19,0.0,-0.01,1.5,0.0,0.01,1.5,7.344280986843569,-4.006308340581864,1.5,8.365941054868111,-28.612485215892875,1.3374494856779964,17.50875058102554,8.55157265860228,1.5857290233344967,1.5,8.697351980390321,10.50510882855841,2.060633055174007,17.168151853977506,39.11759404445128,-86.45613665656273,-86.80037585052989,-86.46607979302401,-86.7967353836108,1,1,1,1,6,3,-30.0,3.0,-27.0,1,0,15.0,-6.0,9.0,6,2,-30.0,1,1,12.0,-8.828014456690155,-8.817766505365402,0,-7.6311699991572794,-7.953796585040931,0.22963381878250197,0.21435418214584442,0.4439880009283464
179,19,0.0,-0.01,1.5,0.0,0.01,1.5,1.7881361210743503,-0.9199930805506962,1.5,2.010924676797215,-27.225745457966333,3.6258610873760793,29.905860715743252,7.06358400857022,0.8776154319421374,1.5,7.117894905975496,7.08242308670115,2.6269921560305134,18.908542800055553,34.30816854466748,-74.05902652184504,-85.05935383264868,-74.09854725201049,-85.05634443753274,1,1,1,1,6,3,-30.0,3.0,-27.0,1,0,15.0,-6.0,9.0,6,3,-27.0,0,4,6.0,-13.54941157843582,-13.461249240133611,0,4.889836475198047,-6.289309874717732,2.029654958924111,0.3045117688968037,2.334166727820915
180,20,0.0,-0.01,1.5,0.0,0.01,1.5,3.470017533988869,-3.6783228196392552,1.5,5.056785584901645,-46.66914788577513,1.9527030116335649,21.889083515739642,8.545141153079651,1.7489597432785073,1.5,8.722287401230497,11.567145400697832,1.2639293015166153,17.14346245432559,58.236293286472964,-82.07580372184864,-86.82541980787136,-82.10079303035513,-86.8214247832627,1,1,1,1,5,2,-45.0,0.0,-45.0,1,1,15.0,-3.0,12.0,5,1,-48.0,1,1,12.0,-5.303025911398499,-5.264870981165119,0,-3.262125278583641,-7.867275267743188,0.5576130922227455,0.21835673723191162,0.7759698294546571
181,20,0.0,-0.01,1.5,0.0,0.01,1.5,5.866791309024613,-6.088846706351815,1.5,8.455370747465665,-46.06404814083137,2.730193450862266,17.418822552480492,4.881265619938047,1.172705857189705,1.5,5.020158670786832,13.509074272214509,1.6985484709108363,21.943755199612404,59.57312241304588,-86.5460646851078,-82.02921484853591,-86.56086015724041,-82.02113203797589,1,1,1,1,5,2,-45.0,0.0,-45.0,1,1,15.0,-3.0,12.0,5,2,-45.0,1,2,15.0,-14.279256217358924,-14.277518485810708,0,-7.642524033652521,-3.1802621702246006,0.2290794323000525,0.5663868571924975,0.7954662894925499
182,20,0.0,-0.01,1.5,0.0,0.01,1.5,6.180883397345783,-6.427589181175019,1.5,8.917242973786399,-46.12094439774565,4.15970359381711,16.956486648587717,9.658889366217496,2.5197236066012034,1.5,9.982141595994959,14.620948062607756,1.839044876958528,15.971795010531945,60.74189246035341,-87.00840058900057,-87.99748472351988,-87.02244213904305,-87.99309222705634,1,1,1,1,5,2,-45.0,0.0,-45.0,1,1,15.0,-3.0,12.0,5,2,-45.0,1,2,15.0,-36.53886150940376,-36.440327965639305,0,-8.111436833094245,-9.396371797125946,0.20723609324241218,0.15692896513978988,0.36416505838220203
183,20,0.0,-0.01,1.5,0.0,0.01,1.5,6.3274531664635685,-5.96623161880917,1.5,8.696699563803968,-43.31698001480522,2.112382090920721,17.17383945107534,5.827710370724663,1.3920870153955298,1.5,5.991670420131987,13.43470265567086,3.282247849561194,20.40647669783281,56.75168267047608,-86.79104778651295,-83.56514633175833,-86.80475167722525,-83.55841053975547,1,1,1,1,5,2,-45.0,0.0,-45.0,1,1,15.0,-3.0,12.0,5,3,-42.0,1,1,12.0,-22.958415983300235,-22.935237525923736,0,-7.978462992174807,-4.705185544051332,0.21322561723171765,0.4205522645960252,0.6337778818277429
184,20,0.0,-0.01,1.5,0.0,0.01,1.5,3.725239610748544,-3.564174103365301,1.5,5.1556519662007645,-43.734209257514216,4.805463765661949,21.720052705979466,3.4537930177861824,0.8666753465478932,1.5,3.5608724164202368,14.086618248321482,1.2965579073788924,24.928856017561095,57.820827505835695,-82.24483453160883,-79.04790430312933,-82.26812854428253,-79.0360312200272,1,1,1,1,5,2,-45.0,0.0,-45.0,1,1,15.0,-3.0,12.0,5,2,-45.0,1,2,15.0,-35.02271951366089,-34.951727671944084,0,-3.3677221005976046,-0.3084119060228143,0.5464604261180854,0.9496831488799703,1.4961435749980558
185,20,0.0,-0.01,1.5,0.0,0.01,1.5,5.584782814890346,-5.5883616204314315,1.5,7.900606602673339,-45.01835208050669,1.8501713882952622,18.00864597138315,9.221726736101663,1.6189020195240629,1.5,9.362750009700747,9.956987038191372,1.8482543519881602,16.52760844333791,54.97533911869806,-85.95624126620514,-87.4404864788015,-85.9717936458006,-87.43727879425037,1,1,1,1,5,2,-45.0,0.0,-45.0,1,1,15.0,-3.0,12.0,5,2,-45.0,1,0,9.0,-10.141421600364673,-10.087786282156838,0,-6.992237121230947,-8.696380815765535,0.262893973515997,0.18270342041101523,0.44559739392701225
186,20,0.0,-0.01,1.5,0.0,0.01,1.5,3.683240880932675,-3.756490456597474,1.5,5.260939453888593,-45.56410046827311,2.4205616936759142,21.544600702865647,9.592608529861051,1.839549185700721,1.5,9.76739881512858,10.855669238568808,4.4970477239661495,16.160169929917224,56.41976970684192,-82.42028653472263,-87.80806655158779,-82.44386401277019,-87.80471730767107,1,1,1,1,5,2,-45.0,0.0,-45.0,1,1,15.0,-3.0,12.0,5,2,-45.0,1,1,12.0,-43.76812428709687,-43.76812428709687,1,-3.474377627602108,-8.910476283353477,0.5353828481384573,0.1744250465589265,0.7098078946973838
187,20,0.0,-0.01,1.5,0.0,0.01,1.5,1.6393513752170255,-1.6276232203495478,1.5,2.3101147761197893,-44.794314014674455,2.1136576314024644,28.70789772757299,6.236223382610634,1.262496001095153,1.5,6.3627335501811535,11.444602266061008,4.272813364114775,19.883902389438557,56.23891628073547,-75.2569895100153,-84.08640224805202,-75.30997202182893,-84.08098484814973,1,1,1,1,5,2,-45.0,0.0,-45.0,1,1,15.0,-3.0,12.0,5,2,-45.0,1,1,12.0,-28.36885917311265,-28.36885917311265,1,3.695569577976903,-5.133940908913921,1.7406420522105064,0.3858438606739953,2.1264859128845015
188,20,0.0,-0.01,1.5,0.0,0.01,1.5,5.956557915199663,-6.3324548955650135,1.5,8.693708483811328,-46.752020087285594,1.7573163334744621,17.177254880862506,7.871077274099065,1.840649460870649,1.5,8.08343045325697,13.162079897572069,2.6795822128172437,17.8046054168887,59.914099984857664,-86.78763235672578,-86.16517697681395,-86.80218799320072,-86.1602818206996,1,1,1,1,5,2,-45.0,0.0,-45.0,1,1,15.0,-3.0,12.0,5,1,-48.0,1,1,12.0,-16.135360633245803,-16.108711672095946,0,-7.987732350658648,-7.26849217451016,0.21280294226016142,0.24800594529821174,0.4608088875583731
189,20,0.0,-0.01,1.5,0.0,0.01,1.5,1.5003186843202252,-1.4321529117920044,1.5,2.074130689535905,-43.66839022177886,1.470724397755394,29.646266353807782,8.95669451357915,2.2227357265141734,1.5,9.228376385881827,13.937233375996746,1.6576969221324092,16.65383446449477,57.605623597775605,-74.31862088378051,-87.31558666567615,-74.37645112313797,-87.31105277309352,1,1,1,1,5,2,-45.0,0.0,-45.0,1,1,15.0,-3.0,12.0,5,2,-45.0,1,2,15.0,-2.184898266417541,-2.1450914378670607,0,4.538897867751318,-8.547640827028061,1.9425105061294525,0.188670206999773,2.1311807131292255
190,21,0.0,-0.01,1.5,0.0,0.01,1.5,4.126199638775097,3.932905026585535,1.5,5.700286432028614,43.62604557161643,3.6721765101938852,20.846657325334753,3.803889000835852,-0.303840377771302,1.5,3.816004521203321,-4.566875762488926,1.9716970897453643,24.323682724901225,48.19292133410536,-83.13925709550477,-79.64120451268707,-83.11822991225354,-79.6448281417984,1,1,1,1,3,2,45.0,0.0,45.0,0,0,0.0,-6.0,-6.0,3,2,45.0,0,0,-6.0,-21.740586674081655,-21.740586674081655,1,-4.277064220945762,-0.793570457180971,0.4578595949304613,0.8742036954646476,1.3320632903951088
191,21,0.0,-0.01,1.5,0.0,0.01,1.5,5.010751767204941,5.357319535306489,1.5,7.335428131740095,46.9144814171848,2.7509823868392425,18.65421737143066,3.1589347068729983,-0.29649846787016304,1.5,3.172818908121948,-5.362087999311883,3.275452499688082,25.927688169481048,52.276569416496685,-85.32796538771242,-78.03719906810724,-85.31066986615762,-78.04231676598049,1,1,1,1,3,2,45.0,0.0,45.0,0,0,0.0,-6.0,-6.0,3,3,48.0,0,0,-6.0,-19.671163328973712,-19.58342077172482,0,-6.5602360044867405,0.8954190970978801,0.2878132472713752,1.156378349762192,1.4441915970335673
192,21,0.0,-0.01,1.5,0.0,0.01,1.5,2.8639157411773377,2.8364473000119124,1.5,4.0308121586484535,44.723909941183244,3.4774306937304904,23.86138984739876,5.4282678358124095,-0.5932256753055961,1.5,5.460586818205285,-6.236791776630482,3.863236884941712,21.211004856120688,50.96070171781373,-80.1338227113489,-82.7538823814676,-80.10349739018955,-82.75733737846457,1,1,1,1,3,2,45.0,0.0,45.0,0,0,0.0,-6.0,-6.0,3,2,45.0,0,0,-6.0,-35.409200539577064,-35.409200539577064,1,-1.1763548787248983,-3.7972654813256526,0.8178024326508299,0.5029740909818063,1.3207765236326363
193,21,0.0,-0.01,1.5,0.0,0.01,1.5,3.247589605391873,3.3147888236515763,1.5,4.640545570345662,45.586692319827684,3.825773489187567,22.63606750906674,9.385904269125808,-0.8263770604834806,1.5,9.422213009441434,-5.031602502841059,3.006172234322057,16.471824526230876,50.618294822668744,-81.35556101301441,-87.49306271135742,-81.32881972852155,-87.49468157513724,1,1,1,1,3,2,45.0,0.0,45.0,0,0,0.0,-6.0,-6.0,3,2,45.0,0,0,-6.0,-35.165925924883716,-35.165925924883716,1,-2.411613771147673,-8.580591169429402,0.6543467849069711,0.18733285575688174,0.8416796406638528
194,21,0.0,-0.01,1.5,0.0,0.01,1.5,6.255276791187053,5.785411440841498,1.5,8.520532452504543,42.765273199270695,1.498505937318186,17.351665056405267,6.450250274607018,-0.6899447976521621,1.5,6.487044968926544,-6.105373915999489,1.8326612644986162,19.714553685084123,48.87064711527018,-86.62706643121255,-84.25033355250417,-86.61322218118302,-84.2531817279698,1,1,1,1,3,2,45.0,0.0,45.0,0,0,0.0,-6.0,-6.0,3,1,42.0,0,0,-6.0,-6.959617916262047,-6.891619763446853,0,-7.9301868207501744,-5.290174524714956,0.2154395896618982,0.3738312165642892,0.5892708062261873
195,21,0.0,-0.01,1.5,0.0,0.01,1.5,1.5435373713041816,1.46269680390145,1.5,2.126497015459025,43.45963185892646,3.822558351399922,29.428872322924388,9.615778553846752,-1.1020062322819553,1.5,9.678719694908382,-6.537799748871252,3.334844054569125,16.238736957834497,49.99743160779771,-74.59220584374555,-87.72615027975378,-74.5360149146639,-87.7281938989388,1,1,1,1,3,2,45.0,0.0,45.0,0,0,0.0,-6.0,-6.0,3,1,42.0,0,0,-6.0,-25.50446678252084,-25.47690754724136,0,4.233676520659142,-8.779362748402516,1.868190181081913,0.1794519238543997,2.0476421049363127
196,21,0.0,-0.01,1.5,0.0,0.01,1.5,7.037715512682727,7.104204821515968,1.5,9.999958289088301,45.26937845917563,1.4067297782014148,15.96028590169897,9.44441223027351,-1.036082220059803,1.5,9.5010730310878,-6.260495723708916,1.16550418902795,16.399616125092397,51.52987418288454,-88.016943274071,-87.56527111249589,-88.00460133588933,-87.56726462916696,1,1,1,1,3,2,45.0,0.0,45.0,0,0,0.0,-6.0,-6.0,3,2,45.0,0,0,-6.0,-4.6265140482598355,-4.6265140482598355,1,-9.0564811777193,-8.606608310511048,0.16898325548814888,0.1862831788352402,0.3552664343233891
197,21,0.0,-0.01,1.5,0.0,0.01,1.5,4.743575507304591,4.454109369216978,1.5,6.506965411499163,43.19740338746225,1.9790560383690718,19.6956457594642,4.974618627464505,-0.4294452555973701,1.5,4.9931206390665075,-4.933956007197793,3.652085402549976,21.988115835996513,48.131359394660045,-84.28751771693193,-81.97677140159178,-84.26924147812409,-81.97976327992946,1,1,1,1,3,2,45.0,0.0,45.0,0,0,0.0,-6.0,-6.0,3,1,42.0,0,0,-6.0,-23.22323047048971,-23.169743583810614,0,-5.497804599749392,-3.0778649319199665,0.35837465637061017,0.5775196981686197,0.9358943545392299
198,21,0.0,-0.01,1.5,0.0,0.01,1.5,6.138498167674497,5.795564643785041,1.5,8.442140089742315,43.3540192189405,4.869146835602436,17.432091090771237,4.962991578941123,-0.5077850691809525,1.5,4.988900789665355,-5.841850270970767,2.3937805414105062,21.995735703427336,49.19586948991127,-86.54692326525904,-81.96915153416097,-86.53279614681706,-81.97269521766587,1,1,1,1,3,2,45.0,0.0,45.0,0,0,0.0,-6.0,-6.0,3,1,42.0,0,0,-6.0,-48.87168157420028,-48.82747631345591,0,-7.7277858470918765,-3.0113204460143024,0.2249556375809081,0.5848495098275596,0.8098051474084677
199,21,0.0,-0.01,1.5,0.0,0.01,1.5,5.693754213747359,6.01209267003645,1.5,8.280343913127751,46.55776474757941,3.0619650906277176,17.600725602728023,5.3441387548275054,-0.651644856716964,1.5,5.383721765668705,-6.952118868602642,3.6398682327157226,21.334362598385283,53.50988361618205,-86.3793931109457,-82.63052463920302,-86.36416163486027,-82.63442935374299,1,1,1,1,3,2,45.0,0.0,45.0,0,0,0.0,-6.0,-6.0,3,3,48.0,0,0,-6.0,-34.83657890159189,-34.825206884384585,0,-7.5451608812276305,-3.7199233225359314,0.23387376429507734,0.5105842998057588,0.7444580641008361
200,22,0.0,-0.01,1.5,0.0,0.01,1.5,6.316371093023457,4.99301312037194,1.5,8.051504443580011,38.32593380152429,1.798136320679625,17.84322581940595,6.582643136793521,-3.3114322193292933,1.5,7.368634473875535,-26.70491557221817,3.7478551877348174,18.6116307847841,65.03084937374246,-86.13504166748612,-85.3532564528042,-86.12166141818234,-85.36385194754394,1,1,1,1,2,4,30.0,6.0,36.0,6,3,-30.0,3.0,-27.0,3,0,39.0,6,3,-27.0,-28.144555831202503,-28.04533844902479,0,-7.4605124085669425,-6.404622109285092,0.23811693718971041,0.29730070209360965,0.5354176392833201
201,22,0.0,-0.01,1.5,0.0,0.01,1.5,4.255691346305851,3.023213978967879,1.5,5.22022332833082,35.38972533576057,3.362179021132228,21.60992672863507,7.576046838172848,-3.9299789610706934,1.5,8.534706809764884,-27.41745893256938,4.875326244532265,17.33498700257437,62.807184268329955,-82.37423307889317,-86.62990023501392,-82.35496050895323,-86.63927111102241,1,1,1,1,2,4,30.0,6.0,36.0,6,3,-30.0,3.0,-27.0,2,4,36.0,6,3,-27.0,-58.37741470553226,-58.37741470553226,1,-3.4312664426185773,-7.684453728840093,0.5398380022443292,0.22704280548372,0.7668808077280492
202,22,0.0,-0.01,1.5,0.0,0.01,1.5,1.7916649330809564,1.3193879228789818,1.5,2.225050049655266,36.36805273647407,2.674751628856897,29.03040341681062,7.8214724814092085,-3.7083950881547554,1.5,8.656074509111612,-25.36703548872392,1.933943067486977,17.211953575616782,61.73508822519799,-74.98077790049541,-86.75293366197151,-74.93448382077767,-86.76153045492532,1,1,1,1,2,4,30.0,6.0,36.0,6,3,-30.0,3.0,-27.0,2,4,36.0,6,4,-24.0,-5.406395657133306,-5.390873244807091,0,3.9658880977083815,-7.9400714020195196,1.8041502151368556,0.21498454880070594,2.0191347639375614
203,22,0.0,-0.01,1.5,0.0,0.01,1.5,4.821949638849909,3.678284654930655,1.5,6.064732172347193,37.33715037709951,1.3352402287739427,20.30652857364228,3.677881485047799,-1.955985424710544,1.5,4.165656154765716,-28.005114598433284,3.734256098093854,23.570186391860197,65.3422649755328,-83.67573108828823,-80.3947008457281,-83.65835866394602,-80.4142823050533,1,1,1,1,2,4,30.0,6.0,36.0,6,3,-30.0,3.0,-27.0,2,4,36.0,6,3,-27.0,-18.078981304703085,-18.078981304703085,1,-4.8080032523133305,-1.5065838791067856,0.411991789936845,0.7713560192629308,1.1833478091997758
204,22,0.0,-0.01,1.5,0.0,0.01,1.5,6.980784886312535,4.758603785277186,1.5,8.448412135675193,34.281148829106364,4.49628216398791,17.424365276661305,5.214660571915577,-2.65075045447599,1.5,5.849714766738252,-26.945439897694783,1.9999869541170794,20.61810617173638,61.22658872680115,-86.55210447052605,-83.3467810658519,-86.540521960927,-83.3602396826937,1,1,1,1,2,4,30.0,6.0,36.0,6,3,-30.0,3.0,-27.0,2,3,33.0,6,3,-27.0,-40.65498628427178,-40.59383985512011,0,-7.746087752140047,-4.397094880160629,0.22407943072316946,0.4471253009552808,0.6712047316784503
205,22,0.0,-0.01,1.5,0.0,0.01,1.5,7.156639249621396,5.12975347377065,1.5,8.80521754705036,35.63229018885269,4.54553460643943,17.065021254189922,5.979171449714812,-2.870865538649433,1.5,6.632673681562332,-25.64772852535137,3.283595428972587,19.5259674421568,61.28001871420406,-86.91135977860299,-84.4389197954315,-86.89986598339837,-84.45025656674406,1,1,1,1,2,4,30.0,6.0,36.0,6,3,-30.0,3.0,-27.0,2,4,36.0,6,3,-27.0,-54.1397419421498,-54.1397419421498,1,-7.954407163275806,-5.5844627134057,0.21432617953429492,0.3520918004921353,0.5664179800264302
206,22,0.0,-0.01,1.5,0.0,0.01,1.5,6.8264755017244445,4.979341753509087,1.5,8.449533245918555,36.107616800449506,1.256148113665061,17.423478655099004,8.660275110103601,-4.20340617448763,1.5,9.626473313233703,-25.890376178104486,4.431543170915703,16.288670074843708,61.997992978553995,-86.55352327801077,-87.67621716274459,-86.5414085824893,-87.68409645763046,1,1,1,1,2,4,30.0,6.0,36.0,6,3,-30.0,3.0,-27.0,2,4,36.0,6,3,-27.0,-37.85305376956724,-37.85305376956724,1,-7.590014576664302,-8.785686426917769,0.23165371455738507,0.17920638278921264,0.4108600973465977
207,22,0.0,-0.01,1.5,0.0,0.01,1.5,4.755267134176674,3.387055222058945,1.5,5.838211078289103,35.46129914539227,3.2118404300956698,20.63710959293575,5.227828112901486,-2.69964754721677,1.5,5.883730420170237,-27.31180535719893,1.1410692394469333,20.567789661390048,62.773104502591195,-83.3450412546395,-83.39709757619823,-83.32777764465254,-83.41064390570241,1,1,1,1,2,4,30.0,6.0,36.0,6,3,-30.0,3.0,-27.0,2,4,36.0,6,3,-27.0,-15.374846270987549,-15.374846270987549,1,-4.3972744829039945,-4.452524569260321,0.44710940125303567,0.44224112329601106,0.8893505245490467
208,22,0.0,-0.01,1.5,0.0,0.01,1.5,5.4394772036249375,3.6815300479906377,1.5,6.5682247025367,34.090805537650525,2.2957234060931175,19.612528484528895,5.578506345544926,-2.9487575583317978,1.5,6.309905243750013,-27.860601913764107,4.885462266577727,19.960048446780654,61.95140745141463,-84.3671837689886,-84.00483879080764,-84.3523587530594,-84.01770538313102,1,1,1,1,2,4,30.0,6.0,36.0,6,3,-30.0,3.0,-27.0,2,3,33.0,6,3,-27.0,-47.25991265322022,-47.176344303731504,0,-5.598621181776275,-5.093814902537361,0.35107457928679847,0.3889829724120842,0.7400575516988827
209,22,0.0,-0.01,1.5,0.0,0.01,1.5,2.3772291099529936,1.8004522258025566,1.5,2.9820876007597903,37.13935217257505,3.392838246849597,26.481241492768746,4.156542439624481,-2.216598632723977,1.5,4.710642689802872,-28.070082926221865,2.99885987347085,22.501139249547187,65.20943509879692,-77.51881669649362,-81.4637479880411,-77.48364574481955,-81.48110073602768,1,1,1,1,2,4,30.0,6.0,36.0,6,3,-30.0,3.0,-27.0,2,4,36.0,6,3,-27.0,-18.52538948525003,-18.52538948525003,1,1.3704957534233186,-2.579936143603781,1.245518944864311,0.6342080864992045,1.8797270313635153
210,23,0.0,-0.01,1.5,0.0,0.01,1.5,3.0593525435669267,-3.8415228537398214,1.5,4.910899695741582,-51.46651492035367,4.239305499193502,22.14469633321273,7.463153998133752,-5.127299421978533,1.5,9.054715178429479,-34.48965263810005,4.8015652887922435,16.822011827858795,16.97686228225362,-81.82019090437556,-87.1428754097295,-81.8478615848803,-87.15374054146335,1,1,1,1,5,0,-45.0,-6.0,-51.0,6,1,-30.0,-3.0,-33.0,5,0,-51.0,6,1,-33.0,-68.12520749856215,-68.12520749856215,1,-2.9002814015103566,-8.3305198363535,0.5972481176199652,0.19770821613210085,0.7949563337520661
211,23,0.0,-0.01,1.5,0.0,0.01,1.5,4.807101520669468,-6.244291225375466,1.5,7.880317121621677,-52.40950536375796,2.195923431184936,18.03194016724764,4.134250768524968,-2.5319435128294137,1.5,4.84796528135343,-31.484596214451447,4.86929707447667,22.25223764254736,20.92490914930651,-85.93294707034065,-81.71264959504093,-85.95041548206262,-81.7313648239963,1,1,1,1,5,0,-45.0,-6.0,-51.0,6,1,-30.0,-3.0,-33.0,5,0,-51.0,6,2,-30.0,-43.17797798202081,-43.16477739691903,0,-7.08275062990232,-2.9104507031458,0.25792838978803284,0.5961038503634469,0.8540322401514797
212,23,0.0,-0.01,1.5,0.0,0.01,1.5,3.5147810078272137,-4.386188135438306,1.5,5.620705640081381,-51.293781307070184,1.6645546355124563,20.970323920422693,2.8062075423348842,-1.8606628581393145,1.5,3.3670264392066116,-33.54646667009504,4.496707465262508,25.423387321154713,17.74731463697514,-82.99456331716559,-78.54149991643358,-83.01868267340767,-78.57001092850238,1,1,1,1,5,0,-45.0,-6.0,-51.0,6,1,-30.0,-3.0,-33.0,5,0,-51.0,6,1,-33.0,-25.12002638434756,-25.12002638434756,1,-4.061839295270737,0.26814971190455944,0.477655239109546,1.04522609057234,1.5228813296818862
213,23,0.0,-0.01,1.5,0.0,0.01,1.5,5.574627979832233,-7.132189378185402,1.5,9.052325802788424,-51.98827440526323,3.752651642144816,16.82643590408153,2.997126400180734,-2.0092542653177383,1.5,3.6083056080877975,-33.8376458227817,4.1984011446002345,24.821402283047217,18.15062858248153,-87.13845133350675,-79.14348495454108,-87.1535723013872,-79.17029195562705,1,1,1,1,5,0,-45.0,-6.0,-51.0,6,1,-30.0,-3.0,-33.0,5,0,-51.0,6,1,-33.0,-45.27071276280577,-45.27071276280577,1,-8.233576933799236,-0.3521354093425389,0.20187275906748786,0.9426968420771498,1.1445696011446376
214,23,0.0,-0.01,1.5,0.0,0.01,1.5,3.2585864117720993,-4.441096587463532,1.5,5.5083322614168795,-53.73121286248504,4.488251208588622,21.1463942432559,2.325366805368968,-1.4295658342515367,1.5,2.7296500240820567,-31.581954614470817,2.0838658518277864,27.24857714653226,22.14925824801422,-82.81849299433239,-76.71631009105603,-82.84392063370422,-76.74964031330008,1,1,1,1,5,0,-45.0,-6.0,-51.0,6,1,-30.0,-3.0,-33.0,5,0,-51.0,6,1,-33.0,-31.625328264750213,-31.625328264750213,1,-4.261712918631724,2.038246822000089,0.45924813474290266,1.377908030267548,1.8371561650104506
215,23,0.0,-0.01,1.5,0.0,0.01,1.5,3.4853525595151926,-4.770904662837873,1.5,5.908401963814519,-53.85025301777584,3.7147845131403727,20.536551350428567,4.665728759413979,-3.2563997483287643,1.5,5.689742013249665,-34.91273761945123,1.0521816200763565,20.860958859683056,18.937515398324614,-83.42833588715973,-83.10392837790523,-83.45207715651006,-83.1214012899421,1,1,1,1,5,0,-45.0,-6.0,-51.0,6,1,-30.0,-3.0,-33.0,5,0,-51.0,6,0,-36.0,-21.810607803186063,-21.796998650265426,0,-4.905493704404309,-4.420769043846184,0.4040143256116412,0.44503365163216846,0.8490479772438096
216,23,0.0,-0.01,1.5,0.0,0.01,1.5,2.4324160288118617,-2.9066265818566244,1.5,3.7901353305095045,-50.07565753987244,2.606152281114683,24.398563087562408,2.1570038324961733,-1.4739142828953162,1.5,2.612487099820015,-34.34540322632092,4.952913554245718,27.631728570528935,15.73025431355152,-79.56632415002589,-76.33315866705937,-79.60147389801229,-76.37067334925862,1,1,1,1,5,0,-45.0,-6.0,-51.0,6,1,-30.0,-3.0,-33.0,5,0,-51.0,6,1,-33.0,-28.609872648993274,-28.609872648993274,1,-0.7491602874693963,2.2439413081838944,0.880926711901118,1.4203280373139748,2.3012547492150928
217,23,0.0,-0.01,1.5,0.0,0.01,1.5,5.233705821268593,-6.499121046988689,1.5,8.344474279844842,-51.15570111172751,3.770826188085063,17.534207334452617,3.1248305347644334,-2.0156236759699127,1.5,3.7185083937146945,-32.823414265422,3.3592736094567877,24.559351982609062,18.332286846305507,-86.43067990313568,-79.40553525497923,-86.44689530042481,-79.43085875586793,1,1,1,1,5,0,-45.0,-6.0,-51.0,6,1,-30.0,-3.0,-33.0,5,0,-51.0,6,1,-33.0,-35.781655440130066,-35.781655440130066,1,-7.48042088094773,-0.5340564845631378,0.23711266210218215,0.9140204539758127,1.1511331160779947
218,23,0.0,-0.01,1.5,0.0,0.01,1.5,4.774015732478674,-5.801577609150701,1.5,7.513290156046994,-50.54963912634521,2.5526419279135872,18.446403573409075,6.50473548351684,-4.355591311475899,1.5,7.82833056169241,-33.80638881621681,3.533330428412191,18.08686527697941,16.743250310128403,-85.51848366417921,-85.87802196060889,-85.53633781474173,-85.8903694548176,1,1,1,1,5,0,-45.0,-6.0,-51.0,6,1,-30.0,-3.0,-33.0,5,0,-51.0,6,1,-33.0,-31.10825416951798,-31.10825416951798,1,-6.585895326110901,-6.98336335413652,0.2862753741906015,0.2633854529578611,0.5496608271484626
219,23,0.0,-0.01,1.5,0.0,0.01,1.5,2.2500269300905886,-2.74936835870438,1.5,3.5526958155712816,-50.7038063708103,1.22276156212226,24.961843330549872,3.02000446427525,-1.8248388113396319,1.5,3.528521454039054,-31.142485653654568,1.0975033663953444,25.01493660748193,19.56132071715573,-79.00304390703842,-78.94995063010637,-79.04088382101526,-78.97541244483406,1,1,1,1,5,0,-45.0,-6.0,-51.0,6,1,-30.0,-3.0,-33.0,5,0,-51.0,6,2,-30.0,1.7848070529473445,1.8344653988479787,0,-0.13164892393847377,-0.22885275799076515,0.9782992914029571,0.9624890801406123,1.9407883715435694
220,24,0.0,-0.01,1.5,0.0,0.01,1.5,8.600350892299257,-2.274168732778436,1.5,8.895947329869918,-14.811569798934627,3.729866344139685,16.972724445236903,4.524070616491573,-1.6772197488852794,1.5,4.824964355210642,-20.34137743666513,3.0349523869265065,22.29043900927687,5.529807637730503,-86.9921627923514,-81.67444822831142,-86.99715599237578,-81.68696259400903,1,1,1,1,7,3,-15.0,3.0,-12.0,7,0,-15.0,-6.0,-21.0,7,3,-12.0,7,0,-21.0,-37.21729445030808,-37.21729445030808,1,-8.856875500442529,-3.634954068935265,0.1764638832727198,0.519055369436837,0.6955192527095568
221,24,0.0,-0.01,1.5,0.0,0.01,1.5,4.783474708240008,-0.91155313707413,1.5,4.869554333415073,-10.789095695120196,3.3007801047867837,22.20761516633474,7.239834397774669,-2.511120119101437,1.5,7.662958068510966,-19.128986936201457,2.5256242356950955,18.269858365065918,8.339891241081261,-81.75727207125355,-85.69502887252239,-81.7639491883011,-85.70245855789067,1,1,1,1,7,3,-15.0,3.0,-12.0,7,0,-15.0,-6.0,-21.0,7,3,-12.0,7,0,-21.0,-24.93322342358554,-24.93322342358554,1,-3.459860308018291,-7.391824399530237,0.5368796811712175,0.24161197870744988,0.7784916598786674
222,24,0.0,-0.01,1.5,0.0,0.01,1.5,9.569232570596995,-1.9269024353156157,1.5,9.761309593768637,-11.385078413791778,3.5818105380363234,16.165668421722348,2.86474481708719,-1.166813774567533,1.5,3.093253505865378,-22.161122747259736,1.1275785087428174,26.1563279887174,10.776044333467958,-87.79921881586594,-77.80855924887089,-87.80273301343185,-77.8297446335388,1,1,1,1,7,3,-15.0,3.0,-12.0,7,0,-15.0,-6.0,-21.0,7,4,-9.0,6,4,-24.0,-22.221579399703494,-22.16558247868206,0,-9.03253048428077,-0.2904519985157558,0.16986482499969807,0.9525634289938787,1.1224282539935768
223,24,0.0,-0.01,1.5,0.0,0.01,1.5,9.082503762590228,-1.8433956390623591,1.5,9.267684828455259,-11.472976544576234,4.416648833654266,16.616513239022662,6.5724086483926225,-2.124039769623767,1.5,6.907105065395308,-17.909548311539073,1.4395074472602842,19.172016632275817,6.436571766962839,-87.34837399856562,-84.79287060531247,-87.35210207035132,-84.80060489708478,1,1,1,1,7,3,-15.0,3.0,-12.0,7,0,-15.0,-6.0,-21.0,7,3,-12.0,7,1,-18.0,-38.117844279533934,-38.06232749517598,0,-8.599369433804652,-7.028500524651907,0.18657468105735536,0.2608941799771768,0.44746886103453215
224,24,0.0,-0.01,1.5,0.0,0.01,1.5,7.283756256170094,-1.5218502927427173,1.5,7.441043845645454,-11.801464727276851,3.6984601887359134,18.523780996242245,5.126243337018772,-2.0228082989897476,1.5,5.510909558756262,-21.534121301091393,1.5027275837192082,21.13538842217748,9.732656573814541,-85.44110624134605,-82.8294988154108,-85.44588010097534,-82.84106975757867,1,1,1,1,7,3,-15.0,3.0,-12.0,7,0,-15.0,-6.0,-21.0,7,3,-12.0,6,4,-24.0,-24.99205391852171,-24.980300318326464,0,-6.8096095687289235,-4.437547936517892,0.2731790668811838,0.443556272993734,0.7167353398749179
225,24,0.0,-0.01,1.5,0.0,0.01,1.5,8.180124989215651,-1.5162407399359634,1.5,8.319460969355642,-10.500976381888982,1.8182492581441099,17.554070368227723,8.855962985310072,-3.4178173872290514,1.5,9.49260533729425,-21.103298010856346,3.3843247292520062,16.409661451676328,10.602321628967363,-86.41081686936056,-87.55522578591197,-86.41462281199468,-87.56181539291094,1,1,1,1,7,3,-15.0,3.0,-12.0,7,0,-15.0,-6.0,-21.0,7,4,-9.0,7,0,-21.0,-25.24313346764752,-25.181987957840455,0,-7.7625421264189765,-8.808681541649099,0.2232943688369682,0.1783161667707887,0.40161053560775695
226,24,0.0,-0.01,1.5,0.0,0.01,1.5,7.178164265670904,-1.696526898091972,1.5,7.375923382255558,-13.29758674373938,4.765750054798659,18.60045230454694,9.11531173479318,-3.364683206634122,1.5,9.716480901204093,-20.260329716130375,1.3987799869651107,16.206989833032384,6.962742972390995,-85.36443493304135,-87.75789740455592,-85.36985367572049,-87.76408799730007,1,1,1,1,7,3,-15.0,3.0,-12.0,7,0,-15.0,-6.0,-21.0,7,3,-12.0,6,4,-24.0,-43.095568743958104,-43.005670846264415,0,-6.943492419452467,-9.069049609157881,0.2656040809066482,0.1685223676371566,0.43412644854380483
227,24,0.0,-0.01,1.5,0.0,0.01,1.5,6.782932904598451,-1.4806310377663472,1.5,6.942654179655028,-12.313808335978347,3.389249256618212,19.126227468686466,6.937447162776284,-2.7124837819570518,1.5,7.448875177078263,-21.355082461794105,1.8008613616308353,18.51650412563568,9.041274125815757,-84.83865976890183,-85.44838311195262,-84.84399628555414,-85.45687468243318,1,1,1,1,7,3,-15.0,3.0,-12.0,7,0,-15.0,-6.0,-21.0,7,3,-12.0,6,4,-24.0,-23.1343115459842,-23.09279750252201,0,-6.300588126817236,-6.818609713779543,0.3037996094207278,0.272663753622434,0.5764633630431618
228,24,0.0,-0.01,1.5,0.0,0.01,1.5,8.818084804803815,-2.435705818818962,1.5,9.148293964479961,-15.441062882053608,2.164622125560248,16.729799518965354,4.5063861156263485,-1.7057385310203037,1.5,4.818408425955321,-20.732448195994177,2.5326212367287098,22.302373594402432,5.2913853139405695,-87.23508771862294,-81.66251364318586,-87.24014410885275,-81.67527839171676,1,1,1,1,7,3,-15.0,3.0,-12.0,7,0,-15.0,-6.0,-21.0,7,3,-12.0,7,0,-21.0,-15.387151395981997,-15.387151395981997,1,-9.32431269670154,-3.5419455111773095,0.15941458847727705,0.5284614500632575,0.6878760385405346
229,24,0.0,-0.01,1.5,0.0,0.01,1.5,8.709343869927556,-1.9369484205167107,1.5,8.922132022582208,-12.53845339217477,2.8168448778975113,16.946814241593977,6.993854670556377,-2.698273956890912,1.5,7.496311459597913,-21.096934070577387,1.740161223846716,18.461290603344917,8.558480678402617,-87.01807299599432,-85.50359663424338,-87.02230174147871,-85.5119372251287,1,1,1,1,7,3,-15.0,3.0,-12.0,7,0,-15.0,-6.0,-21.0,7,3,-12.0,7,0,-21.0,-17.58639053838059,-17.58639053838059,1,-8.34108897951488,-6.881914842044141,0.1972590560270643,0.26906403571859605,0.46632309174566033
230,26,0.0,-0.01,1.5,0.0,0.01,1.5,7.06615331161919,-6.132707680026206,1.5,9.356314771957988,-40.95468150453676,1.9100350163124635,16.53806494289049,6.62905369342665,6.05650980949466,1.5,8.979179469352339,42.4157946707678,3.787536512008694,16.895868658849253,83.37047617530456,-87.4268222946978,-87.08206770437084,-87.43899061912252,-87.06901857873903,1,1,1,1,5,4,-45.0,6.0,-39.0,3,1,45.0,-3.0,42.0,5,3,-42.0,3,1,42.0,-31.20709436021823,-31.160604993935227,0,-8.667026685560042,-8.11405347781345,0.1838667842762727,0.20711981627431866,0.39098660055059137
231,26,0.0,-0.01,1.5,0.0,0.01,1.5,4.758318882498031,-3.7294121996558554,1.5,6.04566902356383,-38.088168857694455,2.732705889552694,20.334050247660183,6.104346668787716,5.436834660088744,1.5,8.1744858782606,41.68984836171283,3.563607824369831,17.71193607069592,79.77801721940729,-83.63083698992811,-86.26708688445369,-83.64856186396213,-86.25295116689237,1,1,1,1,5,4,-45.0,6.0,-39.0,3,1,45.0,-3.0,42.0,5,4,-39.0,3,1,42.0,-32.03483775175216,-32.03483775175216,1,-4.711922124415764,-7.294020101630813,0.41998672807560866,0.24666988935672995,0.6666566174323386
232,26,0.0,-0.01,1.5,0.0,0.01,1.5,4.987576788380994,-4.305931602812059,1.5,6.589155422972849,-40.80507376805791,1.2866531012625564,19.586095963487242,1.9410487253223658,1.7357085990146293,1.5,2.6039113838164516,41.803456814371884,1.9729999400140992,27.66378101776041,82.6085305824298,-84.37879127410105,-76.34557471208481,-84.39601996068885,-76.30110621982789,1,1,1,1,5,4,-45.0,6.0,-39.0,3,1,45.0,-3.0,42.0,5,3,-42.0,3,1,42.0,-0.3234737879148115,-0.28990886174754626,0,-5.5895195940640825,2.6537828832182555,0.35172818835099573,1.5070974568802131,1.8588256452312089
233,26,0.0,-0.01,1.5,0.0,0.01,1.5,3.095406254521733,-2.4052787206409905,1.5,3.9200644898395005,-37.84891561850326,3.559041318065452,24.101801932127028,2.6945556345906825,2.448495411220942,1.5,3.640846034464298,42.26087295117274,2.7196210540948003,24.74607271370687,80.109788569676,-79.86308530546127,-79.25090282648023,-79.89027570902634,-79.21881452388142,1,1,1,1,5,4,-45.0,6.0,-39.0,3,1,45.0,-3.0,42.0,5,4,-39.0,3,1,42.0,-19.11274467679865,-19.11274467679865,1,-0.9726151862344018,-0.2616335733051648,0.8474780559488287,0.9571979949542533,1.804676050903082
234,26,0.0,-0.01,1.5,0.0,0.01,1.5,5.070307688061177,-4.098075601906251,1.5,6.519374486141408,-38.94687227663515,3.7571899831132094,19.678332176640033,6.5341124317159105,5.713220935543817,1.5,8.679603604349715,41.165420413924025,2.886768893026665,17.190666361393912,80.11229269055917,-84.28655506094826,-86.7873957979503,-84.30330540584217,-86.77422087619439,1,1,1,1,5,4,-45.0,6.0,-39.0,3,1,45.0,-3.0,42.0,5,4,-39.0,3,1,42.0,-36.56818682251486,-36.56818682251486,1,-5.323089096568541,-7.847326041502619,0.3713426090642882,0.21928937776885804,0.5906319868331462
235,26,0.0,-0.01,1.5,0.0,0.01,1.5,2.806576939594336,-2.1423581252915507,1.5,3.530803372444497,-37.35575746177281,1.9186176651160327,25.01152476822108,2.8915731542139174,2.611975606678702,1.5,3.896615438563985,42.091694955106504,1.0410373096142056,24.15526604942564,79.44745241687932,-78.9533624693672,-79.83950499263655,-78.98321558099616,-79.80962118816265,1,1,1,1,5,4,-45.0,6.0,-39.0,3,1,45.0,-3.0,42.0,6,0,-36.0,3,1,42.0,0.009921575647868108,0.04598136991898327,0,-0.1374812346669559,-0.8487332341432668,0.9773455722247059,0.8659049769935226,1.8432505492182285
236,26,0.0,-0.01,1.5,0.0,0.01,1.5,5.342751154025773,-4.267542905467521,1.5,6.837902627549613,-38.61624475186583,4.97941883981572,19.2635454143063,6.7487529577306935,6.009609722922082,1.5,9.036651786271197,41.684331382487564,3.9467818527161493,16.840318834295132,80.30057613435339,-84.70134182328198,-87.13735325141862,-84.71719700953132,-87.12456840329317,1,1,1,1,5,4,-45.0,6.0,-39.0,3,1,45.0,-3.0,42.0,5,4,-39.0,3,1,42.0,-70.49466016957777,-70.49466016957777,1,-5.745490620432381,-8.165675363031724,0.34067496706678785,0.20483824368124878,0.5455132107480366
237,26,0.0,-0.01,1.5,0.0,0.01,1.5,3.356364461503061,-2.743511065770233,1.5,4.334978127562405,-39.26275592760861,2.152784912195736,23.227016197763177,4.439569447728016,3.784574902753006,1.5,5.833762428805956,40.44641064126917,1.8099756148030193,20.644759737505545,79.70916656887778,-80.73787103982511,-83.33944483350649,-80.76323341377359,-83.32012750008275,1,1,1,1,5,4,-45.0,6.0,-39.0,3,1,45.0,-3.0,42.0,5,4,-39.0,3,0,39.0,-6.606726650046121,-6.596989173022186,0,-1.7795481136442102,-4.485995489101381,0.7344925461917523,0.4393139690375412,1.1738065152292936
238,26,0.0,-0.01,1.5,0.0,0.01,1.5,6.870991498971077,-5.807930565812234,1.5,8.996809525394479,-40.207260137520805,1.292547776653544,16.87853882973173,4.285344561752936,3.9000712148822414,1.5,5.794370845406644,42.305175753998775,4.379838038405214,20.70404115922285,82.51243589151957,-87.08634840785656,-83.281025683439,-87.09881291272677,-83.26084607836543,1,1,1,1,5,4,-45.0,6.0,-39.0,3,1,45.0,-3.0,42.0,5,4,-39.0,3,1,42.0,-32.513787219634146,-32.513787219634146,1,-8.200127515404718,-4.302550221767834,0.203328572604821,0.455562240035686,0.6588908126405071
239,26,0.0,-0.01,1.5,0.0,0.01,1.5,7.211129491676409,-5.706279884453217,1.5,9.195760907365996,-38.35512129284176,1.5165103950752448,16.688184952666102,4.267133096581865,4.06229746540928,1.5,5.891577510430886,43.59127798947185,3.983482062047136,20.559611002215608,81.9463992823136,-87.27670228492218,-83.42560716085418,-87.28842537247552,-83.40527623537268,1,1,1,1,5,4,-45.0,6.0,-39.0,3,1,45.0,-3.0,42.0,5,4,-39.0,3,2,45.0,-28.085064914661316,-28.046711079123405,0,-8.33470970249586,-4.577456154607583,0.1975300440604108,0.4313998241120831,0.628929868172494
240,27,0.0,-0.01,1.5,0.0,0.01,1.5,8.6748511565151,3.8902377802892314,1.5,9.507207401486571,24.153853592912153,2.165841196093674,16.39675427125314,8.255158527283697,2.816334446721271,1.5,8.72234957029203,18.837616624367186,1.1011226667560048,17.144618650378757,5.316236968544967,-87.57561065580472,-86.82669951242244,-87.56813296633516,-86.82026858720954,1,1,1,1,2,0,30.0,-6.0,24.0,1,4,15.0,6.0,21.0,2,0,24.0,1,3,18.0,-9.308460825926604,-9.22151528407807,0,-9.11201000783733,-8.589313872801833,0.1669559311747834,0.1869803173765001,0.35393624855128347
241,27,0.0,-0.01,1.5,0.0,0.01,1.5,7.244495896799055,3.3244968256164427,1.5,7.970884514423236,24.650374924152057,2.089527578426222,17.928488370009926,5.642007088428587,1.9940330220455782,1.5,5.984013007914224,19.46474167668091,1.0780087203368218,20.419055746669322,5.185633247471149,-86.045489830246,-83.5555061624932,-86.03639886757836,-83.54583149091897,1,1,1,1,2,0,30.0,-6.0,24.0,1,4,15.0,6.0,21.0,2,0,24.0,1,3,18.0,-7.492525390500503,-7.40708519090981,0,-7.77226192554642,-5.744055380287865,0.22283181879849231,0.3407752596975652,0.5636070784960575
242,28,0.0,-0.01,1.5,0.0,0.01,1.5,6.352683132828185,2.7212838576143303,1.5,6.911003459688907,23.188725208481966,2.199525858789415,19.168198059429354,4.468009752745035,-4.19809293957564,1.5,6.130831548814531,-43.21602664711963,2.8933947624627154,20.21339093194101,66.40475185560159,-84.80658630947562,-83.75149630564728,-84.79668917815894,-83.77089973894078,1,1,1,1,2,0,30.0,-6.0,24.0,5,2,-45.0,0.0,-45.0,2,0,24.0,5,3,-42.0,-18.701282980640098,-18.620527223336502,0,-5.878055646334972,-4.977774129437027,0.3315236831616194,0.3981864670902059,0.7297101502518253
243,28,0.0,-0.01,1.5,0.0,0.01,1.5,2.993803948216496,1.3975351515069923,1.5,3.3039319878070055,25.023598056356807,1.4223604789712785,25.584550041395318,1.720522740091451,-1.699969245601763,1.5,2.41869674311676,-44.6557178557639,2.3619170415081774,28.307688367413675,69.67931591212071,-78.40257704570669,-75.65719887017462,-78.38033719619298,-75.70767771400044,1,1,1,1,2,0,30.0,-6.0,24.0,5,2,-45.0,0.0,-45.0,2,0,24.0,5,2,-45.0,1.4434859277436554,1.4434859277436554,1,0.5012723581771027,3.241574652265193,1.085660704315573,1.636632892766466,2.722293597082039
244,28,0.0,-0.01,1.5,0.0,0.01,1.5,5.926086349127557,2.5216790747479623,1.5,6.440292289433587,23.050811409508164,3.285541706611953,19.78123921877996,6.609468094461256,-6.32128016824319,1.5,9.14569032151898,-43.72325881954754,3.2563455753612436,16.736312330878665,66.7740702290557,-84.19421018543984,-87.22857490670962,-84.18364801880834,-87.2417043293858,1,1,1,1,2,0,30.0,-6.0,24.0,5,2,-45.0,0.0,-45.0,2,0,24.0,5,2,-45.0,-35.1034096508265,-35.1034096508265,1,-5.278844766998585,-8.364700250156217,0.3746912120088645,0.19625907842989324,0.5709502904387578
245,28,0.0,-0.01,1.5,0.0,0.01,1.5,7.257711430379841,3.2893565557402202,1.5,7.968327412792308,24.381092936348434,2.224359375876384,17.93122998135304,4.961096395483434,-4.7224479011510425,1.5,6.849378922527546,-43.58824580857751,3.882596282389331,19.249796919462693,67.96933874492595,-86.04265640663357,-84.7150903181256,-86.03365725623526,-84.73257635673134,1,1,1,1,2,0,30.0,-6.0,24.0,5,2,-45.0,0.0,-45.0,2,0,24.0,5,2,-45.0,-32.36359404164425,-32.36359404164425,1,-7.086394294204268,-5.875505392186064,0.257730302327389,0.3316976517688951,0.5894279540962841
246,28,0.0,-0.01,1.5,0.0,0.01,1.5,3.8351269359021973,1.5770978868661787,1.5,4.146738038415297,22.35366210917466,1.0749873592579822,23.60789390191156,6.708204043280165,-6.660611902023082,1.5,9.453240311959275,-44.79603150166071,3.2224441542380178,16.44893715690555,67.14969361083537,-80.37292435782774,-87.51595008068276,-80.35699333567675,-87.52889756002352,1,1,1,1,2,0,30.0,-6.0,24.0,5,2,-45.0,0.0,-45.0,1,4,21.0,5,2,-45.0,-17.657349123380385,-17.64299167284264,0,-1.556240377780378,-8.566843019343002,0.7645475332220515,0.187889767440471,0.9524373006625225
247,28,0.0,-0.01,1.5,0.0,0.01,1.5,2.9426335770633902,1.3962119043605363,1.5,3.257069242545967,25.38326308486072,1.430432362747192,25.708944507225663,2.443324964176456,-2.4977091931763757,1.5,3.4940503851898965,-45.63060907364144,2.0354703486468035,25.105266058025265,71.01387215850215,-78.27880632225879,-78.85962117956302,-78.25594273036262,-78.8951620814604,1,1,1,1,2,0,30.0,-6.0,24.0,5,2,-45.0,0.0,-45.0,2,0,24.0,5,2,-45.0,-0.22683952800412843,-0.22683952800412843,1,0.5785716274855076,0.04399617029543761,1.099296894300931,1.0073261130408189,2.10662300734175
248,28,0.0,-0.01,1.5,0.0,0.01,1.5,5.038437164948537,2.3873631533430144,1.5,5.575423920301895,25.353002281474186,2.7003787592126103,21.035181599268945,7.140508798845991,-6.966138020124923,1.5,9.975667637899079,-44.291808958330755,3.5366636469046027,15.981319603666307,69.64481123980494,-82.94304624087026,-87.983567633922,-82.92970563831935,-87.99572950161996,1,1,1,1,2,0,30.0,-6.0,24.0,5,2,-45.0,0.0,-45.0,2,0,24.0,5,2,-45.0,-31.932661487949915,-31.932661487949915,1,-4.077869687833742,-9.058226973176968,0.4761562922978687,0.1689191657053165,0.6450754580031852
249,28,0.0,-0.01,1.5,0.0,0.01,1.5,3.6743624386688825,1.5885743361306037,1.5,4.003062296806474,23.380765538728085,2.0356063698818687,23.914823489833196,6.574450939843706,-6.776207838392189,1.5,9.441419269871428,-45.86579539557532,4.517135024365494,16.459935563983905,69.2465609343034,-80.06728630587264,-87.5049516736044,-80.0500637477551,-87.51815741040599,1,1,1,1,2,0,30.0,-6.0,24.0,5,2,-45.0,0.0,-45.0,2,0,24.0,5,2,-45.0,-39.4229755167632,-39.4229755167632,1,-1.1263014271712457,-8.59399396970958,0.8250205492979736,0.18679142194716097,1.0118119712451346
250,28,0.0,-0.01,1.5,0.0,0.01,1.5,5.697371707363741,2.6363677252312874,1.5,6.27777660915949,24.831586076275578,3.3984686546226297,20.003764467652623,1.9873149771524732,-2.0268283690425832,1.5,2.838565492633621,-45.56397524365012,3.100314372075117,26.913949270021273,70.39556131992569,-83.97274229476751,-77.05093796756702,-83.96112276993568,-77.09463598987813,1,1,1,1,2,0,30.0,-6.0,24.0,5,2,-45.0,0.0,-45.0,2,0,24.0,5,2,-45.0,-22.541192978166617,-22.541192978166617,1,-5.046237905787527,1.846486547904966,0.3927337953493896,1.3390514532737892,1.7317852486231788
251,28,0.0,-0.01,1.5,0.0,0.01,1.5,5.775784125646133,2.402996452243616,1.5,6.255723316736544,22.58959592509755,4.395420607638252,20.033853999832836,5.3850759150981755,-5.517010920441331,1.5,7.7095040117791855,-45.693348905781626,1.3977052837722992,18.22161185696345,68.28294483087917,-83.94170095490175,-85.74327538062484,-83.93103323775546,-85.7594008778503,1,1,1,1,2,0,30.0,-6.0,24.0,5,2,-45.0,0.0,-45.0,2,0,24.0,5,2,-45.0,-33.96142220988003,-33.96142220988003,1,-5.084654635871879,-6.821152545667417,0.3897027048397766,0.2725183210483812,0.6622210258881578
252,29,0.0,-0.01,1.5,0.0,0.01,1.5,4.314103139305355,7.472245826369267,1.5,8.628206278610708,60.0,3.3676615401779677,17.244389119992483,6.025061267144436,-0.7288996572403496,1.5,6.068991512860206,-6.89800490544431,4.604127575468998,20.293455806257366,66.89800490544431,-86.73793533338122,-83.67143143133093,-86.7204981175958,-83.67486973745584,1,1,1,1,4,2,60.0,0.0,60.0,0,0,0.0,-6.0,-6.0,4,2,60.0,0,0,-6.0,-54.21545044288493,-54.21545044288493,1,-7.773776188729973,-4.754607962770701,0.22275983720437523,0.4164184585469628,0.639178295751338
253,29,0.0,-0.01,1.5,0.0,0.01,1.5,3.545539506128998,6.141054564858088,1.5,7.091079012257994,60.0,1.138496376735274,18.95044428362722,5.989053100876337,-0.7406600318352459,1.5,6.034677649044285,-7.0499149888550345,3.079639148500175,20.342751074259077,67.04991498885504,-85.03565998921545,-83.62213616332922,-85.01444295396107,-83.62566986928715,1,1,1,1,4,2,60.0,0.0,60.0,0,0,0.0,-6.0,-6.0,4,2,60.0,0,0,-6.0,-14.762749277496043,-14.762749277496043,1,-6.071851139062665,-4.721260842037505,0.3185390724988537,0.419203825652942,0.7377428981517957
254,29,0.0,-0.01,1.5,0.0,0.01,1.5,4.316972071887915,7.477214963365751,1.5,8.633944143775828,60.0,1.44610495432131,17.238608541120264,9.789074793379624,-0.693112553652559,1.5,9.813581931303734,-4.050051744651307,2.9081582174033045,16.118146801826267,64.05005174465131,-86.74370364600856,-87.84674043576203,-86.72627869646803,-87.84798991355744,1,1,1,1,4,2,60.0,0.0,60.0,0,0,0.0,-6.0,-6.0,4,2,60.0,0,1,-3.0,-17.622601606170697,-17.558662105765524,0,-7.77954353297134,-9.087149939328102,0.22248587920303714,0.16786070538293352,0.39034658458597066
255,29,0.0,-0.01,1.5,0.0,0.01,1.5,3.1444836690914784,5.44640547843704,1.5,6.288967338182955,60.0,3.7628153552045607,19.99445805591765,5.286420953516305,-0.4507427645254603,1.5,5.305602278492828,-4.8734948913526095,3.999275551027158,21.460760422373326,64.8734948913526,-83.99435129423624,-82.50412681521496,-83.97042918167065,-82.506908737124,1,1,1,1,4,2,60.0,0.0,60.0,0,0,0.0,-6.0,-6.0,4,2,60.0,0,0,-6.0,-45.97465018956208,-45.97465018956208,1,-5.030835448438953,-3.61185665101463,0.39395480292018303,0.5213781743526187,0.9153329772728017
256,29,0.0,-0.01,1.5,0.0,0.01,1.5,1.8697948650004501,3.2385797059121684,1.5,3.7395897300008993,60.0,2.0075176754267408,24.517729231180788,4.378713643862264,-0.45359755030783866,1.5,4.4021453761309175,-5.914260709169706,3.388995298373254,23.08280255540106,65.91426070916971,-79.48738833363583,-80.88208468218724,-79.4471580064075,-80.88615141148567,1,1,1,1,4,2,60.0,0.0,60.0,0,0,0.0,-6.0,-6.0,4,2,60.0,0,0,-6.0,-15.050912153232709,-15.050912153232709,1,-0.5263858452167451,-1.9244496467157775,0.9152168420392464,0.7154801134967346,1.630696955535981
257,29,0.0,-0.01,1.5,0.0,0.01,1.5,1.8191459926966105,3.15085328573585,1.5,3.63829198539322,60.0,1.8029501304600877,24.756818668050254,8.34442154594868,-0.7391635297569029,1.5,8.377095777190043,-5.062148032500821,4.7673215328174585,17.493117187629377,65.06214803250082,-79.2494189189627,-86.4717700499589,-79.20806856953804,-86.47360081380334,1,1,1,1,4,2,60.0,0.0,60.0,0,0,0.0,-6.0,-6.0,4,2,60.0,0,0,-6.0,-41.37371958302936,-41.37371958302936,1,-0.28863618776913147,-7.556555842764315,0.9528549785304083,0.23330791663133088,1.1861628951617393
258,29,0.0,-0.01,1.5,0.0,0.01,1.5,2.131973081445274,3.6926856974323936,1.5,4.263946162890547,60.0,2.26372601582159,23.375497481160266,3.560367413860005,-0.3886557973732072,1.5,3.581517757949552,-6.229837953810892,1.3878756680509974,24.875334796916604,66.22983795381089,-80.6246723992258,-79.0895524406717,-80.58938975642803,-79.0948162858647,1,1,1,1,4,2,60.0,0.0,60.0,0,0,0.0,-6.0,-6.0,4,2,60.0,0,0,-6.0,-3.1915694534669674,-3.1915694534669674,1,-1.6627718142975856,-0.13697408326748017,0.750094796662817,0.9774284775214918,1.7275232741843087
259,29,0.0,-0.01,1.5,0.0,0.01,1.5,1.0827353275011138,1.8638883151863643,1.5,2.1555499161251657,59.84763613881289,4.765559072869879,29.317806530610916,7.3110854195235975,-0.7648241963813345,1.5,7.35098129931922,-5.972079912651804,1.8631850185718388,18.62839416808236,65.8197160514647,-74.71676736149062,-85.33649306950593,-74.64708070697738,-85.33895325853855,1,1,1,1,4,2,60.0,0.0,60.0,0,0,0.0,-6.0,-6.0,4,2,60.0,0,0,-6.0,-19.510205052294246,-19.510205052294246,1,4.235156124960387,-6.375109060468143,1.8685470777107025,0.2991315259227822,2.1676786036334845
260,29,0.0,-0.01,1.5,0.0,0.01,1.5,3.761613937730857,6.515306458609073,1.5,7.523227875461712,60.0,2.078427369248774,18.435996741980645,6.162167665033558,-0.7511229151836198,1.5,6.207777055089775,-6.949650548954326,2.9931420581196306,20.097038094291257,66.94965054895432,-85.54888815320241,-83.86784914329704,-85.52889049560764,-83.87123447722206,1,1,1,1,4,2,60.0,0.0,60.0,0,0,0.0,-6.0,-6.0,4,2,60.0,0,0,-6.0,-19.18641602938015,-19.18641602938015,1,-6.584958850716753,-4.956014468214226,0.2863313703172997,0.39993319144761935,0.686264561764919
261,29,0.0,-0.01,1.5,0.0,0.01,1.5,4.889251156002814,8.468431413161738,1.5,9.778502312005626,60.0,4.907916235627983,16.156326707852852,6.656284478583276,-0.7506554212350977,1.5,6.69847793317693,-6.434285655227734,2.525190494266499,19.435998671726225,66.43428565522774,-87.82394648451134,-84.52888856586206,-87.80856052973544,-84.53179515222308,1,1,1,1,4,2,60.0,0.0,60.0,0,0,0.0,-6.0,-6.0,4,2,60.0,0,0,-6.0,-53.6871747942548,-53.6871747942548,1,-8.85962599315904,-5.578207266546491,0.1763587184325192,0.35254205403667327,0.5289007724691925
262,30,0.0,-0.01,1.5,0.0,0.01,1.5,7.445825927418292,-3.410255862316347,1.5,8.189637891132762,-24.60820964498963,2.0428302658299673,17.693196044786554,8.192185811894491,2.862902306307495,1.5,8.678025005268548,19.262858880376328,2.338383533623265,17.188958280658888,43.871068525365956,-86.27169119280174,-86.78253263112555,-86.28052336883482,-86.7759289569294,1,1,1,1,6,4,-30.0,6.0,-24.0,1,3,15.0,3.0,18.0,6,4,-24.0,1,3,18.0,-15.003771556473918,-15.003771556473918,1,-7.327406416132087,-7.897108183090527,0.24493250906328196,0.2169688807644373,0.4619013898277192
263,30,0.0,-0.01,1.5,0.0,0.01,1.5,3.8480705380873097,-1.6839807647553777,1.5,4.200409275554189,-23.63500012459992,2.9637709342363885,23.49651982565615,7.733340963071803,2.6156827244907945,1.5,8.163722102467961,18.687310746456465,4.208415489765054,17.71971814037618,42.32231087105639,-80.46836741193215,-86.25198684998185,-80.48494939177728,-86.24516909721211,1,1,1,1,6,4,-30.0,6.0,-24.0,1,3,15.0,3.0,18.0,6,4,-24.0,1,3,18.0,-40.00657050845327,-40.00657050845327,1,-1.5136692191987327,-7.306373841049841,0.7703817395529465,0.24602570372535726,1.016407443278304
264,30,0.0,-0.01,1.5,0.0,0.01,1.5,3.6757851400034514,-1.7497189246795097,1.5,4.07098424350326,-25.45502257681328,4.376455103583445,23.769243387157154,6.111081213177206,2.0716117942968095,1.5,6.452665264858935,18.726282658556386,3.542366887056167,19.76360760906078,44.18130523536966,-80.19564385043114,-84.20992227023582,-80.21398470341764,-84.20127962852752,1,1,1,1,6,4,-30.0,6.0,-24.0,1,3,15.0,3.0,18.0,6,4,-24.0,1,3,18.0,-44.561792080643784,-44.561792080643784,1,-1.34731198303064,-5.265919416852487,0.7935032721713224,0.37567443766653086,1.1691777098378533
265,30,0.0,-0.01,1.5,0.0,0.01,1.5,5.73127158569034,-2.443871904575187,1.5,6.230568503348103,-23.093887899346598,1.7788212190886745,20.06898503646052,4.1080647342112995,1.1889945049923567,1.5,4.276669708239412,16.14199497523547,2.0863904418170773,23.337588847609496,39.23588287458207,-83.89590220112778,-80.63859031588967,-83.90683948460617,-80.6272983899788,1,1,1,1,6,4,-30.0,6.0,-24.0,1,3,15.0,3.0,18.0,6,4,-24.0,1,2,15.0,-6.393941503170624,-6.296391016710152,0,-4.976345674663106,-1.8501127116096108,0.3983009306992583,0.725185870327571,1.1234868010268293
266,30,0.0,-0.01,1.5,0.0,0.01,1.5,6.986627928806036,-3.1085133268240126,1.5,7.6469487325739935,-23.985394157707393,2.912508885842963,18.288926081312177,6.628233019174337,2.0317805182471043,1.5,6.9326477648010805,17.042096611738422,3.6189797794746545,19.139759685177744,41.02749076944582,-85.67596115627612,-84.83247120550527,-85.68519424846951,-84.82512755241055,1,1,1,1,6,4,-30.0,6.0,-24.0,1,3,15.0,3.0,18.0,6,4,-24.0,1,3,18.0,-34.908173912114414,-34.908173912114414,1,-6.712009410777327,-5.910470400887869,0.2788243258805742,0.3293195348536343,0.6081438607342085
267,30,0.0,-0.01,1.5,0.0,0.01,1.5,2.9858901876075397,-1.349752950516816,1.5,3.2767931335193925,-24.325049057677525,4.11678528494363,25.655988980439353,1.9048938161082818,0.6662902016870639,1.5,2.0180592368688686,19.278720652753755,4.05306576741221,29.869525561484043,43.60376971043128,-78.30889825714894,-74.12378174846175,-78.33073574299875,-74.09536167610425,1,1,1,1,6,4,-30.0,6.0,-24.0,1,3,15.0,3.0,18.0,6,4,-24.0,1,3,18.0,-23.392079356648267,-23.392079356648267,1,0.6453117715745477,4.768799337828151,1.1111618846346312,1.999398803664514,3.1105606882991452
268,30,0.0,-0.01,1.5,0.0,0.01,1.5,6.4842501010592155,-3.0777054751980906,1.5,7.177588060424669,-25.39103789784402,4.524505049670196,18.839690383656198,2.18346406403567,0.618155831950219,1.5,2.2692800513619362,15.807234423897462,1.6685156048451049,28.846670611436537,41.198272321741484,-85.1251968539321,-75.13907033406214,-85.13557309372817,-75.11821662615175,1,1,1,1,6,4,-30.0,6.0,-24.0,1,3,15.0,3.0,18.0,6,4,-24.0,1,2,15.0,-33.57095340208483,-33.51919065861539,0,-6.264911937833146,3.5788842407694137,0.3060574964881645,1.7135886193219496,2.019646115810114
269,30,0.0,-0.01,1.5,0.0,0.01,1.5,2.4462753690145624,-1.0359458878064083,1.5,2.656585602518831,-22.951630286290865,1.8540325427573952,27.48030732287916,2.2862388493349606,0.7500344811574082,1.5,2.406125474519878,18.16284231380758,4.485707483932719,28.33890447852832,41.114472600098445,-76.48457991470913,-75.64848798248326,-76.51007798649233,-75.62598275905997,1,1,1,1,6,4,-30.0,6.0,-24.0,1,3,15.0,3.0,18.0,6,4,-24.0,1,3,18.0,-13.216900041174366,-13.216900041174366,1,2.4138522137118974,3.3281751577121255,1.4559400358645627,1.656211399109489,3.1121514349740513
270,30,0.0,-0.01,1.5,0.0,0.01,1.5,8.584550559700618,-3.955498733622195,1.5,9.452009233160057,-24.738806904576563,1.3647495432450492,16.447437144127434,8.293738037137453,2.8183684029751235,1.5,8.759525733939547,18.768728341088032,1.2000343141961705,17.107651582631735,43.5075352456646,-87.51745009346087,-86.8636171477057,-87.52514065359436,-86.85723565495655,1,1,1,1,6,4,-30.0,6.0,-24.0,1,3,15.0,3.0,18.0,6,4,-24.0,1,3,18.0,-4.307859934334608,-4.307859934334608,1,-8.582379001147261,-7.924678091232135,0.18726054774268083,0.21569357371664094,0.40295412145932175
271,30,0.0,-0.01,1.5,0.0,0.01,1.5,3.4040133594751114,-1.408735162735465,1.5,3.6839980605603406,-22.481991126691277,2.3737714065499005,24.63668380229705,8.758905687111172,2.761176959482032,1.5,9.183818761129974,17.497052383711587,1.742440770933201,16.696451707488997,39.97904351040286,-79.32820343529124,-87.2741228960546,-79.34623543626284,-87.2684355300993,1,1,1,1,6,4,-30.0,6.0,-24.0,1,3,15.0,3.0,18.0,7,0,-21.0,1,3,18.0,-7.8721533935667605,-7.865979433908466,0,-0.49061290431187393,-8.317726571053234,0.9208111470631003,0.1982531720089464,1.1190643190720466
272,32,0.0,-0.01,1.5,0.0,0.01,1.5,4.99826643184977,0.9761109127514642,1.5,5.092686897674815,11.050209288097253,2.3419579743953274,21.818391454564345,7.152194802145475,-3.8837297732355474,1.5,8.1386268767743,-28.502504689742263,2.9858392588393325,17.748144713067383,39.55271397783952,-82.15303347311877,-86.21674252452092,-82.14649578302394,-86.22692960629246,1,1,1,1,1,1,15.0,-3.0,12.0,6,2,-30.0,0.0,-30.0,1,1,12.0,6,2,-30.0,-20.604128161464054,-20.604128161464054,1,-3.238510531538528,-7.382870208478871,0.5601325363638852,0.24207105025709613,0.8022035866209813
273,32,0.0,-0.01,1.5,0.0,0.01,1.5,2.084819142916358,0.4889655783755573,1.5,2.1413916492567724,13.199366036324676,2.2789099867958735,29.34933272264935,6.876131999193177,-3.7648088701148095,1.5,7.839322489783381,-28.701516568897972,2.893862446369978,18.073824457339505,41.90088260522265,-74.63407704074267,-85.89106278024879,-74.61555451493895,-85.90170452623411,1,1,1,1,1,1,15.0,-3.0,12.0,6,2,-30.0,0.0,-30.0,1,1,12.0,6,2,-30.0,-12.067666925994782,-12.067666925994782,1,4.242021260775337,-7.0279304797795845,1.8702034586447343,0.2609255082196845,2.1311289668644187
274,32,0.0,-0.01,1.5,0.0,0.01,1.5,5.653467352636583,1.1119763789468695,1.5,5.761786578368162,11.127421957191707,4.46782065788266,20.745832343635424,2.2037463447150527,-1.319698712804607,1.5,2.5686772168614516,-30.915000365533913,2.796172002346688,27.77723007699128,42.04242232272562,-83.22487306868899,-76.18765716059701,-83.21905489395286,-76.22240392199208,1,1,1,1,1,1,15.0,-3.0,12.0,6,2,-30.0,0.0,-30.0,1,1,12.0,6,2,-30.0,-33.509680536963295,-33.509680536963295,1,-4.302363216205847,2.689453730197677,0.45557906130052234,1.5147892379924366,1.970368299292959
275,32,0.0,-0.01,1.5,0.0,0.01,1.5,9.747382988154108,1.8612190168257055,1.5,9.923487861954069,10.810244215919099,2.687313379894728,16.022428810226167,4.3354486377259445,-2.554600810580097,1.5,5.032106933658727,-30.508107401339714,3.29561901324644,21.927835945153028,41.31835161725881,-87.94574167892074,-82.03705129243528,-87.94245842736214,-82.05457806997393,1,1,1,1,1,1,15.0,-3.0,12.0,6,2,-30.0,0.0,-30.0,1,1,12.0,6,2,-30.0,-26.749960449246174,-26.749960449246174,1,-9.057157515353063,-3.105647572405155,0.1689584237822426,0.574481645476126,0.7434400692583686
276,32,0.0,-0.01,1.5,0.0,0.01,1.5,3.3831059111907043,0.7072486807281216,1.5,3.456241644145437,11.807805797105683,4.841456376000343,25.18710489391725,2.647421014236282,-1.5995184583269066,1.5,3.0931048034536994,-31.139526225213558,2.254485270334271,26.160685398546143,42.947332022319245,-78.78806675199498,-77.80420183904215,-78.77778234367105,-77.8332456278552,1,1,1,1,1,1,15.0,-3.0,12.0,6,2,-30.0,0.0,-30.0,1,1,12.0,6,2,-30.0,-29.144380519153916,-29.144380519153916,1,0.17031188899814756,1.056479615579811,1.0285655104317941,1.186123067742011,2.214688578173805
277,32,0.0,-0.01,1.5,0.0,0.01,1.5,9.81140146943848,1.7749530761465597,1.5,9.970659818538675,10.254312700661464,2.7177227816658527,15.98114715009459,3.8974183240834925,-2.3083076345417224,1.5,4.5296968693926285,-30.636809006793868,1.8449554928542549,22.842456402235474,40.89112170745533,-87.98684239031095,-81.12243083535282,-87.9837400874937,-81.14197386795698,1,1,1,1,1,1,15.0,-3.0,12.0,6,2,-30.0,0.0,-30.0,1,0,9.0,6,2,-30.0,-14.908694192392565,-14.876819806063725,0,-9.185586797394237,-2.201430711591911,0.16430501122175148,0.6801993167537363,0.8445043279754878
278,32,0.0,-0.01,1.5,0.0,0.01,1.5,2.127903220794246,0.46106401745220804,1.5,2.1772809063728307,12.225593829489771,4.644263301945612,29.20415350908732,2.9786319016289413,-1.7726039280429373,1.5,3.466175513605001,-30.757162164240814,1.096761945846874,25.16986385443608,42.982755993730585,-74.77763009049112,-78.79502338315221,-74.76073372850097,-78.82065217620648,1,1,1,1,1,1,15.0,-3.0,12.0,6,2,-30.0,0.0,-30.0,1,1,12.0,6,2,-30.0,-12.715985452446283,-12.715985452446283,1,4.173114543924439,0.1090405484772781,1.8536106130995689,1.0182249221604818,2.8718355352600504
279,32,0.0,-0.01,1.5,0.0,0.01,1.5,6.372972931553426,1.3094165747198165,1.5,6.506101425005888,11.610637504753539,2.9093169154134797,19.690338633639485,7.583485605012446,-4.111564659163973,1.5,8.626367594063979,-28.465374208872806,2.639215558258538,17.24231485578516,40.07601171362634,-84.27992164429499,-86.72257238180313,-84.27454860394882,-86.73217103685373,1,1,1,1,1,1,15.0,-3.0,12.0,6,2,-30.0,0.0,-30.0,1,1,12.0,6,3,-27.0,-24.02847949712465,-24.022958511828172,0,-5.324426325818223,-7.894046853726778,0.37124181145463886,0.21711091957328746,0.5883527310279263
280,32,0.0,-0.01,1.5,0.0,0.01,1.5,2.749169491809502,0.5210782299021797,1.5,2.7981164050793357,10.732540153252593,2.957119296647203,27.02249193152804,2.7459781042981946,-1.5425452544166662,1.5,3.149578005258559,-29.324973767207727,3.0392757811047133,26.00251456775119,40.05751392046032,-76.95395683520039,-77.96237266983711,-76.94239530606025,-77.98938579678025,1,1,1,1,1,1,15.0,-3.0,12.0,6,2,-30.0,0.0,-30.0,1,1,12.0,6,2,-30.0,-9.645591289143265,-9.645591289143265,1,1.9180453345791226,0.9456489483608292,1.353473189689292,1.1656022436683746,2.5190754333576666
281,32,0.0,-0.01,1.5,0.0,0.01,1.5,3.112280123680527,0.7403737731571971,1.5,3.1991312714916686,13.381254779738452,3.205257132902489,25.859681271718983,4.986896251302019,-3.058491296239597,1.5,5.850085745561641,-31.521021737243053,1.2030314413848284,20.618589221553773,44.9022765169815,-78.11777079495579,-83.34629801603452,-78.10520596586932,-83.36182163700829,1,1,1,1,1,1,15.0,-3.0,12.0,6,2,-30.0,0.0,-30.0,1,1,12.0,6,1,-33.0,-8.241189827611331,-8.23880958551608,0,0.7397239128411328,-4.522328376286291,1.1280910198387655,0.4361553018490423,1.5642463216878078
282,33,0.0,-0.01,1.5,0.0,0.01,1.5,7.811498614609981,4.664452503231581,1.5,9.098166175716786,30.842542897756772,2.595970753111631,16.7798929668001,3.2103270375217337,-1.7392908024013574,1.5,3.6512096876461406,-28.447946397325342,3.351453819448092,24.71665715597778,59.29048929508211,-87.19478345141394,-79.24823008161052,-87.1849942707882,-79.27089470027356,1,1,1,1,2,2,30.0,0.0,30.0,6,3,-30.0,3.0,-27.0,2,2,30.0,6,3,-27.0,-22.057674250598136,-22.057674250598136,1,-8.268540634163164,-0.42227403931397617,0.20036142450359745,0.9315660517767463,1.1319274762803437
283,33,0.0,-0.01,1.5,0.0,0.01,1.5,7.80968836924743,4.257173363947285,1.5,8.894647686977873,28.595436135214403,4.906594152314921,16.976173948455262,4.768623408540395,-2.395918250824079,1.5,5.336683752773002,-26.676506149782362,1.1041659501795298,21.415948387555535,55.27194228499677,-86.99806218031702,-82.54893885003275,-86.98871328913302,-82.56355492903154,1,1,1,1,2,2,30.0,0.0,30.0,6,3,-30.0,3.0,-27.0,2,2,30.0,6,3,-27.0,-44.14126619816175,-44.14126619816175,1,-8.139436654679804,-3.606170416750702,0.2059949980901446,0.5219513357217987,0.7279463338119434
284,33,0.0,-0.01,1.5,0.0,0.01,1.5,3.2452365824140283,1.7863988310512118,1.5,3.7044272511981413,28.83137575202469,2.25051870678708,24.590945884523755,7.443065421755651,-3.7608132442982414,1.5,8.339240920552882,-26.806441450510665,2.8155118500194787,17.5362408668235,55.63781720253536,-79.3965556350549,-86.4286463707648,-79.37394135306454,-86.4380404471799,1,1,1,1,2,2,30.0,0.0,30.0,6,3,-30.0,3.0,-27.0,2,2,30.0,6,3,-27.0,-15.689964087613143,-15.689964087613143,1,-0.5087056415226472,-7.475936897171646,0.9179786897619442,0.2373385143266441,1.1553172040885884
285,33,0.0,-0.01,1.5,0.0,0.01,1.5,3.5568614705824824,2.1888660931924435,1.5,4.176409737423009,31.607832491127496,4.761225057234968,23.548905547482715,5.991191423079948,-3.082970226269992,1.5,6.73788394706038,-27.229617935525223,1.0471564614309368,19.389501317661523,58.83745042665272,-80.43778157510026,-84.57538591992676,-80.41598169010557,-84.58718405792843,1,1,1,1,2,2,30.0,0.0,30.0,6,3,-30.0,3.0,-27.0,2,3,33.0,6,3,-27.0,-31.942288747919985,-31.862254880198137,0,-1.6143493261182167,-5.626311536870001,0.7566381029632844,0.34909265459400185,1.1057307575572861
286,33,0.0,-0.01,1.5,0.0,0.01,1.5,4.557236305895094,2.561413476278345,1.5,5.227737727184549,29.338343522089538,4.544563491901668,21.595935168162733,2.651464745517283,-1.4206801920916559,1.5,3.008088679697228,-28.182832039894343,2.221082677747969,26.40187602561811,57.52117556198388,-82.38523391616565,-77.56301121197018,-82.36895206942556,-77.59028612087677,1,1,1,1,2,2,30.0,0.0,30.0,6,3,-30.0,3.0,-27.0,2,2,30.0,6,3,-27.0,-32.291741403442536,-32.291741403442536,1,-3.445758403680248,1.2937333225912606,0.5383369879801008,1.2308287787975651,1.769165766777666
287,33,0.0,-0.01,1.5,0.0,0.01,1.5,2.272677609827648,1.4630564829025863,1.5,2.70288693629149,32.77177058832462,1.2777985184271747,27.334890335790657,5.182325987687305,-2.5415444476498954,1.5,5.771997125955557,-26.124506625555604,4.706770807906201,20.73417479738596,58.896277213880225,-76.66478610485493,-83.23071244020234,-76.62999690179763,-83.24396457176496,1,1,1,1,2,2,30.0,0.0,30.0,6,3,-30.0,3.0,-27.0,2,3,33.0,6,3,-27.0,-34.374892605510375,-34.29108643377556,0,1.8815211856927718,-4.321723080573574,1.346100547958122,0.45384043084202197,1.799940978800144
288,33,0.0,-0.01,1.5,0.0,0.01,1.5,3.4597138201529916,2.0188533531555697,1.5,4.005669554382275,30.26492467420255,3.7097575376150966,23.911490655823258,5.770373047885877,-3.151652462565386,1.5,6.574961471869034,-28.642408813252867,3.8809771203232972,19.60254044222615,58.90733348745542,-80.07525483145186,-84.36234679536214,-80.05339658176503,-84.37501020230073,1,1,1,1,2,2,30.0,0.0,30.0,6,3,-30.0,3.0,-27.0,2,2,30.0,6,2,-30.0,-40.32508967277561,-40.2749523491107,0,-1.1175024649953014,-5.555737001670771,0.8262942984072101,0.35416360971811695,1.180457908125327
289,33,0.0,-0.01,1.5,0.0,0.01,1.5,2.7943163501050505,1.699413837011272,1.5,3.270506268743386,31.306629349308594,2.519189174515208,25.675559835004265,3.1171973468606606,-1.6960911196011645,1.5,3.548752511131915,-28.550952714274224,2.493429283995833,24.964243437916785,59.85758206358282,-78.31692770804005,-79.00064379967151,-78.28932740258404,-79.024039845604,1,1,1,1,2,2,30.0,0.0,30.0,6,3,-30.0,3.0,-27.0,2,2,30.0,6,2,-30.0,-6.647705086476172,-6.628833842820283,0,0.5515210422753187,-0.1921891691967163,1.0945120161167827,0.9684312029737202,2.062943219090503
290,33,0.0,-0.01,1.5,0.0,0.01,1.5,5.733979640207748,3.0970354011369525,1.5,6.516912673207498,28.37435625136944,1.4416391134702993,19.679569342009813,5.429529632524468,-2.7819911426639976,1.5,6.1007595222498505,-27.129767226563537,4.032762620701119,20.2528854839516,55.50412347793298,-84.29798665219806,-83.71200175363668,-84.28531789557849,-83.72498667889396,1,1,1,1,2,2,30.0,0.0,30.0,6,3,-30.0,3.0,-27.0,2,1,27.0,6,3,-27.0,-27.729538725657704,-27.713734940115636,0,-5.475803753267623,-4.762456092594184,0.35998539724867457,0.4157652571142624,0.7757506543629369
291,33,0.0,-0.01,1.5,0.0,0.01,1.5,7.227787209200334,3.8515924430559276,1.5,8.189973888168721,28.052564817975377,2.7194359579647847,17.69341141889988,1.9332266193182255,-0.974224099899399,1.5,2.1648274200188267,-26.74521799745036,3.3037137232980793,29.263612940151297,54.797782815425734,-86.28145021523842,-74.701274297437,-86.27147581868842,-74.73738528648381,1,1,1,1,2,2,30.0,0.0,30.0,6,3,-30.0,3.0,-27.0,2,1,27.0,6,3,-27.0,-14.396439043064333,-14.316935005890276,0,-7.52033168620422,4.212451774521186,0.23511110574150118,1.8630742097773174,2.0981853155188186
292,34,0.0,-0.01,1.5,0.0,0.01,1.5,9.222090778172419,0.6380261658486283,1.5,9.244135206127194,3.9576760725159428,1.0508975000877814,16.637395818014355,3.3535292920357733,-3.6814528272752414,1.5,4.979884901480638,-47.66881194621101,4.599144050651295,22.022588216896022,51.62648801872695,-87.32878878835197,-81.94229902069226,-87.32749141957393,-81.96808756657285,1,1,1,1,0,3,0.0,3.0,3.0,5,1,-45.0,-3.0,-48.0,0,3,3.0,5,1,-48.0,-32.91780391080492,-32.91780391080492,1,-8.413616936117783,-3.0112577362604043,0.19420241444493352,0.5848564526830287,0.7790588671279621
293,34,0.0,-0.01,1.5,0.0,0.01,1.5,4.7995102046727585,0.1782338896785015,1.5,4.80281849794346,2.126750169987722,1.847926970036701,22.32480744288159,4.131561100271161,-4.87125764604309,1.5,6.387405434087233,-49.697029594299565,1.1049655513242298,19.85795976307334,51.82377976428729,-81.6414226526983,-84.10692747451495,-81.6400797947067,-84.12766890497136,1,1,1,1,0,3,0.0,3.0,3.0,5,1,-45.0,-3.0,-48.0,0,3,3.0,5,0,-51.0,-3.111861850863871,-3.09302747639682,0,-2.7196902229331874,-5.318233144824475,0.6178650014474217,0.371708842601615,0.9895738440490367
294,34,0.0,-0.01,1.5,0.0,0.01,1.5,6.132639227052712,0.4154201338893307,1.5,6.146693239199945,3.8752507262029328,1.9920631105335236,20.18219291245805,2.283361272808732,-2.462275630229249,1.5,3.358055982467171,-47.1590747768958,2.1468526062643547,25.451288353639477,51.034325503098735,-83.78460619488416,-78.51359888394882,-83.78269432513024,-78.55153120587734,1,1,1,1,0,3,0.0,3.0,3.0,5,1,-45.0,-3.0,-48.0,0,3,3.0,5,1,-48.0,-5.900941583910386,-5.900941583910386,1,-4.862147932982243,0.3706957554964216,0.4075445701602069,1.06288469983606,1.4704292699962669
295,34,0.0,-0.01,1.5,0.0,0.01,1.5,2.019070211717878,0.13427315019953945,1.5,2.023530034052123,3.8047084145803316,3.651017657038166,29.83462782282667,2.453893714012226,-2.6745432561088043,1.5,3.6297074246371155,-47.463615213947236,1.5169253608343358,24.774282038345042,51.26832362852757,-74.13595490376808,-79.19060519924325,-74.13025941476162,-79.22587064548084,1,1,1,1,0,3,0.0,3.0,3.0,5,1,-45.0,-3.0,-48.0,0,3,3.0,5,1,-48.0,-3.112280599806565,-3.112280599806565,1,4.7810770649039505,-0.2805015874169711,2.002458388921079,0.9541618563102677,2.956620245231347
296,34,0.0,-0.01,1.5,0.0,0.01,1.5,8.592924006444811,0.3821977800093951,1.5,8.60141954119084,2.54673453156538,3.9124020629754757,17.263117286822045,1.4362143055120116,-1.6785501771452136,1.5,2.209127028613696,-49.44878198430923,2.466173865223163,29.099551914179592,51.995516515874606,-86.70266664470242,-74.8653353234087,-86.70176995076625,-74.92508317579245,1,1,1,1,0,3,0.0,3.0,3.0,5,1,-45.0,-3.0,-48.0,0,3,3.0,5,1,-48.0,-26.101408890681483,-26.101408890681483,1,-7.749505577472192,3.916327076731557,0.22391615170418636,1.7924200364583647,2.0163361881625512
297,34,0.0,-0.01,1.5,0.0,0.01,1.5,6.261681961966535,0.29063760871587524,1.5,6.268423343426731,2.6574912994324267,3.3092310921060024,20.01154390694541,2.4327387620467835,-2.7615777893025335,1.5,3.680289359647416,-48.62241652185586,3.363087157463068,24.6541518653386,51.27990782128829,-83.9546284691444,-79.3107353722497,-83.9533433306429,-79.34615480372786,1,1,1,1,0,3,0.0,3.0,3.0,5,1,-45.0,-3.0,-48.0,0,3,3.0,5,1,-48.0,-27.43546411122414,-27.43546411122414,1,-4.997396160672249,-0.4060086193371643,0.39661702180961866,0.9341389640931508,1.3307559859027696
298,34,0.0,-0.01,1.5,0.0,0.01,1.5,6.841399886338071,0.33291474585418646,1.5,6.849495210071596,2.785917431412564,4.096576253780208,19.24151394954215,3.496779919747159,-3.9980772071904402,1.5,5.311505545681248,-48.82655756075899,4.980791518898846,21.46203694807829,51.612474992171556,-84.72460582049712,-82.50285028951,-84.72337328804615,-82.52746893808,1,1,1,1,0,3,0.0,3.0,3.0,5,1,-45.0,-3.0,-48.0,0,3,3.0,5,1,-48.0,-67.12371323727797,-67.12371323727797,1,-5.763324442974137,-3.6010666087219656,0.3394309450485881,0.5224662349269875,0.8618971799755757
299,34,0.0,-0.01,1.5,0.0,0.01,1.5,4.47733344577469,0.34141231310505493,1.5,4.490331519185682,4.360564728833159,2.2253658700681123,22.909959237900313,1.7974604743406,-2.038310511019947,1.5,2.717641237571864,-48.592914606567035,4.397581680401506,27.294213916099498,52.953479335400196,-81.05786988405173,-76.67067332148879,-81.05492799968799,-76.71861681547907,1,1,1,1,0,3,0.0,3.0,3.0,5,1,-45.0,-3.0,-48.0,0,3,3.0,5,1,-48.0,-20.46065158123487,-20.46065158123487,1,-2.1947320392550287,2.2200975178240254,0.6810362378118997,1.4153717960252563,2.096408033837156
300,34,0.0,-0.01,1.5,0.0,0.01,1.5,4.464486772683832,0.27582013582812887,1.5,4.472998869974947,3.5352930640094877,4.36600911795175,22.943278047983696,1.9903040468593578,-2.124565136311707,1.5,2.9112003052651527,-46.868799546736334,3.039515617252425,26.694414577981433,50.40409261074582,-81.02400314249977,-77.27047265960687,-81.02160918960459,-77.31402082604572,1,1,1,1,0,3,0.0,3.0,3.0,5,1,-45.0,-3.0,-48.0,0,3,3.0,5,1,-48.0,-31.112753594161433,-31.112753594161433,1,-2.077154249863299,1.5759752998996701,0.6958576429196148,1.2853819945899592,1.981239637509574
301,34,0.0,-0.01,1.5,0.0,0.01,1.5,4.471173715423122,0.23310624273029265,1.5,4.477246130590816,2.9844339467987098,4.286442892074325,22.93484746956453,5.44142513257304,-5.542533219617101,1.5,7.767160482696147,-45.52739666912312,1.0723101644904176,18.156811390495584,48.51183061592183,-81.03206020225375,-85.80807584709271,-81.03003976802377,-85.82403571550337,1,1,1,1,0,3,0.0,3.0,3.0,5,1,-45.0,-3.0,-48.0,0,3,3.0,5,2,-45.0,-26.167065591955346,-26.094226388358525,0,-2.0698845045081398,-7.1872338558233695,0.6967822226018244,0.2523030301375503,0.9490852527393747
302,35,0.0,-0.01,1.5,0.0,0.01,1.5,5.838481861941624,-8.059696993553123,1.5,9.952215134336203,-54.080253737309974,4.4870988273665215,16.002751679455383,3.94685508191703,0.20116071677054098,1.5,3.951978070742033,2.9176889973752953,1.4527623058556638,24.01887734588858,56.99794273468527,-87.9621355581329,-79.94824749678122,-87.97627175966593,-79.9460098916997,1,1,1,1,5,0,-45.0,-6.0,-51.0,0,3,0.0,3.0,3.0,5,0,-51.0,0,3,3.0,-37.303048702213225,-37.303048702213225,1,-9.50555564140229,-0.9849468199791921,0.15323255975470673,0.8456596525122989,0.9988922122670056
303,35,0.0,-0.01,1.5,0.0,0.01,1.5,5.3814769808233605,-6.367373311300161,1.5,8.336890150445146,-49.796696416972594,2.0224347939544316,17.541954918263876,3.863186689700795,0.3029892949994855,1.5,3.8750501819157996,4.4845214063657535,3.038738187101809,24.19025510316161,54.281217823338345,-86.42293231932442,-79.77813722107128,-86.43884735240377,-79.77463213442668,1,1,1,1,5,0,-45.0,-6.0,-51.0,0,3,0.0,3.0,3.0,5,0,-51.0,0,3,3.0,-14.856557361314884,-14.856557361314884,1,-7.536310527098717,-0.9312844468584496,0.2343141245151453,0.8535935696324652,1.0879076941476105
304,35,0.0,-0.01,1.5,0.0,0.01,1.5,4.115188153801703,-4.957622706362665,1.5,6.44304248316217,-50.30485451800708,2.4796839026615753,19.782633342532957,5.41448718132836,0.31738716944552947,1.5,5.423781526951263,3.354733174285041,3.1995846342023166,21.26895609974624,53.65958769229212,-84.18225389505534,-82.69780445716073,-84.20300068981237,-82.69593113784205,1,1,1,1,5,0,-45.0,-6.0,-51.0,0,3,0.0,3.0,3.0,5,0,-51.0,0,3,3.0,-22.43642844826886,-22.43642844826886,1,-5.24452715499037,-3.739616408879427,0.37730670040546854,0.5086375094018536,0.8859442098073221
305,35,0.0,-0.01,1.5,0.0,0.01,1.5,5.732472625173891,-6.739220459244268,1.5,8.847504438917483,-49.615059093425835,1.0254393199982124,17.025140622707344,8.745424596120346,0.4536625821987499,1.5,8.757183400210021,2.9695154770354604,4.799297237792167,17.107298002725226,52.58457457046129,-86.93974661488096,-86.85861646359075,-86.95470386615992,-86.85758923486306,1,1,1,1,5,0,-45.0,-6.0,-51.0,0,3,0.0,3.0,3.0,5,0,-51.0,0,3,3.0,-42.90057024564343,-42.90057024564343,1,-8.078197069025105,-7.893457034070984,0.20871847514757105,0.21713829577897642,0.4258567709265475
306,35,0.0,-0.01,1.5,0.0,0.01,1.5,1.4139431271647775,-2.0109733688808356,1.5,2.4583020679331593,-54.888418232466044,4.223379399933509,28.17030043003158,6.550079156168855,0.17530004551327044,1.5,6.552424517538119,1.5330434210547041,3.0702770980355205,19.62638061847499,56.42146165352075,-75.79458680755671,-84.33921475612236,-75.85239383991919,-84.3385066191133,1,1,1,1,5,0,-45.0,-6.0,-51.0,0,3,0.0,3.0,3.0,5,0,-51.0,0,3,3.0,-28.36210136294505,-28.36210136294505,1,2.3522590921076616,-5.490044475711566,1.4429712127972028,0.35894206974265824,1.801913282539861
307,35,0.0,-0.01,1.5,0.0,0.01,1.5,6.114051671400483,-7.200602777851715,1.5,9.44617955604068,-49.665321771642546,2.4848776951327882,16.455964608479707,6.291926736018332,0.35686004892277856,1.5,6.302038649987753,3.246174558182158,2.0689798846800307,19.965226089481376,52.9114963298247,-87.50892262910858,-84.0012227093749,-87.52294122084622,-83.99966114810692,1,1,1,1,5,0,-45.0,-6.0,-51.0,0,3,0.0,3.0,3.0,5,0,-51.0,0,3,3.0,-15.617116843954884,-15.617116843954884,1,-8.639973032593533,-5.039378813274302,0.18494512281120393,0.39327713282623566,0.5782222556374396
308,35,0.0,-0.01,1.5,0.0,0.01,1.5,3.649250511904727,-4.732673925255792,1.5,5.976222199804236,-52.36505165054378,2.8695137966061615,20.437056773781816,7.278919905648132,0.41282593846046267,1.5,7.290617274847609,3.2460683683581584,3.581445953889212,18.6994593993311,55.61112001890194,-83.52783046380648,-85.26677690205409,-83.55085113784992,-85.2654278382572,1,1,1,1,5,0,-45.0,-6.0,-51.0,0,3,0.0,3.0,3.0,5,0,-51.0,0,3,3.0,-32.72285270354376,-32.72285270354376,1,-4.66417441927743,-6.304798525715162,0.4240093191639069,0.30353412972065397,0.7275434488845609
309,35,0.0,-0.01,1.5,0.0,0.01,1.5,4.209232302135897,-5.308916957972672,1.5,6.775118880137387,-51.59047907640368,3.151747219526227,19.345788440288203,7.529685038390917,0.25448257048588463,1.5,7.533984215277407,1.9357024003482044,1.1732571627197235,18.413965337867012,53.52618147675189,-84.61909879730008,-85.55170090104266,-84.63919154135499,-85.55092189972129,1,1,1,1,5,0,-45.0,-6.0,-51.0,0,3,0.0,3.0,3.0,5,0,-51.0,0,3,3.0,-16.706019113559474,-16.706019113559474,1,-5.674046595573131,-6.647607227718781,0.34569925295249765,0.2826070963526149,0.6283063493051125
310,35,0.0,-0.01,1.5,0.0,0.01,1.5,2.1330005685945523,-2.958352591219868,1.5,3.6471278397667923,-54.208035054471885,2.098990344097581,24.734387124626757,9.593786947015001,0.4851573295493464,1.5,9.606046305277259,2.894978610282302,2.7709376907534113,16.303635768240436,57.10301366475419,-79.23050011296154,-87.66216441763932,-79.26913597906335,-87.66125146934785,1,1,1,1,5,0,-45.0,-6.0,-51.0,0,3,0.0,3.0,3.0,5,0,-51.0,0,3,3.0,-15.365638061195108,-15.365638061195108,1,-0.8204239842903307,-8.69754066595224,0.8701566321312088,0.18265759527748887,1.0528142274086976
311,35,0.0,-0.01,1.5,0.0,0.01,1.5,4.8028862404635735,-5.587555177606025,1.5,7.368072278528911,-49.31868502896769,3.6709054624603383,18.61594047164152,8.486856244353383,0.6119392462439168,1.5,8.508889384250661,4.124137594111426,2.630392470361245,17.357348853496696,53.44282262307912,-85.34894676594676,-86.60900766433187,-85.36682539482752,-86.60753838409161,1,1,1,1,5,0,-45.0,-6.0,-51.0,0,3,0.0,3.0,3.0,5,1,-48.0,0,3,3.0,-33.92064824349761,-33.86935140136,0,-6.536335236798443,-7.711026115936596,0.2892524335395165,0.22576078862273816,0.5150132221622546
312,36,0.0,-0.01,1.5,0.0,0.01,1.5,3.7004934324517995,1.3284802654411845,1.5,3.9317313564491636,19.748180849648126,1.2978036842753489,24.069844382163936,3.6560782701292873,-2.3586229353829196,1.5,4.350863186613192,-32.827023143679455,2.976332363259011,23.193382145584685,52.57520399332758,-79.90997230439162,-80.77150509200362,-79.89504285542436,-80.79314955913453,1,1,1,1,1,4,15.0,6.0,21.0,6,1,-30.0,-3.0,-33.0,1,4,21.0,6,1,-33.0,-8.970195980867024,-8.970195980867024,1,-1.0324523107327719,-1.8327276282346026,0.8386813911192799,0.7274703047312159,1.5661516958504957
313,36,0.0,-0.01,1.5,0.0,0.01,1.5,8.881172365168805,3.399472928424966,1.5,9.509555130022239,20.94549630084962,1.060856287483083,16.394136367037486,3.819776861745033,-2.3471376673888797,1.5,4.483274529091259,-31.569470489224567,1.8252171958230528,22.932304044108683,52.51496679007418,-87.57728211874104,-81.03258319347961,-87.5707508705508,-81.05286789949899,1,1,1,1,1,4,15.0,6.0,21.0,6,1,-30.0,-3.0,-33.0,1,4,21.0,6,1,-33.0,-3.2857280846709225,-3.2857280846709225,1,-8.61315250309586,-2.2001944911772107,0.18602001810429725,0.6803537074921893,0.8663737255964865
314,36,0.0,-0.01,1.5,0.0,0.01,1.5,9.374130020912705,3.303327242916353,1.5,9.939128961974998,19.41182600891713,1.3618523343420228,16.01001377542875,3.9623278213315354,-2.7316406848059978,1.5,4.812681434978352,-34.58249612024699,2.200751630072041,22.3165735170463,53.99432212916412,-87.96068397604087,-81.64831372054198,-87.95487346215955,-81.66880126057598,1,1,1,1,1,4,15.0,6.0,21.0,6,1,-30.0,-3.0,-33.0,1,3,18.0,6,0,-36.0,-7.187609223994479,-7.159411764461297,0,-9.131329055665361,-2.8402755163443145,0.16625599900772317,0.6040362135900336,0.7702922125977567
315,36,0.0,-0.01,1.5,0.0,0.01,1.5,7.41856252136256,3.1045575470202076,1.5,8.041974101309041,22.708581468351216,2.380216427301782,17.850990359736297,5.367935300687091,-3.6926357719556804,1.5,6.515388579101736,-34.52432231012249,4.0616817168791455,19.68282485378615,57.23290377847371,-86.12223630294459,-84.28206238380214,-86.113896877852,-84.29717444719802,1,1,1,1,1,4,15.0,6.0,21.0,6,1,-30.0,-3.0,-33.0,2,0,24.0,6,0,-36.0,-35.89185529557704,-35.84935498499781,0,-7.314414201124815,-5.457912245018262,0.24560726848955555,0.3612999784154019,0.6069072469049575
316,36,0.0,-0.01,1.5,0.0,0.01,1.5,8.360014259447881,3.1506858366950707,1.5,8.934016994595591,20.650204736963545,3.863505512359433,16.936567649253977,3.089732288116331,-2.0149396745387618,1.5,3.6886891308781973,-33.11000029467943,4.847952947924227,24.629486603680085,53.760205031642975,-87.03517742324809,-79.33540063390821,-87.02831958833431,-79.36112499673706,1,1,1,1,1,4,15.0,6.0,21.0,6,1,-30.0,-3.0,-33.0,1,4,21.0,6,1,-33.0,-56.19393244556113,-56.19393244556113,1,-8.077516559608508,-0.4008712782127384,0.20874892628931221,0.9349526528888771,1.1437015791781893
317,36,0.0,-0.01,1.5,0.0,0.01,1.5,5.65523608896694,2.076593095278021,1.5,6.024444713441269,20.163149420021707,2.913077392327702,20.36069769299622,3.0143070108155716,-2.038150381165254,1.5,3.6386953337282826,-34.06493996182719,4.290281370797418,24.748521937693198,54.2280893818489,-83.61412955268173,-79.2163652998951,-83.60418954459207,-79.24310694511013,1,1,1,1,1,4,15.0,6.0,21.0,6,1,-30.0,-3.0,-33.0,1,4,21.0,6,1,-33.0,-33.438163061249156,-33.438163061249156,1,-4.688212928295551,-0.3430092286417391,0.4219800258633475,0.9441520433469548,1.3661320692103023
318,36,0.0,-0.01,1.5,0.0,0.01,1.5,2.7495832665536017,0.9884975029894195,1.5,2.921871909089769,19.77392306961201,2.80352203203334,26.650871814850138,7.369524187552899,-4.706468073664579,1.5,8.744182550664824,-32.563902434149,1.5924700999462083,17.125037321142813,52.33782550376101,-77.33412854994255,-86.83984991644549,-77.31401542273815,-86.85054224568813,1,1,1,1,1,4,15.0,6.0,21.0,6,1,-30.0,-3.0,-33.0,1,4,21.0,6,1,-33.0,-6.9353506797026325,-6.9353506797026325,1,1.5439625204605936,-7.896541181236544,1.2791199646955314,0.21699518187813782,1.4961151465736693
319,36,0.0,-0.01,1.5,0.0,0.01,1.5,2.3753576785070445,0.8922017524434248,1.5,2.537390010996633,20.58654641332889,4.89813826023555,27.87832079295707,3.796345543225539,-2.5537760030475627,1.5,4.575370078726965,-33.92845519408142,3.848846199198274,22.756140903064956,54.51500160741031,-76.1106421427958,-81.20874633452333,-76.08656644463123,-81.22993681255934,1,1,1,1,1,4,15.0,6.0,21.0,6,1,-30.0,-3.0,-33.0,1,4,21.0,6,1,-33.0,-40.507706687969815,-40.507706687969815,1,2.8366790482835906,-2.313772119900776,1.5467694087576958,0.6662833127667808,2.2130527215244764
320,36,0.0,-0.01,1.5,0.0,0.01,1.5,2.848906558796733,1.0174368460421719,1.5,3.025135751737314,19.65329284960483,3.6939368182702514,26.34880055138646,6.439572845660752,-4.0176865295510655,1.5,7.5901188056780375,-31.960276360016536,1.7112252554743477,18.35516162926674,51.61356920962137,-77.63539900377654,-85.60972560832155,-77.61608668620183,-85.62184155673664,1,1,1,1,1,4,15.0,6.0,21.0,6,1,-30.0,-3.0,-33.0,1,4,21.0,6,1,-33.0,-14.868120886236762,-14.868120886236762,1,1.2265090980909892,-6.7157472178232,1.218054470019424,0.27860619475821696,1.496660664777641
321,36,0.0,-0.01,1.5,0.0,0.01,1.5,6.86138085970305,2.53966805929274,1.5,7.316314724866004,20.31150354498279,3.851742166914732,18.672344682341286,2.8496662846930825,-1.7802930653092788,1.5,3.360065673838055,-31.994561845677083,1.316970146388332,25.440800775339767,52.306065390659874,-85.30078388611923,-78.52408646224853,-85.292542555247,-78.55147870233273,1,1,1,1,1,4,15.0,6.0,21.0,6,1,-30.0,-3.0,-33.0,1,4,21.0,6,1,-33.0,-24.002696636800447,-24.002696636800447,1,-6.362276412895355,0.35450421352503814,0.2999307517618844,1.06008313859936,1.3600138903612444
322,37,0.0,-0.01,1.5,0.0,0.01,1.5,4.24068319145235,2.297423826231199,1.5,4.823022928371924,28.44697211842209,1.238728047668114,22.2962604413425,3.149373511717919,-0.42502363837650114,1.5,3.1779236317899864,-7.685914451684598,3.902492511434713,25.914822526717337,36.132886570106685,-81.68578385844056,-78.05006471087096,-81.66862679624579,-78.05737369178054,1,1,1,1,2,1,30.0,-3.0,27.0,7,4,-15.0,6.0,-9.0,2,1,27.0,7,4,-9.0,-14.313248780158599,-14.313248780158599,1,-2.8352751812037806,0.8097422864325633,0.6046046648691394,1.140755385851072,1.7453600507202114
323,37,0.0,-0.01,1.5,0.0,0.01,1.5,5.51253969699004,2.920054816649194,1.5,6.2381739349850776,27.910676376967025,2.3150744996417054,20.05943923311701,5.128230963006751,-0.6673950560695643,1.5,5.171476478802475,-7.414877856255956,3.513080148074925,21.683939444545707,35.32555423322298,-83.91848279309855,-82.28094779304259,-83.90544800447128,-82.28528348460935,1,1,1,1,2,1,30.0,-3.0,27.0,7,4,-15.0,6.0,-9.0,2,1,27.0,0,0,-6.0,-24.140403865635413,-24.103917182742283,0,-4.999370488231115,-3.456885695138725,0.39645940548008973,0.5371868097807979,0.9336462152608876
324,37,0.0,-0.01,1.5,0.0,0.01,1.5,4.200626800525635,2.3115422204680365,1.5,4.794631680775963,28.82333227959563,1.738928686274134,22.347696158013424,9.038363742297081,-1.4212266792772315,1.5,9.149420987798074,-8.93623435040025,2.1070468101964965,16.7276755822274,37.75956662999588,-81.63465799496875,-87.2372116553609,-81.61719107957487,-87.24015994324624,1,1,1,1,2,1,30.0,-3.0,27.0,7,4,-15.0,6.0,-9.0,2,2,30.0,7,4,-9.0,-9.0514316810905,-8.98588559707585,0,-2.8500457622839095,-8.276136733714846,0.6029267483170757,0.20003447440426847,0.8029612227213442
325,37,0.0,-0.01,1.5,0.0,0.01,1.5,3.7317382305737263,1.8019827912796966,1.5,4.144033325347866,25.774980306932058,1.699337754765752,23.61471211575852,8.517993783949132,-1.7004100612530526,1.5,8.686058512340718,-11.289307363926193,1.203115458999314,17.179574349428847,37.06428767085825,-80.36840410004379,-86.78531288815945,-80.35017512182976,-86.78922739372206,1,1,1,1,2,1,30.0,-3.0,27.0,7,4,-15.0,6.0,-9.0,2,1,27.0,7,3,-12.0,-2.713243253194959,-2.655874818741932,0,-1.4869832724878038,-8.105533303635733,0.7740560828289824,0.20749865392259859,0.981554736751581
326,37,0.0,-0.01,1.5,0.0,0.01,1.5,8.743132698502572,4.493318742972736,1.5,9.830172059001558,27.199786837388878,3.51926114643796,16.106892367006058,6.9278490977242315,-0.9740638189271152,1.5,6.99599124100233,-8.003391027328298,1.108849911493314,19.058812995239066,35.203177864717176,-87.86607263242203,-84.90607424234923,-87.85799487058225,-84.90953254831365,1,1,1,1,2,1,30.0,-3.0,27.0,7,4,-15.0,6.0,-9.0,2,1,27.0,7,4,-9.0,-23.10842018457127,-23.10842018457127,1,-8.903881824066925,-5.99890504965013,0.17467468232596986,0.3233723534196825,0.49804703574565234
327,37,0.0,-0.01,1.5,0.0,0.01,1.5,6.513603063470816,3.1786651614629546,1.5,7.247822919825975,26.012566783327223,4.020999081125105,18.755176619131866,7.5050044379018255,-1.305043661578212,1.5,7.617626308211212,-9.864513843996804,1.4114422936540971,18.31963151406782,35.87708062732403,-85.22022203158322,-85.64525572352048,-85.20971061845643,-85.64916336355037,1,1,1,1,2,1,30.0,-3.0,27.0,7,4,-15.0,6.0,-9.0,2,1,27.0,7,4,-9.0,-29.630383192574072,-29.630383192574072,1,-6.308545610531214,-6.725206081318717,0.3032980388385408,0.2780548848944432,0.581352923732984
328,37,0.0,-0.01,1.5,0.0,0.01,1.5,7.434645804370007,4.020895370543511,1.5,8.452310797485785,28.40594726167676,4.094605040037163,17.419454188423703,9.538201214658802,-1.1235340591140974,1.5,9.604145521248,-6.718088613238046,2.367731320096616,16.30595554943931,35.12403587491481,-86.5552117134336,-87.65893168814898,-86.54543304916459,-87.66104689844101,1,1,1,1,2,1,30.0,-3.0,27.0,7,4,-15.0,6.0,-9.0,2,1,27.0,0,0,-6.0,-39.16953309398598,-39.07563540691917,0,-7.6968678114271825,-8.97541279384831,0.2264430385690453,0.17198471492183012,0.39842775349087545
329,37,0.0,-0.01,1.5,0.0,0.01,1.5,2.2663493349413573,1.0904794758542316,1.5,2.5150516486244276,25.695056944449945,1.593816320282953,27.958069714577782,5.368540066266714,-0.9961446558391377,1.5,5.460176427412203,-10.511809279708103,4.384859114054597,21.21283127789887,36.20686622415805,-76.03676457236931,-82.75205595968941,-76.00681752301051,-82.75785852198834,1,1,1,1,2,1,30.0,-3.0,27.0,7,4,-15.0,6.0,-9.0,2,1,27.0,7,3,-12.0,-28.286952733630216,-28.28092482306527,0,2.828417190959221,-3.9171021360933307,1.5449648526411277,0.4913700185853927,2.0363348712265203
330,37,0.0,-0.01,1.5,0.0,0.01,1.5,4.626838755323862,2.2615830077943597,1.5,5.149989763961774,26.049226984839834,4.224391650176866,21.725347714210415,7.719023780954056,-0.9979475454943512,1.5,7.783265859168146,-7.366575752144045,4.273234596594485,18.132264278483902,33.41580273698388,-82.2543531942277,-85.83262295910438,-82.23953952337787,-85.83548409931574,1,1,1,1,2,1,30.0,-3.0,27.0,7,4,-15.0,6.0,-9.0,2,1,27.0,0,0,-6.0,-58.38551580304581,-58.34511799013596,0,-3.339885938273981,-7.0142759707685345,0.5493824184498907,0.26167695228570537,0.811059370735596
331,37,0.0,-0.01,1.5,0.0,0.01,1.5,2.892593507278927,1.4031700126703726,1.5,3.214962407682177,25.877589033998248,1.5013422839630657,25.822325398565745,2.8167675394125826,-0.4986399986822596,1.5,2.8605630948074294,-10.038816993004975,4.961719995648045,26.830290290827918,35.91640602700322,-78.16614315362897,-77.13459694676038,-78.14256183902256,-77.1451820893634,1,1,1,1,2,1,30.0,-3.0,27.0,7,4,-15.0,6.0,-9.0,2,1,27.0,7,4,-9.0,-24.348204479974388,-24.348204479974388,1,0.7260786173447175,1.75533909320059,1.1256337998532226,1.3208174945943745,2.446451294447597
332,38,0.0,-0.01,1.5,0.0,0.01,1.5,6.6410381891700965,-5.801866920779857,1.5,8.818449296585833,-41.141715070241126,1.9181076248298452,17.052713833853797,6.778689686327317,-7.173167731956718,1.5,9.86939558302865,-46.61956264549513,1.7722312068222266,16.074662829541197,5.477847575254003,-86.91217340373449,-87.89022440804709,-86.9251347452431,-87.90301646956112,1,1,1,1,5,3,-45.0,3.0,-42.0,5,2,-45.0,0.0,-45.0,5,3,-42.0,5,1,-48.0,-10.871657622377906,-10.806064326575381,0,-8.529545129987802,-9.486344825181575,0.18940845120628189,0.1538769022759992,0.34328535348228106
333,38,0.0,-0.01,1.5,0.0,0.01,1.5,7.125303606461917,-6.104744787727654,1.5,9.382849269147787,-40.58896981208552,4.833324874436616,16.513405339649736,6.257731668380919,-6.453270156460822,1.5,8.989099028585976,-45.881334658791744,4.46881499035649,16.88669154276316,5.292364846706221,-87.45148189793855,-87.07819569482513,-87.46352897411995,-87.09206965970714,1,1,1,1,5,3,-45.0,3.0,-42.0,5,2,-45.0,0.0,-45.0,5,4,-39.0,5,2,-45.0,-79.89543228715522,-79.79561475779414,0,-9.050971590481701,-8.692794040755814,0.16918566792212095,0.1828452004470318,0.35203086836915276
334,39,0.0,-0.01,1.5,0.0,0.01,1.5,5.77303376541944,-2.300542114252648,1.5,6.2145323940038315,-21.727180399449214,2.3148895123754962,20.09107426294902,6.461101378703613,6.388184997790571,1.5,9.085963822945931,44.67486474216072,1.425208923136577,16.793379256376767,66.40204514160993,-83.87381297463926,-87.18495089770988,-83.8841606971717,-87.17150798121153,1,1,1,1,7,0,-15.0,-6.0,-21.0,3,1,45.0,-3.0,42.0,7,0,-21.0,3,2,45.0,-9.801703490596283,-9.707998642588764,0,-4.938623669778614,-8.590179873051142,0.4013339890426206,0.18694535087863032,0.5882793399212509
335,39,0.0,-0.01,1.5,0.0,0.01,1.5,6.622380994460459,-2.587713109571534,1.5,7.110006270970474,-21.343205970304776,1.8238551361902409,18.92111776761519,6.333788626797217,6.066035269451035,1.5,8.77004345822583,43.762986172746736,1.9338953838103041,17.100893506519746,65.10619214305152,-85.0437694699731,-86.87769563460867,-85.05266140093036,-86.86399373106855,1,1,1,1,7,0,-15.0,-6.0,-21.0,3,1,45.0,-3.0,42.0,7,0,-21.0,3,2,45.0,-9.959549556755652,-9.929410113684138,0,-6.086254892667126,-8.0661442477023,0.3175923700986647,0.209258421019811,0.5268507911184757
336,39,0.0,-0.01,1.5,0.0,0.01,1.5,8.333932913803247,-3.080272686819669,1.5,8.88496019332334,-20.28462146600095,2.9745134404617,16.984352487118866,3.1376052669436554,2.7275889783645084,1.5,4.15744013138471,41.001147559621195,2.376504547151308,23.591261314011387,61.285769025622145,-86.98053475046942,-80.40103895935562,-86.98731266552399,-80.37362592357692,1,1,1,1,7,0,-15.0,-6.0,-21.0,3,1,45.0,-3.0,42.0,7,0,-21.0,3,1,42.0,-19.411256434956854,-19.411256434956854,1,-8.043720144469807,-1.4652513577599557,0.2102664378481757,0.7770580844170344,0.9873245222652101
337,39,0.0,-0.01,1.5,0.0,0.01,1.5,2.927943697101695,-1.0425325906906608,1.5,3.1080103757950557,-19.598936077349205,3.3932898048870217,26.113767763924642,6.136817348469466,5.5963418791233135,1.5,8.305394006096597,42.36259537793694,1.9979592434706177,17.573919422585988,61.96153145528615,-77.85111947366366,-86.40506257575738,-77.86986686885979,-86.3909678150023,1,1,1,1,7,0,-15.0,-6.0,-21.0,3,1,45.0,-3.0,42.0,7,0,-21.0,3,1,42.0,-14.59974708342747,-14.59974708342747,1,1.0031312561753096,-7.433899612150981,1.176216432057551,0.23946551956497047,1.4156819516225214
338,39,0.0,-0.01,1.5,0.0,0.01,1.5,2.5215871624631743,-0.9980829039429279,1.5,2.711931286194809,-21.594419621846193,4.937175590651212,27.30024859570353,2.0271597941688015,1.6987452273211423,1.5,2.6448274383106467,39.962763827068,1.8181156608577576,27.527213330670463,61.557183448914195,-76.66463864188476,-76.47986000227779,-76.68821350873962,-76.43767390691784,1,1,1,1,7,0,-15.0,-6.0,-21.0,3,1,45.0,-3.0,42.0,7,0,-21.0,3,0,39.0,-22.089287401447592,-21.999425954816722,0,2.2740096975768247,2.297412785609217,1.4265926497595478,1.4314797592995103,2.858072409059058
339,39,0.0,-0.01,1.5,0.0,0.01,1.5,3.801600075770275,-1.3378087099629583,1.5,4.030123482047332,-19.38731432247522,2.5266717667366665,23.854844342532935,3.3958183058192555,2.991214069765441,1.5,4.525366678767577,41.37528374487681,4.783223234575475,22.853686908557584,60.76259806735203,-80.11004289505536,-81.13657394867646,-80.12435183635407,-81.11120032903071,1,1,1,1,7,0,-15.0,-6.0,-21.0,3,1,45.0,-3.0,42.0,7,1,-18.0,3,1,42.0,-38.06820077647398,-38.027671060176,0,-1.2876629022872201,-2.169832176060698,0.8019194130054871,0.6841542502609901,1.486073663266477
340,39,0.0,-0.01,1.5,0.0,0.01,1.5,7.832038817991588,-3.411543012365327,1.5,8.542801517754334,-23.537368894067722,1.564512549669642,17.326127156246653,1.8628529738158648,1.6174588336083346,1.5,2.4670618720397437,40.96679306545646,4.8741122817539955,28.133549718214688,64.50416195952418,-86.63876008134164,-75.8775023954868,-86.64688006441914,-75.8313375193736,1,1,1,1,7,0,-15.0,-6.0,-21.0,3,1,45.0,-3.0,42.0,6,4,-24.0,3,1,42.0,-23.322958789115244,-23.223477410244133,0,-8.01916513959275,3.067587579664634,0.21137541636532214,1.5976773763445327,1.8090527927098548
341,39,0.0,-0.01,1.5,0.0,0.01,1.5,2.763989528551235,-0.9784673359731364,1.5,2.932070333656279,-19.494240174801362,4.0682536165898,26.620438347335913,6.906405303838653,6.385212327383815,1.5,9.405815790598119,42.75445942605641,2.4675115666191667,16.49241817743908,62.24869960085777,-77.34444889025238,-87.48500769474076,-77.36422105864882,-87.47246906014921,1,1,1,1,7,0,-15.0,-6.0,-21.0,3,1,45.0,-3.0,42.0,7,1,-18.0,3,1,42.0,-24.594593399954057,-24.590208997191112,0,1.492825943261369,-8.538654444137556,1.2691565290263909,0.18903648424365505,1.458193013270046
342,39,0.0,-0.01,1.5,0.0,0.01,1.5,8.410514862579099,-3.365481794196052,1.5,9.058875645505296,-21.8089018470071,4.971041006581006,16.816149553433874,2.9130353353397553,2.72188314167441,1.5,3.9867809949719284,43.05711195725034,2.3628685901410598,23.95650336139155,64.86601380425745,-87.14873768415443,-80.0381329071669,-87.1558611254106,-80.00838387619675,1,1,1,1,7,0,-15.0,-6.0,-21.0,3,1,45.0,-3.0,42.0,7,0,-21.0,3,1,42.0,-49.160438964338894,-49.160438964338894,1,-8.219526092553192,-1.1066912050955566,0.2024831048773988,0.8278613442793589,1.0303444491567577
343,39,0.0,-0.01,1.5,0.0,0.01,1.5,4.890475718447663,-1.9103687322119078,1.5,5.250358220706385,-21.337130230079968,3.469341797324687,21.55630618556136,6.846332680879697,5.920448657348208,1.5,9.051186854859289,40.852005886498944,2.1999686218583965,16.826243798490435,62.18913611657891,-82.40858105202693,-87.15119860796408,-82.42061890100302,-87.13864343909785,1,1,1,1,7,0,-15.0,-6.0,-21.0,3,1,45.0,-3.0,42.0,7,0,-21.0,3,1,42.0,-24.438437712761157,-24.438437712761157,1,-3.4517356769462264,-8.244944369768083,0.537718891717867,0.2013802307805328,0.7390991224983998
344,41,0.0,-0.01,1.5,0.0,0.01,1.5,6.770641053504124,-1.3714723163224856,1.5,6.90814856454567,-11.450990123373089,4.8044115110742425,19.169332230536714,4.331675499689169,3.7036892313060097,1.5,5.699186482007718,40.531257671393725,1.9116485557585494,20.847722502518224,51.98224779476681,-84.79555500705158,-83.13697408829103,-84.8005466449146,-83.11716473507006,1,1,1,1,7,3,-15.0,3.0,-12.0,3,1,45.0,-3.0,42.0,7,3,-12.0,3,1,42.0,-43.40743121943076,-43.40743121943076,1,-5.847931081608934,-4.269384855506631,0.33358385689389924,0.45855375432854856,0.7921376112224479
345,41,0.0,-0.01,1.5,0.0,0.01,1.5,6.747788146703614,-1.599673397149766,1.5,6.934810729237133,-13.336695614657247,3.03458708234174,19.136267062004006,4.068656871456759,3.76664764704197,1.5,5.544511090675093,42.792645821695345,2.4771771971423324,21.087454509574947,56.12934143635259,-84.82862017558429,-82.89871809148572,-84.83439814855461,-82.87743272801335,1,1,1,1,7,3,-15.0,3.0,-12.0,3,1,45.0,-3.0,42.0,7,3,-12.0,3,1,42.0,-21.76941480886246,-21.76941480886246,1,-5.960477747918365,-3.947924344482656,0.32594470532895536,0.48842200080723347,0.8143667061361888
346,41,0.0,-0.01,1.5,0.0,0.01,1.5,2.6909477445252645,-0.5356718488941073,1.5,2.743746360993166,-11.25837803784442,4.979114831662097,27.193327095478224,1.4998695829944169,1.4618435420204787,1.5,2.094420040808153,44.26440817814684,1.4646193667303855,29.561745374622298,55.52278621599126,-76.77156014211006,-74.4610336162896,-76.78392207730953,-74.403141862966,1,1,1,1,7,3,-15.0,3.0,-12.0,3,1,45.0,-3.0,42.0,7,3,-12.0,3,2,45.0,-22.307507318285268,-22.24769807754385,0,2.156722832190982,4.27510373318206,1.4022481241631852,1.878195443979754,3.280443568142939
347,41,0.0,-0.01,1.5,0.0,0.01,1.5,4.8265243125560255,-1.096366997152588,1.5,4.949480531544679,-12.797827847444257,2.0200141970574563,22.066757459118847,3.902668707383625,3.636231168444346,1.5,5.334135370419231,42.975912178936916,3.9964610082970773,21.42389762329465,55.77374002638118,-81.89812977846944,-82.56319091048707,-81.9059047126815,-82.54098961429364,1,1,1,1,7,3,-15.0,3.0,-12.0,3,1,45.0,-3.0,42.0,7,3,-12.0,3,1,42.0,-27.159970507879308,-27.159970507879308,1,-2.9695131550892535,-3.6289677736407127,0.5894930146518075,0.5196565578190488,1.1091495724708564
348,41,0.0,-0.01,1.5,0.0,0.01,1.5,5.3863951285115155,-1.0295226261026726,1.5,5.483900921616831,-10.820657256346546,2.3806587070120298,21.175245873161003,1.6024271275220219,1.503769883953821,1.5,2.197520548915292,43.180815952636145,1.6607983761420377,29.14246148582837,54.00147320898269,-82.7896413644273,-74.87652099191841,-82.79558764472117,-74.82242575175992,1,1,1,1,7,3,-15.0,3.0,-12.0,3,1,45.0,-3.0,42.0,7,3,-12.0,3,1,42.0,-4.808467347248417,-4.808467347248417,1,-3.900984751275419,4.056723122248619,0.49291751855941857,1.8257487233531182,2.3186662419125366
349,41,0.0,-0.01,1.5,0.0,0.01,1.5,6.67935808946496,-1.2861614309818927,1.5,6.802061137173525,-10.899336633972517,4.821252642930272,19.30367287308175,7.390508886314085,5.972729151309434,1.5,9.502268945551318,38.943829746655375,1.189201564485153,16.403276185283374,49.84316638062789,-84.66121436450655,-87.57310149590992,-84.66604342666153,-87.56161105230491,1,1,1,1,7,3,-15.0,3.0,-12.0,3,1,45.0,-3.0,42.0,7,3,-12.0,3,0,39.0,-41.75297988710889,-41.65627503509242,0,-5.762328599857838,-9.097175169805508,0.3395003050616835,0.16749528537141437,0.5069955904330978
350,41,0.0,-0.01,1.5,0.0,0.01,1.5,7.616539152973453,-1.7581769961519509,1.5,7.816831520416406,-12.998288644620285,4.360497964413634,18.095956154589953,3.28708644636025,3.144560308107634,1.5,4.548977559537004,43.73052576156287,1.5291354408138464,22.809001340339744,56.72881440618316,-85.86893108299834,-81.18228532122727,-85.87392945646302,-81.15588589724854,1,1,1,1,7,3,-15.0,3.0,-12.0,3,1,45.0,-3.0,42.0,7,3,-12.0,3,2,45.0,-34.129687531735634,-34.08920695727655,0,-6.958262055637356,-2.353871031171781,0.2647802431165148,0.6613707270722968,0.9261509701888117
351,41,0.0,-0.01,1.5,0.0,0.01,1.5,9.141571617721594,-2.2733898162023825,1.5,9.420012361899834,-13.965416312602308,2.7523144330513434,16.475268729363002,2.3550452140278555,2.01891019794891,1.5,3.101972976590482,40.60550206086628,1.92201101227172,26.139534403090963,54.57091837346859,-87.48961850822528,-77.86180073702737,-87.49406904893335,-77.82535283449732,1,1,1,1,7,3,-15.0,3.0,-12.0,3,1,45.0,-3.0,42.0,7,2,-15.0,3,1,42.0,-12.955449501254755,-12.88835422971948,0,-8.732067175139933,1.0298698469122474,0.18129839705176634,1.1811750026706644,1.3624733997224308
352,41,0.0,-0.01,1.5,0.0,0.01,1.5,8.41263161449893,-1.948934443083012,1.5,8.635433755446345,-13.043479100035384,2.0846468523743713,17.230659538122755,6.530082749340367,5.86122982296793,1.5,8.774736221156811,41.9103114767165,1.8608651156633655,17.096008079150916,54.953790576751885,-86.73422769946554,-86.88210306771623,-86.73876853110272,-86.86887915843738,1,1,1,1,7,3,-15.0,3.0,-12.0,3,1,45.0,-3.0,42.0,7,3,-12.0,3,1,42.0,-11.922923939533105,-11.922923939533105,1,-7.828336804970705,-7.905123908755756,0.2201805632680127,0.21659737692678294,0.43677794019479566
353,41,0.0,-0.01,1.5,0.0,0.01,1.5,2.474699799937723,-0.5001800329167672,1.5,2.5247414055978927,-11.426540029600638,2.4725495839717775,27.916492955908566,3.213803326151433,2.96033846875276,1.5,4.369454848005578,42.64917668358139,1.9814072182835432,23.158999400792904,54.075716713182025,-76.04839428167972,-80.83282395834827,-76.06202527540492,-80.80588783679539,1,1,1,1,7,3,-15.0,3.0,-12.0,3,1,45.0,-3.0,42.0,7,3,-12.0,3,1,42.0,-2.5561504686561625,-2.5561504686561625,1,2.8904283403737336,-1.8663779544791446,1.5585380026098328,0.723053588026034,2.281591590635867
354,42,0.0,-0.01,1.5,0.0,0.01,1.5,2.3420784498959506,3.7874383948837176,1.5,4.453091180349485,58.268157197307744,1.2907321595179195,22.99744482933935,7.288809013953995,-0.5717499172640215,1.5,7.311199273018649,-4.485220261715842,4.626310713301111,18.675226973195503,62.75337745902358,-81.00061960762694,-85.28966026439278,-80.96744240824893,-85.29151907242857,1,1,1,1,4,1,60.0,-3.0,57.0,0,1,0.0,-3.0,-3.0,4,1,57.0,0,1,-3.0,-37.26197986997453,-37.26197986997453,1,-2.124536466452821,-6.445694823026079,0.6898548634124986,0.29476957539029763,0.9846244388027963
355,42,0.0,-0.01,1.5,0.0,0.01,1.5,3.428732825544653,5.247729335519424,1.5,6.268562193026289,56.84042081889574,3.959942040689295,20.0223234134672,9.562587504845592,-0.31880064431735744,1.5,9.567900168722822,-1.9094380824805626,1.157816281602285,16.33804230450243,58.7498589013763,-83.96576386993331,-87.62684493308585,-83.9425638241211,-87.62745023016299,1,1,1,1,4,1,60.0,-3.0,57.0,0,1,0.0,-3.0,-3.0,4,1,57.0,0,1,-3.0,-26.730391751131698,-26.730391751131698,1,-5.003619673997017,-8.726802414019302,0.39612036518966076,0.1815050388091656,0.5776254039988263
356,42,0.0,-0.01,1.5,0.0,0.01,1.5,3.476734104004562,5.053472027473135,1.5,6.133943231103614,55.472448903988344,4.123487731989629,20.21095352979308,5.45478817357819,-0.17107527704720776,1.5,5.4574701803148,-1.7963446466397945,4.5149224870869435,21.214734679581674,57.26879355062814,-83.7772665857477,-82.75015255800662,-83.75393370779521,-82.75115030449402,1,1,1,1,4,1,60.0,-3.0,57.0,0,1,0.0,-3.0,-3.0,4,0,54.0,0,1,-3.0,-59.10949143051813,-59.09814475389017,0,-4.938696755377575,-3.86561316626644,0.401328093234576,0.49632803117494223,0.8976561244095183
357,42,0.0,-0.01,1.5,0.0,0.01,1.5,3.191584684122886,4.857220081721768,1.5,5.811953175844502,56.691863810346526,2.3080495972231425,20.680131825388163,5.205631236301554,-0.16382255195916198,1.5,5.208208367268811,-1.8025179960264568,1.0986700659934332,21.62081981212904,58.494381806372985,-83.30973511274584,-82.34406742545926,-83.28475541220014,-82.34511641941508,1,1,1,1,4,1,60.0,-3.0,57.0,0,1,0.0,-3.0,-3.0,4,1,57.0,0,1,-3.0,-6.538835167821168,-6.538835167821168,1,-4.351535044895964,-3.458963980172137,0.4511741835193983,0.5369722117092491,0.9881463952286474
358,42,0.0,-0.01,1.5,0.0,0.01,1.5,4.737252376071035,6.942243277011037,1.5,8.404540546145018,55.69112951616803,2.225623690470819,17.47233810910351,4.034716261883123,-0.17713395511589797,1.5,4.038602697958679,-2.513811234661863,3.316452288491219,23.830373091584622,58.2049407508299,-86.50962398193492,-80.13451414600367,-86.49254912848478,-80.13640202873425,1,1,1,1,4,1,60.0,-3.0,57.0,0,1,0.0,-3.0,-3.0,4,1,57.0,0,1,-3.0,-19.427233223115365,-19.427233223115365,1,-7.637185334387604,-1.1874812973191367,0.2293399524086575,0.8162043052802164,1.0455442576888738
359,42,0.0,-0.01,1.5,0.0,0.01,1.5,1.5429371209323708,2.500996403290339,1.5,2.9386456010247795,58.32836211700703,2.8611218620039587,26.616311881273166,7.6317715171645535,-0.46365784701974494,1.5,7.645842994026697,-3.4766535241876575,4.946284693382384,18.28625190953767,61.805015641194686,-77.39888648404695,-85.67863532805063,-77.34857535631512,-85.68001172655602,1,1,1,1,4,1,60.0,-3.0,57.0,0,1,0.0,-3.0,-3.0,4,1,57.0,0,1,-3.0,-47.14913799841561,-47.14913799841561,1,1.4652720108320985,-6.72820882097129,1.2638080532216236,0.27788007716961477,1.5416881303912384
360,42,0.0,-0.01,1.5,0.0,0.01,1.5,4.447505193092556,6.804164139784559,1.5,8.128773098304283,56.82957853118515,1.4638355192766719,17.76252564168783,9.915311700032275,-0.6128394516304582,1.5,9.934232647883361,-3.536802965199179,1.6229392267377882,16.011926115485892,60.36638149638433,-86.22024999450514,-87.9529611221024,-86.20236159590047,-87.95403985168718,1,1,1,1,4,1,60.0,-3.0,57.0,0,1,0.0,-3.0,-3.0,4,1,57.0,0,1,-3.0,-6.7512447745523865,-6.7512447745523865,1,-7.257737404239302,-9.005121987849602,0.24857080129913092,0.17087898499144463,0.41944978629057555
361,42,0.0,-0.01,1.5,0.0,0.01,1.5,4.24070904708608,7.257409079758229,1.5,8.405569568625015,59.70104996785565,1.162791351999704,17.471660789144682,3.2714895047094394,-0.20660209912942354,1.5,3.2780067124380174,-3.6135616883924726,4.915506800190029,25.64351023800418,63.314611656248125,-86.51107172960197,-78.32137699958412,-86.49322644844361,-78.3247160441839,1,1,1,1,4,1,60.0,-3.0,57.0,0,1,0.0,-3.0,-3.0,4,2,60.0,0,1,-3.0,-29.503665775158673,-29.41600810267332,0,-7.93739006040717,0.6149908458649262,0.21510789732152688,1.1057609576446668,1.3208688549661936
362,42,0.0,-0.01,1.5,0.0,0.01,1.5,4.379047324099264,6.785680881891356,1.5,8.07598418135937,57.16437175999124,3.8138896849572306,17.819209035620357,2.0642373245851724,-0.09750798840355024,1.5,2.0665390245560467,-2.7044596030199237,1.516346050486547,29.651087899023064,59.86883136301117,-86.16375313779315,-74.31379933856522,-86.14567820196794,-74.31776597904465,1,1,1,1,4,1,60.0,-3.0,57.0,0,1,0.0,-3.0,-3.0,4,1,57.0,0,1,-3.0,-23.16387450724917,-23.16387450724917,1,-7.201142931375969,4.629791968326209,0.2515626913773467,1.9649100197492708,2.2164727111266176
363,42,0.0,-0.01,1.5,0.0,0.01,1.5,1.3467743871866915,2.1675571781153486,1.5,2.5518827109374485,58.14595955753332,3.4772957394582282,27.84580523062647,7.979397331711903,-0.5334734668968725,1.5,7.997210495992587,-3.82489527913076,2.4466116027872338,17.896025161519745,61.970854836664074,-76.17690504649593,-86.06886207606856,-76.11908200696182,-86.07031093160457,1,1,1,1,4,1,60.0,-3.0,57.0,0,1,0.0,-3.0,-3.0,4,1,57.0,0,1,-3.0,-15.504434015797171,-15.504434015797171,1,2.7093481391018277,-7.142685026680146,1.5190887329502645,0.2546876696086316,1.773776402558896
364,43,0.0,-0.01,1.5,0.0,0.01,1.5,5.1063541018189555,-0.9540183511649076,1.5,5.19470915716392,-10.582546996859099,2.1928577871761465,21.645909426560298,5.64933011508512,1.191154208052406,1.5,5.773541295995778,11.906347106374191,1.1173128591019932,20.728324313008205,22.488894103233292,-82.318977811028,-83.24277003542306,-82.3251206772869,-83.2365629245801,1,1,1,1,7,4,-15.0,6.0,-9.0,1,1,15.0,-3.0,12.0,7,3,-12.0,1,1,12.0,-5.3855053562847575,-5.362780332306766,0,-3.4918559396898754,-4.27956762055453,0.5335852915682744,0.45763349866957337,0.9912187902378478
365,43,0.0,-0.01,1.5,0.0,0.01,1.5,9.840266051247367,-1.4065632817982407,1.5,9.940284514290045,-8.134729910254393,2.3223299028911097,16.007334240344825,6.890229367879557,1.5054238216815128,1.5,7.05276978391299,12.324692167113389,4.144500683481595,18.989504485281824,20.459422077367783,-87.95755299724347,-84.98063958235986,-87.96002649122185,-84.97538275230647,1,1,1,1,7,4,-15.0,6.0,-9.0,1,1,15.0,-3.0,12.0,7,4,-9.0,1,1,12.0,-37.99942823466812,-37.99942823466812,1,-9.036435561272834,-6.020140515491331,0.16972079305912824,0.32195861790722136,0.4916794109663496
366,43,0.0,-0.01,1.5,0.0,0.01,1.5,3.960784375968196,-0.6067103481778521,1.5,4.0069826951834795,-8.70883643876907,4.9339057423556065,23.90098475723658,6.844528481448085,1.278864688928747,1.5,6.962978172157575,10.583386813485227,3.37090135209211,19.100459896365788,19.292223252254296,-80.06390248035171,-84.86900998385018,-80.0704673357373,-84.86442734122251,1,1,1,1,7,4,-15.0,6.0,-9.0,1,1,15.0,-3.0,12.0,7,4,-9.0,1,1,12.0,-51.193654988781,-51.193654988781,1,-1.1205851226305417,-6.016810095418198,0.8258478832079567,0.3221799728398758,1.1480278560478325
367,43,0.0,-0.01,1.5,0.0,0.01,1.5,5.103668606138804,-0.6701166803784382,1.5,5.147474099653947,-7.4802016594335665,2.0776322686369446,21.724375038942775,3.865167569383556,0.8163639511703346,1.5,3.950439271800647,11.926189691076662,1.6789206820001152,24.025688235129294,19.406391350510226,-82.24051219864552,-79.948287137781,-82.24490567985907,-79.939199002459,1,1,1,1,7,4,-15.0,6.0,-9.0,1,1,15.0,-3.0,12.0,7,4,-9.0,1,1,12.0,-4.726482237855015,-4.726482237855015,1,-3.418203653612741,-0.9902761134341189,0.5411939447075006,0.8448746917200922,1.3860686364275927
368,43,0.0,-0.01,1.5,0.0,0.01,1.5,7.333461578402797,-1.1246305724783814,1.5,7.419194878587778,-8.71872765383564,3.413633756203373,18.548709112334492,7.011597487977791,1.5070009017233312,1.5,7.171718835203413,12.130032974057732,1.4468136779817042,18.844150325230263,20.84876062789337,-85.41617812525381,-85.12582777034437,-85.41972703348962,-85.12073691235804,1,1,1,1,7,4,-15.0,6.0,-9.0,1,1,15.0,-3.0,12.0,7,4,-9.0,1,1,12.0,-21.43170262647804,-21.43170262647804,1,-6.460476735859312,-6.161040864660212,0.29386339554457064,0.31271731328847785,0.6065807088330485
369,43,0.0,-0.01,1.5,0.0,0.01,1.5,7.727324577879733,-1.1491991491771312,1.5,7.812311041962784,-8.458965275540645,1.103721765696025,18.10011527720667,2.729852081832596,0.5347341441382466,1.5,2.781732013259549,11.08299090019161,2.9994838161649597,27.073721043332636,19.541956175732256,-85.86477196038162,-76.90317045463662,-85.86804315142547,-76.89116619425565,1,1,1,1,7,4,-15.0,6.0,-9.0,1,1,15.0,-3.0,12.0,7,4,-9.0,1,1,12.0,-5.103203805846623,-5.103203805846623,1,-6.920645401148704,1.9805147211157113,0.2668830676728441,1.3661393605931489,1.6330224282659929
370,43,0.0,-0.01,1.5,0.0,0.01,1.5,2.3393315917963213,-0.33238386184058155,1.5,2.3628269780050273,-8.0867403411825,2.244279135244455,28.490536464006926,6.7178244977276576,1.335512301979747,1.5,6.849288947840432,11.243878862722516,3.5546698996263766,19.243631932065732,19.330619203905016,-75.47435077358136,-84.7262003040202,-75.48469385770383,-84.72125530552256,1,1,1,1,7,4,-15.0,6.0,-9.0,1,1,15.0,-3.0,12.0,7,4,-9.0,1,1,12.0,-19.36269370089918,-19.36269370089918,1,3.3793426644194,-5.794345216244398,1.667837724243609,0.337276647907164,2.005114372150773
371,43,0.0,-0.01,1.5,0.0,0.01,1.5,2.132024565776161,-0.3022059138682992,1.5,2.153336286660772,-8.067701091720288,4.0482676021682025,29.297411360025865,8.909785948641398,1.7323117130304746,1.5,9.076628753105982,11.002632051396198,3.7333102539486798,16.797407144985094,19.070333143116486,-74.66747587756242,-87.17113192035612,-74.67879800497018,-87.1674800926032,1,1,1,1,7,4,-15.0,6.0,-9.0,1,1,15.0,-3.0,12.0,7,4,-9.0,1,1,12.0,-32.544309775884415,-32.544309775884415,1,4.170139941151421,-8.260567116384326,1.852895956997848,0.20070515521084256,2.053601112208691
372,43,0.0,-0.01,1.5,0.0,0.01,1.5,6.036695406687124,-0.8288892746661765,1.5,6.093336431116703,-7.8183047338271825,2.5963543719408095,20.258901641988146,9.210996526019128,1.9715633301652264,1.5,9.41963475763199,12.081543715885065,2.1425516920235674,16.475322827671068,19.89984844971225,-83.70598559560015,-87.49342493353464,-83.70986281791295,-87.48956440991722,1,1,1,1,7,4,-15.0,6.0,-9.0,1,1,15.0,-3.0,12.0,7,4,-9.0,1,1,12.0,-16.585819205752493,-16.585819205752493,1,-4.827330877859371,-8.527581988131816,0.41039950738499653,0.1894887032042946,0.5998882105892911
373,43,0.0,-0.01,1.5,0.0,0.01,1.5,2.211660707613294,-0.3158985699602273,1.5,2.2341072024644326,-8.12875780350224,1.8567155619313618,28.977411851329165,8.20939379206764,1.90382652941817,1.5,8.427259452951187,13.056565117016738,2.91058764107911,17.442673347476266,21.185322920518978,-74.98747538625912,-86.5268698192217,-74.99846982903775,-86.52221389011203,1,1,1,1,7,4,-15.0,6.0,-9.0,1,1,15.0,-3.0,12.0,7,4,-9.0,1,1,12.0,-12.370081472848135,-12.370081472848135,1,3.8639328808133606,-7.618965181457098,1.780061253725839,0.2302311267859983,2.0102923805118373
374,44,0.0,-0.01,1.5,0.0,0.01,1.5,6.22232118091964,1.5779672243205844,1.5,6.419288234652748,14.230093839917624,2.530969165804394,19.807656367934253,5.203181612529507,0.5086017933520992,1.5,5.227979980562869,5.582825345426685,1.4969818966532924,21.58899927568585,8.647268494490937,-84.1638821125572,-82.379118900039,-84.15723086965403,-82.37588796190245,1,1,1,1,1,2,15.0,0.0,15.0,0,3,0.0,3.0,3.0,1,2,15.0,0,3,3.0,-10.8353286139979,-10.8353286139979,1,-5.49993068323943,-4.38535260675529,0.3582193369938249,0.4481658568592991,0.806385193853124
375,44,0.0,-0.01,1.5,0.0,0.01,1.5,7.2907528800451304,1.9547070086751557,1.5,7.548241983909243,15.008473279369625,1.112691640110461,18.40013478809529,9.035553099676816,0.25004487804904935,1.5,9.039012239073354,1.5851670116112517,4.096504814837947,16.831919055193275,13.423306267758374,-85.57071196835179,-87.13350043674579,-85.564752449493,-87.13296818239502,1,1,1,1,1,2,15.0,0.0,15.0,0,3,0.0,3.0,3.0,1,2,15.0,0,2,0.0,-31.339797406835917,-31.333940497805056,0,-6.763646923803596,-8.34670225750308,0.2758245263167302,0.19702089417433655,0.47284542049106676
376,44,0.0,-0.01,1.5,0.0,0.01,1.5,3.9913443821906385,1.1030352270035928,1.5,4.140956011509376,15.44850027589148,3.715146490558051,23.617631709761117,8.12070217256054,0.9142988709321449,1.5,8.172009924175157,6.423802305271819,2.33737711338774,17.708683075486302,9.02469797061966,-80.3584308196556,-86.25858306513386,-80.34725552782717,-86.25620416210198,1,1,1,1,1,2,15.0,0.0,15.0,0,3,0.0,3.0,3.0,1,2,15.0,0,3,3.0,-26.071334295695035,-26.071334295695035,1,-1.8487528572025735,-8.234106851491838,0.7253643586465007,0.2018497738740918,0.9272141325205925
377,44,0.0,-0.01,1.5,0.0,0.01,1.5,5.395500569218627,1.526923642950482,1.5,5.607398880393627,15.801483393257787,4.8778397208181445,20.983056347574205,6.278629572897207,0.36071334459471543,1.5,6.28898270236356,3.2880835903342893,2.972962622189457,19.983250659044163,12.513399802923498,-82.99026779901509,-83.98321966113285,-82.9818308900141,-83.98163657854413,1,1,1,1,1,2,15.0,0.0,15.0,0,3,0.0,3.0,3.0,1,2,15.0,0,3,3.0,-51.740393257355166,-51.740393257355166,1,-4.282543460132777,-5.2664090615948025,0.4573648570967458,0.3756371494821371,0.8330020065788829
378,44,0.0,-0.01,1.5,0.0,0.01,1.5,9.355325439064535,2.2119429710879506,1.5,9.61326197386472,13.30253904447183,3.2315058305505158,16.29873754087989,9.751770748229669,0.37312050404758895,1.5,9.75890627255783,2.191171992941168,3.3926004106778924,16.16638962398676,11.111367051530662,-87.67030810562856,-87.7991769869294,-87.6661496967084,-87.79849761360154,1,1,1,1,1,2,15.0,0.0,15.0,0,3,0.0,3.0,3.0,1,2,15.0,0,3,3.0,-39.12491732075898,-39.12491732075898,1,-9.01515465616239,-8.94319678104761,0.17050709951360912,0.17319135666513646,0.3436984561787456
379,44,0.0,-0.01,1.5,0.0,0.01,1.5,8.138201675904494,2.236204216258683,1.5,8.43984216763014,15.364460793907238,4.076178717739003,17.430112836605186,4.139073679037974,0.2979389554712106,1.5,4.149782951154461,4.117165816941623,1.421690303402121,23.595047751353523,11.247294976965616,-86.54022805473664,-80.37284617956792,-86.53477440098311,-80.36983948623478,1,1,1,1,1,2,15.0,0.0,15.0,0,3,0.0,3.0,3.0,1,2,15.0,0,3,3.0,-29.80624561313584,-29.80624561313584,1,-7.696454539909797,-2.1462688204708975,0.22646298156661865,0.687115166747225,0.9135781483138437
380,44,0.0,-0.01,1.5,0.0,0.01,1.5,7.393891187796289,1.5401905916923577,1.5,7.552603124467038,11.76677828418644,3.7588351902532997,18.39448373284172,2.6821010727258283,0.24175966437232957,1.5,2.692974916265367,5.15061702685652,1.4228622466406802,27.35226887109189,6.61616125732992,-85.57509507461612,-76.61840974442653,-85.57040350474657,-76.6126183664964,1,1,1,1,1,2,15.0,0.0,15.0,0,3,0.0,3.0,3.0,1,2,15.0,0,3,3.0,-23.83156020651291,-23.83156020651291,1,-7.5229509057219985,0.288091040524606,0.23498029536471415,1.0486442926943784,1.2836245880590926
381,44,0.0,-0.01,1.5,0.0,0.01,1.5,6.830548388394168,1.9240441670663275,1.5,7.096360845039951,15.731585352253706,1.766517044772983,18.936675872573407,8.66505378771973,0.48119567093142096,1.5,8.678404600950522,3.178536739657024,2.188232340192491,17.185830412379524,12.553048612596683,-85.03484898189205,-86.78016626266722,-85.02821136501488,-86.77905682520876,1,1,1,1,1,2,15.0,0.0,15.0,0,3,0.0,3.0,3.0,1,2,15.0,0,3,3.0,-11.523258019836561,-11.523258019836561,1,-6.242085073666369,-7.942360895583325,0.3075100628855981,0.21487927820229272,0.5223893410878908
382,44,0.0,-0.01,1.5,0.0,0.01,1.5,9.385745059751832,2.568704137281115,1.5,9.730901873492561,15.305990806817778,2.3965281359317103,16.193367232447255,8.233893723595035,0.9323699504760952,1.5,8.286514320026757,6.460403717384336,1.0202227717899457,17.587814079768663,8.845587089433442,-87.77623045766205,-86.37943249257415,-87.77152000514104,-86.37707315781964,1,1,1,1,1,2,15.0,0.0,15.0,0,3,0.0,3.0,3.0,1,2,15.0,0,4,6.0,-10.85975779669547,-10.778424050338685,0,-8.903912141513166,-8.362399523757722,0.17467353387885906,0.19635630964546436,0.37102984352432344
383,44,0.0,-0.01,1.5,0.0,0.01,1.5,9.19900937685697,2.1186648175320215,1.5,9.439836551792116,12.969874990495475,1.32483005569363,16.456850526031882,8.338453789105545,0.6667446835664215,1.5,8.365067845876249,4.571657095320744,3.849399366069463,17.505509854714866,8.398217895174731,-87.51216737436155,-86.46103387257287,-87.5080367115564,-86.45937738287343,1,1,1,1,1,2,15.0,0.0,15.0,0,3,0.0,3.0,3.0,1,2,15.0,0,3,3.0,-28.598724365098466,-28.598724365098466,1,-8.942727534292152,-7.824491543553282,0.17320899090902522,0.2203614332589512,0.3935704241679764
384,45,0.0,-0.01,1.5,0.0,0.01,1.5,4.88697737940447,-6.465304569114694,1.5,8.104487095321105,-52.91519081809024,2.251694335730473,17.788118783347024,2.469865581661142,2.823937765415411,1.5,3.751647703931396,48.826487362808436,4.472555253829175,24.487068200287823,101.74167818089867,-86.17676845424127,-79.51267338107174,-86.1938690431778,-79.47781903730048,1,1,1,1,5,0,-45.0,-6.0,-51.0,3,3,45.0,3.0,48.0,5,0,-51.0,3,3,48.0,-32.30521219902389,-32.30521219902389,1,-7.408999119655953,-0.5533144962100216,0.2407336870859583,0.9110217252382561,1.1517554123242144
385,45,0.0,-0.01,1.5,0.0,0.01,1.5,5.01116918069103,-6.834211476555787,1.5,8.474565656350444,-53.74935661962415,4.790852192504538,17.39999634501523,4.631563358973298,5.491344374182667,1.5,7.183748477226332,49.85471957144007,1.7064436721985805,18.83630025001115,103.60407619106422,-86.56489089257306,-85.14707465334229,-86.58142176486187,-85.12858698757714,1,1,1,1,5,0,-45.0,-6.0,-51.0,3,3,45.0,3.0,48.0,5,0,-51.0,3,4,51.0,-45.37075352411772,-45.32319778810481,0,-8.005284193885227,-6.348841452470398,0.21200472245925184,0.3007695480281075,0.5127742704873594
386,45,0.0,-0.01,1.5,0.0,0.01,1.5,1.9298521776265618,-2.493816878488781,1.5,3.1533239685965526,-52.26533164291946,3.8740753563995836,26.000500858468413,2.160475435894081,2.462874777289416,1.5,3.276187765942317,48.74221307774672,3.483697049776193,25.666637551538265,101.00754472066617,-77.96438637911989,-78.33810900351409,-78.00795484273247,-78.29824968605003,1,1,1,1,5,0,-45.0,-6.0,-51.0,3,3,45.0,3.0,48.0,5,0,-51.0,3,3,48.0,-23.756279045951104,-23.756279045951104,1,0.9094074767042208,0.6321420870361155,1.1589422942297725,1.108813881006406,2.267756175236179
387,45,0.0,-0.01,1.5,0.0,0.01,1.5,2.53479227643585,-3.163847360209232,1.5,4.054022940658053,-51.29919948781279,3.886613172169683,23.813080511435647,5.303045809862756,6.305103097230862,1.5,8.238726839033635,49.93374758387092,2.1769469372871213,17.644945978218715,101.23294707168371,-80.15180672615264,-86.3360790789248,-80.18524829431402,-86.31994125936957,1,1,1,1,5,0,-45.0,-6.0,-51.0,3,3,45.0,3.0,48.0,5,0,-51.0,3,4,51.0,-25.374823882493963,-25.31346452947445,0,-1.194988112440982,-7.555967798674905,0.8151273872822591,0.2333370866604978,1.0484644739427569
388,45,0.0,-0.01,1.5,0.0,0.01,1.5,5.31019895479686,-7.52173821520111,1.5,9.207320930517326,-54.77866182076542,1.43390696570324,16.679120489767357,1.7074694770479713,1.863235967893646,1.5,2.5272713125232604,47.49785590478834,3.127124288051322,27.926385321092848,102.27651772555376,-87.28576674782093,-76.08917802335888,-87.30117906760186,-76.03850191649545,1,1,1,1,5,0,-45.0,-6.0,-51.0,3,3,45.0,3.0,48.0,5,0,-51.0,3,3,48.0,-6.377520368836549,-6.377520368836549,1,-9.08563952983149,2.9044785366812857,0.16791582498330446,1.5616225192407753,1.7295383442240797
389,45,0.0,-0.01,1.5,0.0,0.01,1.5,3.6531849663707403,-4.244071742955762,1.5,5.599812975258437,-49.27899885857508,2.7403881236187395,21.002365117307562,3.870690232625968,4.469530645080297,1.5,5.912609158760451,49.10687528028868,1.6044127537258617,20.529601429085467,98.38587413886376,-82.96252212028072,-83.45749575101442,-82.98603406215796,-83.43528580850283,1,1,1,1,5,0,-45.0,-6.0,-51.0,3,3,45.0,3.0,48.0,5,1,-48.0,3,3,48.0,-12.153027240998608,-12.0867637355443,0,-4.157862508498199,-4.537508752227292,0.4687356777009045,0.43484133911925443,0.9035770168201589
390,45,0.0,-0.01,1.5,0.0,0.01,1.5,5.092566471013029,-6.533858596184246,1.5,8.284053441197544,-52.066728558696525,2.5997403876854737,17.59749056064191,5.130507051689157,5.4768533445314835,1.5,7.504533640735969,46.87012908944006,4.441964873561226,18.45605188330022,98.9368576481366,-86.36739667694638,-85.5257296868679,-86.38393608360752,-85.50883535428808,1,1,1,1,5,0,-45.0,-6.0,-51.0,3,3,45.0,3.0,48.0,5,0,-51.0,3,3,48.0,-45.20031992863436,-45.20031992863436,1,-7.464193082080127,-6.613226283984467,0.23793097274758315,0.2846454870199772,0.5225764597675604
391,45,0.0,-0.01,1.5,0.0,0.01,1.5,3.7587767439614455,-4.830862394402982,1.5,6.120917748557182,-52.11438138247919,3.8363802908305655,20.228950063766916,1.8165635675154612,1.8839275619768843,1.5,2.6170758975621373,46.04290111058629,1.5029903907383,27.621645815339015,98.15728249306548,-83.73593717382137,-76.39102544894247,-83.75833786230689,-76.34324142224928,1,1,1,1,5,0,-45.0,-6.0,-51.0,3,3,45.0,3.0,48.0,5,0,-51.0,3,2,45.0,-21.628079689176918,-21.592863072812516,0,-4.838949126314507,2.4088168591166847,0.40944491464472715,1.4548772834685924,1.8643221981133196
392,45,0.0,-0.01,1.5,0.0,0.01,1.5,2.80226461997314,-3.684236523901211,1.5,4.628853612332203,-52.74304320486489,2.7378713798282797,22.659550082706552,2.239320923532565,2.429605361909906,1.5,3.3041701549999063,47.33382670456545,4.211783107883509,25.592162621097355,100.07686990943034,-81.30533715488173,-78.41138183925047,-81.33520851460221,-78.37272461649094,1,1,1,1,5,0,-45.0,-6.0,-51.0,3,3,45.0,3.0,48.0,5,0,-51.0,3,3,48.0,-26.44532831294152,-26.44532831294152,1,-2.5055590678558333,0.5634822568103325,0.6430452605803164,1.096626072792993,1.7396713333733094
393,45,0.0,-0.01,1.5,0.0,0.01,1.5,6.35427876268222,-7.565302776481071,1.5,9.87981096447227,-49.97229656552036,2.9954657682126826,16.065838581687764,2.8046941708039794,2.948008119306673,1.5,4.069036896274091,46.42708346239436,2.528391079753951,23.779712607523003,96.39938002791472,-87.89904865590053,-80.21610610448234,-87.91251432408859,-80.18517463006529,1,1,1,1,5,0,-45.0,-6.0,-51.0,3,3,45.0,3.0,48.0,5,0,-51.0,3,2,45.0,-21.015156074183224,-20.98902641438843,0,-8.99123745576484,-1.3559452449159535,0.17139490970533686,0.7922906749529154,0.9636855846582523
394,46,0.0,-0.01,1.5,0.0,0.01,1.5,7.938672078425731,1.7462737166623807,1.5,8.128467645398004,12.405806668002999,1.1427413290532233,17.756193345645688,4.591636121258257,7.115495472428473,1.5,8.46837635489789,57.1658076745699,1.102770955050282,17.406693970459955,44.760001006566895,-86.21328425618664,-86.57542875652658,-86.2086938919426,-86.55819326712833,1,1,1,1,1,1,15.0,-3.0,12.0,4,1,60.0,-3.0,57.0,1,1,12.0,4,1,57.0,-2.6378364065586664,-2.6378364065586664,1,-7.2580292043875305,-7.595530135880894,0.2485554599890753,0.23138206516194074,0.47993752515101606
395,46,0.0,-0.01,1.5,0.0,0.01,1.5,9.284788814915027,1.9995719598019064,1.5,9.497662415562958,12.153592919425664,2.1644234852802215,16.40366338848606,1.8688516466638705,2.8943752270399803,1.5,3.4452887298659016,57.15031804025349,3.931264600141199,25.230759672664846,44.996725120827826,-87.56507404054267,-78.77648766257926,-87.56122384910225,-78.73412756492344,1,1,1,1,1,1,15.0,-3.0,12.0,4,1,60.0,-3.0,57.0,1,1,12.0,4,1,57.0,-23.343896850459465,-23.343896850459465,1,-8.602049255593705,0.22501731721782245,0.18646671757391425,1.0378586274465955,1.2243253450205098
396,46,0.0,-0.01,1.5,0.0,0.01,1.5,2.0559817783132015,0.3799927745754031,1.5,2.0908026165770472,10.47141354752915,1.5777702080645182,29.555275267570078,4.959151332713311,7.785438254928161,1.5,9.23072211487547,57.50376839361049,2.1540599457673073,16.657303372625915,47.03235484608135,-74.42471328443172,-87.32345792712943,-74.40961197001822,-87.30758386496237,1,1,1,1,1,1,15.0,-3.0,12.0,4,1,60.0,-3.0,57.0,1,0,9.0,4,1,57.0,-5.55761459595422,-5.5553765777397395,0,4.402749481908544,-8.35691188658232,1.909186666977102,0.19658840476178055,2.105775071738883
397,46,0.0,-0.01,1.5,0.0,0.01,1.5,5.294664953256427,1.1213626805891665,1.5,5.412109683724084,11.958029177447505,1.042179568207045,21.290056859434614,4.0074331974071224,5.947055928913336,1.5,7.171261747649707,56.025876692675105,3.534962054243072,18.852213453186483,44.0678475152276,-82.68147994018607,-85.132762588009,-82.67483037815367,-85.1126737844018,1,1,1,1,1,1,15.0,-3.0,12.0,4,1,60.0,-3.0,57.0,1,1,12.0,4,1,57.0,-20.541752687491766,-20.541752687491766,1,-3.7185349558827396,-6.1996185759792155,0.5107217829976755,0.31022884363443465,0.82095062663211
398,46,0.0,-0.01,1.5,0.0,0.01,1.5,3.0717902489511273,0.565623619119448,1.5,3.1234316723848803,10.433281348100074,2.990777446075236,26.066432831949413,4.367077121609479,6.34980981246234,1.5,7.706584667706438,55.48177958003071,3.5168150052030827,18.22612817327444,45.04849823193064,-77.90852644826725,-85.75733249379195,-77.89845440563889,-85.73875906431384,1,1,1,1,1,1,15.0,-3.0,12.0,4,1,60.0,-3.0,57.0,1,0,9.0,4,0,54.0,-26.376473722456197,-26.3391255391321,0,0.9194507591135513,-6.898135722274079,1.1607854204169594,0.26814865070952526,1.4289340711264846
399,46,0.0,-0.01,1.5,0.0,0.01,1.5,8.698821997833951,1.5762938674907616,1.5,8.840486779962337,10.270986271517852,1.8954039569799135,17.026301585851215,4.441764629432552,7.1663522349092785,1.5,8.431244118044935,58.20902149810619,1.3089895480776805,17.445004201553882,47.93803522658834,-86.94208997958036,-86.5373965311841,-86.93858565173707,-86.5198830360344,1,1,1,1,1,1,15.0,-3.0,12.0,4,1,60.0,-3.0,57.0,1,0,9.0,4,1,57.0,-7.602791595515987,-7.577404870097158,0,-8.137881969817936,-7.633981992685214,0.2060637279803697,0.22949640162269153,0.43556012960306123
400,46,0.0,-0.01,1.5,0.0,0.01,1.5,3.7499381011607484,0.9105524724029798,1.5,3.858904192583208,13.64830133983714,2.3499940516330904,24.230083075080543,4.553793449995124,6.805402695708986,1.5,8.188439450590181,56.21178354561131,3.140152853937022,17.698873527157154,42.56348220577417,-79.74542598465773,-86.28364586514289,-79.73480416250774,-86.26601371043114,1,1,1,1,1,1,15.0,-3.0,12.0,4,1,60.0,-3.0,57.0,1,2,15.0,4,1,57.0,-20.147800716563655,-20.098397288090304,0,-0.9295733193975414,-7.335180580173565,0.8538474529828487,0.24452956640097723,1.0983770193838258
401,46,0.0,-0.01,1.5,0.0,0.01,1.5,8.760064721772782,1.673399889841356,1.5,8.918464056157266,10.81469217703263,1.7205159889725907,16.950098643342177,2.976543634408743,4.448452057603776,1.5,5.35243287826559,56.212768936521854,1.9525298648953644,21.39654711832972,45.39807675948923,-87.01844331405215,-82.59531527033003,-87.01478859424611,-82.56834011925858,1,1,1,1,1,1,15.0,-3.0,12.0,4,1,60.0,-3.0,57.0,1,1,12.0,4,1,57.0,-7.971466328819682,-7.971466328819682,1,-8.129424645561064,-3.6385008947195265,0.20643798525589108,0.5186994434613288,0.7251374287172199
402,46,0.0,-0.01,1.5,0.0,0.01,1.5,8.35826123836451,1.4061825602138536,1.5,8.475722996971776,9.549933366922835,1.6048793597527884,17.392237702526717,3.706313331555516,5.404382665066707,1.5,6.5531756044027745,55.55775911677102,1.391149544676085,19.63597569324074,46.00782574984818,-86.5760489895181,-84.35077285881249,-86.57264953506157,-84.32891154434755,1,1,1,1,1,1,15.0,-3.0,12.0,4,1,60.0,-3.0,57.0,1,0,9.0,4,1,57.0,-5.413458082337438,-5.318903095014995,0,-7.933164982795037,-5.476598068970561,0.21530239480171345,0.3599271325301778,0.5752295273318913
403,46,0.0,-0.01,1.5,0.0,0.01,1.5,2.0751706608684177,0.34894412370224626,1.5,2.104303987829561,9.545106169854272,1.8078970330450042,29.498659472738346,1.5359352387405947,2.4738536699236358,1.5,2.9118806702541518,58.16519989098779,2.152125268256999,26.695970563363545,48.62009372113352,-74.47991622044009,-77.31960062583423,-74.46622776484995,-77.26891667422476,1,1,1,1,1,1,15.0,-3.0,12.0,4,1,60.0,-3.0,57.0,1,0,9.0,4,1,57.0,1.666828923262015,1.7411071590022282,0,4.150234872063019,1.616973142130337,1.8481172010479465,1.2934292896309985,3.141546490678945
404,47,0.0,-0.01,1.5,0.0,0.01,1.5,3.7827454320849956,4.0280975391013385,1.5,5.525824172779492,46.79916808856618,4.442971407821894,21.117597842967257,2.321168531326782,3.0246791112872455,1.5,3.81267715353387,52.497012047437295,2.4238305257219737,24.347559031986318,5.697843958871118,-82.87020834134559,-79.6534753793326,-82.84728939462104,-79.61732820560198,1,1,1,1,3,2,45.0,0.0,45.0,4,0,60.0,-6.0,54.0,3,2,45.0,4,0,54.0,-37.76817734891033,-37.76817734891033,1,-4.927557203431503,-2.317342868611409,0.40222758705341255,0.6658446926633348,1.0680722797167475
405,47,0.0,-0.01,1.5,0.0,0.01,1.5,4.374101816392963,4.577589253019584,1.5,6.331436651308501,46.3022080016276,1.2480521071143,19.933951599671126,3.0045185054794885,4.3677578213147985,1.5,5.301362073601962,55.47647031095371,2.8811245814026,21.47983381817444,9.17426230932611,-84.05077185673187,-82.51205179260688,-84.03093563791717,-82.48505341941384,1,1,1,1,3,2,45.0,0.0,45.0,4,0,60.0,-6.0,54.0,3,2,45.0,4,1,57.0,-12.43850666966006,-12.351286323255852,0,-5.7838570683063555,-4.106707784595933,0.3380036559332727,0.4734697373716866,0.8114733933049594
406,47,0.0,-0.01,1.5,0.0,0.01,1.5,5.9776357921833,5.946987517142852,1.5,8.432009854894844,44.85274059422844,3.507420743961819,17.442720972612353,5.155000479856682,6.547274054323802,1.5,8.333116313225458,51.784850008620246,1.476039841357231,17.546119480487835,6.932109414391803,-86.53669708373107,-86.43514658946074,-86.52216626497594,-86.41876775710045,1,1,1,1,3,2,45.0,0.0,45.0,4,0,60.0,-6.0,54.0,3,2,45.0,4,0,54.0,-24.416453322814824,-24.416453322814824,1,-7.836617281391476,-8.136462508327503,0.21979154005858226,0.20612649851235418,0.42591803857093646
407,47,0.0,-0.01,1.5,0.0,0.01,1.5,4.665656944497365,4.871196624048206,1.5,6.745139826117405,46.234655979559975,2.025555718969491,19.38355848626708,4.236018035911666,5.895338712687612,1.5,7.259398552075933,54.30136248320547,1.2289414959810299,18.745785327077947,8.066706503645499,-84.59992810921992,-85.23853580481764,-84.58132875132121,-85.21910191051035,1,1,1,1,3,2,45.0,0.0,45.0,4,0,60.0,-6.0,54.0,3,2,45.0,4,1,57.0,-7.093975403773372,-7.069709881341744,0,-6.249369720557379,-6.5981952781483795,0.30704584041179017,0.28554082253447394,0.5925866629462642
408,47,0.0,-0.01,1.5,0.0,0.01,1.5,6.853395330367507,7.183584475386307,1.5,9.9283892686233,46.347508975396316,1.3254626319724894,16.022832287872312,3.7220255085839495,4.737746202698967,1.5,6.024924312199954,51.846432748863286,1.5944284685706536,20.36638756460947,5.49892377346697,-87.95471569911231,-83.62117437719682,-87.94205494971598,-83.59849967297882,1,1,1,1,3,2,45.0,0.0,45.0,4,0,60.0,-6.0,54.0,3,2,45.0,3,4,51.0,-5.324793684571613,-5.2617384111655,0,-9.346209804282042,-5.644929153471477,0.15865535209125245,0.3477656728037151,0.5064210248949675
409,47,0.0,-0.01,1.5,0.0,0.01,1.5,6.227125612066726,6.214402067080427,1.5,8.79749319066465,44.94140549353608,2.398570835293639,17.07387385148559,4.7047139781099485,6.142992480942096,1.5,7.737615280998033,52.55269528139969,1.3505727287510325,18.190848461247,7.611289787863612,-86.90496264844776,-85.79186189023899,-86.8910133861027,-85.77403877634129,1,1,1,1,3,2,45.0,0.0,45.0,4,0,60.0,-6.0,54.0,3,2,45.0,4,0,54.0,-11.634804714818507,-11.634804714818507,1,-8.187768440811347,-7.346251654453663,0.20386894380417717,0.24395679150886787,0.44782573531304504
410,47,0.0,-0.01,1.5,0.0,0.01,1.5,4.926941580580457,4.803068188361221,1.5,6.880713433976174,44.270603080182354,2.7398332183403715,19.210220281424522,3.9748829885740755,5.353260607012308,1.5,6.667615308297664,53.405513455884,3.8887798220486203,19.485128571225783,9.134910375701644,-84.77229053617617,-84.50067665330174,-84.75466695616377,-84.4797586663625,1,1,1,1,3,2,45.0,0.0,45.0,4,0,60.0,-6.0,54.0,3,1,42.0,4,0,54.0,-36.597924141138485,-36.513875234936336,0,-6.178614322794633,-6.014449997476139,0.31158152170358827,0.32233691795246,0.6339184396560482
411,47,0.0,-0.01,1.5,0.0,0.01,1.5,6.580579330648841,7.115765046201245,1.5,9.692168824350006,47.237698592630586,3.2654504125667696,16.2322379278504,3.565949934774799,4.7694537743801115,1.5,5.955139649350726,53.21584985286775,2.9693732772643617,20.46792313315501,5.978151260237162,-87.74580831792872,-83.52032666010285,-87.7326493097379,-83.49696410443329,1,1,1,1,3,2,45.0,0.0,45.0,4,0,60.0,-6.0,54.0,3,2,45.0,4,0,54.0,-32.159711029286186,-32.159711029286186,1,-9.365386278122704,-5.181325807319541,0.1579932588418692,0.38216535036507515,0.5401586092069444
412,47,0.0,-0.01,1.5,0.0,0.01,1.5,4.634050832217206,4.93312383480842,1.5,6.76831868968416,46.790501688613574,3.983544573356187,19.35381541856611,4.62671456943262,5.976942424318112,1.5,7.558460719658053,52.25676518364171,3.0756194522606255,18.39450112021678,5.466263495028137,-84.62977826734561,-85.58856257452801,-84.61107181902219,-85.57038611737153,1,1,1,1,3,2,45.0,0.0,45.0,4,0,60.0,-6.0,54.0,3,2,45.0,4,0,54.0,-42.61540340539036,-42.61540340539036,1,-6.419282792736466,-7.235862512967129,0.29639499182371787,0.24972334085791925,0.5461183326816371
413,47,0.0,-0.01,1.5,0.0,0.01,1.5,6.238888862623539,6.227351776021746,1.5,8.814967066443824,44.946974697456895,3.8477116986508535,17.056626173530248,4.175844546524249,5.875995442727662,1.5,7.20867533737597,54.6000522054117,3.289779934629788,18.80679284306578,9.653077507954805,-86.92218474569108,-85.1777381863638,-86.90826106405805,-85.15809439452252,1,1,1,1,3,2,45.0,0.0,45.0,4,0,60.0,-6.0,54.0,3,2,45.0,4,0,54.0,-44.077754803105385,-44.077754803105385,1,-8.204301675933612,-6.533927318201239,0.20314636883571768,0.28939778632861735,0.49254415516433503
414,48,0.0,-0.01,1.5,0.0,0.01,1.5,3.428591843710933,1.2133215711832985,1.5,3.636948070272635,19.488023641863673,3.6337963054728606,24.747278008894426,6.858946943997512,-6.12809804482681,1.5,9.197757271616977,-41.77906428824912,3.6745036172792696,16.686732116931715,61.267087930112794,-79.23354476499954,-87.27815512065658,-79.21760922869387,-87.2907409253307,1,1,1,1,1,3,15.0,3.0,18.0,5,3,-45.0,3.0,-42.0,1,3,18.0,5,3,-42.0,-37.592182912108164,-37.592182912108164,1,-0.3912499091061828,-8.329106325827007,0.9364779089020135,0.19776835881708632,1.1342462677190999
415,48,0.0,-0.01,1.5,0.0,0.01,1.5,8.069749122269815,2.4798206520279433,1.5,8.442177524939805,17.082107157224833,2.248368047712021,17.428005093627377,2.6216426727826465,-2.4340257965866736,1.5,3.577358226709247,-42.87471733565293,3.5539138079647676,24.899347390039168,59.956824492877764,-86.54292569477279,-79.06553984754913,-86.53688214396091,-79.09857896586057,1,1,1,1,1,3,15.0,3.0,18.0,5,3,-45.0,3.0,-42.0,1,3,18.0,5,3,-42.0,-20.294191206076594,-20.294191206076594,1,-7.623887053758973,-0.17888016500363094,0.22999007642459218,0.9705945689352826,1.2005846453598747
416,48,0.0,-0.01,1.5,0.0,0.01,1.5,7.833027722688082,2.7955300275965387,1.5,8.31692920732129,19.640979210837326,4.8601277357833395,17.558323250193,5.930380532217087,-5.61159774903783,1.5,8.164523412539513,-43.417925819837976,3.969988320357571,17.72277413687043,63.058905030675305,-86.4135856100573,-86.24211310071786,-86.4065639873953,-86.2567376725439,1,1,1,1,1,3,15.0,3.0,18.0,5,3,-45.0,3.0,-42.0,1,4,21.0,5,3,-42.0,-70.18416603537142,-70.14048113502332,0,-7.593590803283838,-7.400258844392928,0.23147754664764514,0.24118028555588936,0.4726578322035345
417,48,0.0,-0.01,1.5,0.0,0.01,1.5,6.302211643673464,2.0108647820780323,1.5,6.6152436669751715,17.696472522496762,3.590077486118119,19.54714445314934,2.241222066298616,-2.0874830453526445,1.5,3.0627866094618135,-42.965928400318575,1.8494096802655164,26.251068695620514,60.66240092281534,-84.42572586954182,-77.71381854196778,-84.41774278443894,-77.75247547945791,1,1,1,1,1,3,15.0,3.0,18.0,5,3,-45.0,3.0,-42.0,1,3,18.0,5,3,-42.0,-20.12398242635213,-20.12398242635213,1,-5.467006236034015,1.1566909949590922,0.36063126902827336,1.2048769426046515,1.5655082116329249
418,48,0.0,-0.01,1.5,0.0,0.01,1.5,8.404609336622427,2.722539635200004,1.5,8.834573004196402,17.948907618782144,3.143406794237122,17.033391210950594,5.7145322510876175,-5.0786822760519295,1.5,7.6451875392173685,-41.62848721162798,2.825233758465404,18.29386236044177,59.57739483041012,-86.93755600941421,-85.67102487714651,-86.93149602663769,-85.68612163819469,1,1,1,1,1,3,15.0,3.0,18.0,5,3,-45.0,3.0,-42.0,1,3,18.0,5,3,-42.0,-29.6568296848521,-29.6568296848521,1,-7.973502040362693,-6.729547928818479,0.2134521523848137,0.2778021516983556,0.4912543040831693
419,48,0.0,-0.01,1.5,0.0,0.01,1.5,2.0525161475128084,0.6594141932705158,1.5,2.155840813716872,17.810712809667088,2.027539884472439,29.293992355157137,6.808245936828832,-6.508772113310365,1.5,9.41893450233905,-43.7117465383498,1.854299571777485,16.480414248000304,61.52245934801689,-74.6955412776793,-87.484472989588,-74.67089488243116,-87.49721762700658,1,1,1,1,1,3,15.0,3.0,18.0,5,3,-45.0,3.0,-42.0,1,3,18.0,5,2,-45.0,-3.5776675542504766,-3.5568636496927315,0,4.255771115862005,-8.689748301948706,1.8735230991751883,0.18296567511915676,2.056488774294345
420,48,0.0,-0.01,1.5,0.0,0.01,1.5,5.405869932500734,1.8497130370101071,1.5,5.7135687662266434,18.88927995370626,3.8538496077016586,20.820840151293503,4.723773455251612,-4.14842515438,1.5,6.286769195543326,-41.28965292889973,4.308408537414626,19.994643783099463,60.17893288260599,-83.15389013166481,-83.97024345448884,-83.14404708629479,-83.98847967605715,1,1,1,1,1,3,15.0,3.0,18.0,5,3,-45.0,3.0,-42.0,1,3,18.0,5,3,-42.0,-52.8292189795165,-52.8292189795165,1,-4.232983472767576,-5.051967909697752,0.4618563495176829,0.39228039852368957,0.8541367480413724
421,48,0.0,-0.01,1.5,0.0,0.01,1.5,5.451537676639124,1.8080671872214218,1.5,5.74355029518526,18.348714698058142,4.823008645331736,20.77521973982398,2.9755840830287585,-2.7518845774680436,1.5,4.053019783183962,-42.763317982787036,2.1702941534679567,23.813052549666956,61.112032680845175,-83.1991883377184,-80.15183468792134,-83.1896674977643,-80.18093681337346,1,1,1,1,1,3,15.0,3.0,18.0,5,3,-45.0,3.0,-42.0,1,3,18.0,5,3,-42.0,-40.50222671960533,-40.50222671960533,1,-4.242450240507296,-1.2505342844718161,0.46099551971035513,0.807191649502814,1.268187169213169
422,48,0.0,-0.01,1.5,0.0,0.01,1.5,7.0264835369286835,2.1848327715629523,1.5,7.358326245446397,17.27269286971097,4.936330848680198,18.621996887510484,5.2129150661182875,-4.665609108224673,1.5,6.995883921086174,-41.82884867442882,3.4023303652797363,19.06550653038096,59.10154154413979,-85.34990090946323,-84.89938070720733,-85.34289035007781,-84.9159429474779,1,1,1,1,1,3,15.0,3.0,18.0,5,3,-45.0,3.0,-42.0,1,3,18.0,5,3,-42.0,-61.351944898974956,-61.351944898974956,1,-6.414322416139056,-5.953730691551061,0.29670115628276733,0.32639823613265173,0.6230993924154191
423,48,0.0,-0.01,1.5,0.0,0.01,1.5,2.1956717449294167,0.7680487585561565,1.5,2.3261283943499427,19.279901666165788,4.0172560876238474,28.633670697968117,3.5650086869077233,-3.2166999663017424,1.5,4.801712778887671,-42.059870769822325,4.2932344265531945,22.338270455315357,61.33977243598811,-75.35587437280918,-81.62661678227293,-75.33121653962017,-81.65085235447111,1,1,1,1,1,3,15.0,3.0,18.0,5,3,-45.0,3.0,-42.0,1,3,18.0,5,3,-42.0,-35.401672855478864,-35.401672855478864,1,3.5113300045338622,-2.688509252627307,1.6980269388846971,0.6214818507145484,2.3195087895992454
424,49,0.0,-0.01,1.5,0.0,0.01,1.5,3.165500592902126,-3.7261916737225915,1.5,4.889263583913561,-49.65119915153937,1.7082204642740648,22.182751230282406,8.151182919450118,-0.6725782406544513,1.5,8.178884060563348,-4.716958840112006,3.166152494589838,17.701064362636167,44.93424031142737,-81.78213600730588,-86.26382287495213,-81.80921492779925,-86.26557129214511,1,1,1,1,5,0,-45.0,-6.0,-51.0,0,0,0.0,-6.0,-6.0,5,0,-51.0,0,0,-6.0,-18.744240927620012,-18.744240927620012,1,-2.916864773460899,-7.389591353170664,0.5953830391091598,0.2417263896360857,0.8371094287452455
425,49,0.0,-0.01,1.5,0.0,0.01,1.5,4.482585446087097,-5.572641564008722,1.5,7.151776442422501,-51.18709702435898,4.312962457841217,18.87526411987822,9.855273228543147,-0.8799171192577114,1.5,9.894476466493922,-5.102061488234361,2.772217106327942,16.046997383314597,46.085035536124614,-85.08962311771008,-87.91788985427371,-85.10854871127921,-87.91944993770018,1,1,1,1,5,0,-45.0,-6.0,-51.0,0,0,0.0,-6.0,-6.0,5,0,-51.0,0,0,-6.0,-45.014504647957224,-45.014504647957224,1,-6.1276645134928955,-8.998265322527226,0.3148846746711641,0.17113358348961566,0.48601825816077976
426,49,0.0,-0.01,1.5,0.0,0.01,1.5,4.167841442534105,-5.090158136558141,1.5,6.578800205605413,-50.68924860547523,2.7539233667056227,19.601361728805134,5.496382282380448,-0.37165156264026755,1.5,5.508933025376026,-3.8683083877327435,1.232252973219258,21.13377750347145,46.82094021774248,-84.36352550878317,-82.83110973411684,-84.38395725886771,-82.83323744729927,1,1,1,1,5,0,-45.0,-6.0,-51.0,0,0,0.0,-6.0,-6.0,5,0,-51.0,0,1,-3.0,-11.727221080167102,-11.650637264755972,0,-5.405053015232747,-4.113317448084432,0.3652085216285711,0.4728557885511104,0.8380643101796814
427,49,0.0,-0.01,1.5,0.0,0.01,1.5,5.667354262484575,-7.299900717282979,1.5,9.2416153792879,-52.17564898121553,4.109064695132211,16.646546914831763,7.266326497571734,-0.7008953271829325,1.5,7.300051714130523,-5.509591189972388,3.945031790210557,18.688692833644115,46.66605779124314,-87.31834032275654,-85.27619440394417,-87.33319016688253,-85.27847727185765,1,1,1,1,5,0,-45.0,-6.0,-51.0,0,0,0.0,-6.0,-6.0,5,0,-51.0,0,0,-6.0,-56.70782137733705,-56.70782137733705,1,-8.428053164862808,-6.327476101571871,0.1935993125427756,0.30210781486902044,0.495707127411796
428,49,0.0,-0.01,1.5,0.0,0.01,1.5,4.099563899931149,-5.672939408423868,1.5,6.9991903604107835,-54.14614795778435,2.296111893232342,19.063183286060845,7.270959261959522,-0.5699954875578737,1.5,7.2932669939411445,-4.482445750774911,4.355720570753498,18.69655746943222,49.663702207009436,-84.90170395152745,-85.26832976815606,-84.92182038214473,-85.27019050076724,1,1,1,1,5,0,-45.0,-6.0,-51.0,0,0,0.0,-6.0,-6.0,5,0,-51.0,0,1,-3.0,-40.398861927343425,-40.39287551587219,0,-6.467637320903577,-6.429567235422461,0.2934253317932137,0.29576112180549247,0.5891864535987061
429,49,0.0,-0.01,1.5,0.0,0.01,1.5,4.923267851003996,-6.391714690922199,1.5,8.067997460515228,-52.3944584559032,2.4693189439321337,17.827294384096597,3.2804422719312667,-0.34596794310789,1.5,3.2986353719579062,-6.020376294700035,2.6025046449458493,25.590113545753404,46.37408216120316,-86.1375928534917,-78.37477369183489,-86.15465057107093,-78.38029575418653,1,1,1,1,5,0,-45.0,-6.0,-51.0,0,0,0.0,-6.0,-6.0,5,0,-51.0,0,0,-6.0,-13.04387247507973,-13.04387247507973,1,-7.277598515202241,0.5795970815448609,0.24752858720943477,1.0994785571788903,1.3470071443883251
430,49,0.0,-0.01,1.5,0.0,0.01,1.5,2.50976325272719,-3.057958945319391,1.5,3.956011185019406,-50.62319522186596,2.513938703601459,24.025905039704956,6.829584612280121,-0.6137537745327885,1.5,6.857107237898986,-5.135201148789712,2.642964606712819,19.23238371118189,45.48799407307625,-79.93898219788333,-84.7325035264064,-79.97292527769312,-84.73477101477994,1,1,1,1,5,0,-45.0,-6.0,-51.0,0,0,0.0,-6.0,-6.0,5,0,-51.0,0,0,-6.0,-15.027797072244145,-15.027797072244145,1,-0.9851353039135036,-5.811058205411511,0.8456318812437326,0.3361210200663822,1.181752901310115
431,49,0.0,-0.01,1.5,0.0,0.01,1.5,2.0116446222150692,-2.587549223820427,1.5,3.2775181268423985,-52.13734802569904,3.8962534470991423,25.664108208743954,7.506754700291082,-0.8140824172807084,1.5,7.550767928659167,-6.189347474452902,1.015888611089537,18.395487913532506,45.94800055124614,-78.30077902884435,-85.56939932405578,-78.34262377647686,-85.57187925105069,1,1,1,1,5,0,-45.0,-6.0,-51.0,0,0,0.0,-6.0,-6.0,5,0,-51.0,0,0,-6.0,-15.306231400659714,-15.306231400659714,1,0.5898723439260674,-6.609859752418311,1.1012999621511141,0.28484579656661557,1.3861457587177297
432,49,0.0,-0.01,1.5,0.0,0.01,1.5,4.814611870149289,-6.172402859903542,1.5,7.828093287967885,-52.044974773850626,4.08817186501969,18.089708687237675,7.7757993941738786,-0.8786656128324143,1.5,7.825286542843592,-6.447077049551496,2.917906846653434,18.085312183072645,45.59789772429913,-85.87517855035061,-85.87957505451564,-85.89267672543075,-85.88206863300678,1,1,1,1,5,0,-45.0,-6.0,-51.0,0,0,0.0,-6.0,-6.0,5,0,-51.0,0,0,-6.0,-42.77640728689838,-42.77640728689838,1,-6.969610756063279,-6.928761780987153,0.26414880457786793,0.2664280681210102,0.5305768726988782
433,49,0.0,-0.01,1.5,0.0,0.01,1.5,1.876940060771161,-2.258016114863088,1.5,2.936246033068252,-50.26548448585418,4.6490426434307075,26.620986628459498,8.114703146330584,-0.9443288443439346,1.5,8.169465350886032,-6.637800151553282,4.330406934252108,17.71142819242486,43.627684334300895,-77.3439006091288,-86.25345904516344,-77.38939730550763,-86.25591747821917,1,1,1,1,5,0,-45.0,-6.0,-51.0,0,0,0.0,-6.0,-6.0,5,0,-51.0,0,0,-6.0,-54.43984648388768,-54.43984648388768,1,1.5858761537295383,-7.313610892338477,1.2873225448364616,0.2456490447967331,1.5329715896331946
434,50,0.0,-0.01,1.5,0.0,0.01,1.5,4.8445816503403565,3.2011081099695744,1.5,5.806639690778779,33.45515195923117,4.33587209141367,20.683821731437916,5.753499063592675,-2.069975589727795,1.5,6.11453599358371,-19.78755530845377,3.4378930775432783,20.23160701724459,53.24270726768494,-83.29755800628932,-83.7332802203437,-83.28106550615038,-83.74289670399202,1,1,1,1,2,3,30.0,3.0,33.0,7,1,-15.0,-3.0,-18.0,2,3,33.0,7,0,-21.0,-47.77406486141185,-47.67563965961503,0,-4.345364672032435,-4.950461794631898,0.45172493646047085,0.40037998762610316,0.852104924086574
435,50,0.0,-0.01,1.5,0.0,0.01,1.5,7.982455218772563,4.856910042366429,1.5,9.343937418419987,31.318344258467235,3.4879160163218135,16.548309345452232,9.465044719765821,-2.8274405004585486,1.5,9.87833444112924,-16.63217274976268,4.881895568227071,16.062916376842225,47.950517008229916,-87.42624272278384,-87.90197086074606,-87.41657789213606,-87.90700458725004,1,1,1,1,2,3,30.0,3.0,33.0,7,1,-15.0,-3.0,-18.0,2,2,30.0,7,1,-18.0,-65.86322409495357,-65.82973587360118,0,-8.61331844504781,-9.042798701442551,0.18601334963320187,0.16948634627433506,0.35549969590753694
436,50,0.0,-0.01,1.5,0.0,0.01,1.5,1.7438931958965147,1.0501402507900255,1.5,2.0356713941654476,31.05557377411798,1.3274833712297047,29.801886141521724,3.3011160425741366,-0.9693042731772249,1.5,3.440482219186717,-16.363782519062095,2.491722422658786,25.22877379377372,47.41935629318007,-74.20702213473695,-78.73611344381457,-74.16300109606657,-78.75033860709044,1,1,1,1,2,3,30.0,3.0,33.0,7,1,-15.0,-3.0,-18.0,2,2,30.0,7,2,-15.0,-1.4298622006529813,-1.3439375442364865,0,4.542429089075556,0.06669855800773039,1.943378460611051,1.011120925501971,2.9544993861130218
437,50,0.0,-0.01,1.5,0.0,0.01,1.5,7.135353011163396,4.450276759995688,1.5,8.409412930429582,31.9515419316504,3.1576043585681166,17.464227415101398,9.194021331697735,-3.281989442018002,1.5,9.762247842850059,-19.64503800283385,3.9892889034853876,16.166068684889016,51.596579934484254,-86.51159084287436,-87.79881855269927,-86.5006598224869,-87.80480107273956,1,1,1,1,2,3,30.0,3.0,33.0,7,1,-15.0,-3.0,-18.0,2,3,33.0,7,0,-21.0,-45.87853986471534,-45.85018029176064,0,-7.606298216567106,-8.985305379734761,0.23085256758726608,0.17161578216843718,0.4024683497557032
438,50,0.0,-0.01,1.5,0.0,0.01,1.5,1.8913475801642714,1.2570896062023162,1.5,2.27100637317801,33.610113570807066,4.3443903058667015,28.85084859827428,8.632426160808198,-2.4300426699510727,1.5,8.96793670804989,-15.722001357293632,2.1447578805511487,16.902847264016874,49.332114928100694,-75.15638032798192,-87.06203997357142,-75.11403863931402,-87.06728846049569,1,1,1,1,2,3,30.0,3.0,33.0,7,1,-15.0,-3.0,-18.0,2,3,33.0,7,2,-15.0,-19.002297205851075,-18.907622781714792,0,3.778058102937134,-8.380785948354903,1.7598988710221237,0.19558053392191677,1.9554794049440405
439,50,0.0,-0.01,1.5,0.0,0.01,1.5,5.950409944949459,4.010114073179216,1.5,7.1755413309982,33.97690952951374,2.240751202072903,18.84374583488246,1.9654498021253994,-0.587079086465273,1.5,2.0512568777312294,-16.63086479911457,4.260451350125691,29.725709073067677,50.60777432862831,-85.13467023749791,-74.23917816452062,-85.12114140270583,-74.26341523855928,1,1,1,1,2,3,30.0,3.0,33.0,7,1,-15.0,-3.0,-18.0,2,3,33.0,7,1,-18.0,-15.834715560985163,-15.834715560985163,1,-6.221908756556709,4.5882798192374254,0.30879911071938443,1.9546649491074273,2.263464059826812
440,50,0.0,-0.01,1.5,0.0,0.01,1.5,2.876198153824452,1.9317252326866499,1.5,3.464690201830674,33.88627791054975,4.277116358619235,25.174752854124996,2.865353551681875,-0.9762096865493732,1.5,3.0270837993436457,-18.81368517486528,2.2684978212189586,26.342803396021807,52.699963085415035,-78.81808865068494,-77.62208384156649,-78.7901343834633,-77.64058936223373,1,1,1,1,2,3,30.0,3.0,33.0,7,1,-15.0,-3.0,-18.0,2,3,33.0,7,1,-18.0,-21.176556738856185,-21.176556738856185,1,0.10024312460492645,1.2829530470105284,1.0167460987223986,1.2287745571894204,2.245520655911819
441,50,0.0,-0.01,1.5,0.0,0.01,1.5,7.183087028935497,4.423661989034732,1.5,8.43596613663735,31.6265948245821,1.0090740714883357,17.436778519982198,7.030424582227842,-2.429154519583723,1.5,7.438256616063172,-19.06107102259728,4.020602354160133,18.52846194712543,50.687665847179375,-86.53890789609,-85.43642529046286,-86.52810871760609,-85.44405200634557,1,1,1,1,2,3,30.0,3.0,33.0,7,1,-15.0,-3.0,-18.0,2,3,33.0,7,1,-18.0,-28.55495263736486,-28.55495263736486,1,-7.6757266793890295,-6.540395965724009,0.22746531687905505,0.2890074590307757,0.5164727759098308
442,50,0.0,-0.01,1.5,0.0,0.01,1.5,2.431668147767139,1.606096520828648,1.5,2.914199034912193,33.44442906003546,4.5849653012977925,26.68009988258021,6.991423164606932,-2.351946450159661,1.5,7.376425284039758,-18.59317278044919,3.5232522433403446,18.6009076235761,52.037601840484655,-77.31764005816754,-85.3639796140122,-77.28478735500809,-85.37148902194767,1,1,1,1,2,3,30.0,3.0,33.0,7,1,-15.0,-3.0,-18.0,2,3,33.0,7,1,-18.0,-40.87283354524396,-40.87283354524396,1,1.6302871455756776,-6.426426761456192,1.2960493219577975,0.29595455172504526,1.5920038736828428
443,50,0.0,-0.01,1.5,0.0,0.01,1.5,7.9894769336991995,5.294933982596147,1.5,9.584783125045817,33.53396915099235,2.3383302704541977,16.327436566870375,7.678797587232941,-2.303303745200919,1.5,8.0168036353868,-16.696947341076545,2.42605517775616,17.877160851023486,50.23091649206889,-87.64746297209079,-86.08772638656481,-87.63745067071793,-86.0939536282219,1,1,1,1,2,3,30.0,3.0,33.0,7,1,-15.0,-3.0,-18.0,2,3,33.0,7,1,-18.0,-18.326904194470217,-18.326904194470217,1,-8.698424026302861,-7.220776717992903,0.18262270135975026,0.2505210276477816,0.43314372900753184
444,51,0.0,-0.01,1.5,0.0,0.01,1.5,5.20062536278269,3.9327154014164947,1.5,6.520180564413618,37.096589068542954,3.590979954682381,19.676918137490695,8.41159609593627,-3.580149510783882,1.5,9.141795195733515,-23.05560840543493,2.6113113845072884,16.737165028095646,60.152197473977886,-84.30403978036887,-87.22772220949265,-84.2879691000976,-87.2351637378375,1,1,1,1,2,4,30.0,6.0,36.0,7,0,-15.0,-6.0,-21.0,2,4,36.0,6,4,-24.0,-31.97329921331143,-31.893581564092568,0,-5.4047811851540715,-8.49705946093846,0.3652287171127242,0.1907405446336205,0.5559692617463448
445,51,0.0,-0.01,1.5,0.0,0.01,1.5,7.973441536897987,5.404917166777101,1.5,9.632699492979729,34.13197238467689,2.3687318105893995,16.284173853405562,4.6426035647759,-1.784362573563097,1.5,4.973702610088647,-21.024026181795925,3.063341031359198,22.026734046120623,55.15599856647282,-87.69083057252224,-81.93815319146766,-87.68071338418272,-81.95068326297246,1,1,1,1,2,4,30.0,6.0,36.0,7,0,-15.0,-6.0,-21.0,2,3,33.0,7,0,-21.0,-21.12936895258018,-21.085193580401427,0,-8.913274096169964,-2.988016434714171,0.17431923572760838,0.5874341985562251,0.7617534342838335
446,51,0.0,-0.01,1.5,0.0,0.01,1.5,2.8770719336035775,1.9889031176736307,1.5,3.4976104017773784,34.65588006921192,3.1474860183620947,25.092758737677713,8.321804602342462,-3.076625544595634,1.5,8.872319684345609,-20.289682689819653,2.65638692591975,16.99672486980837,54.945562759031574,-78.90037234864515,-86.96816236777993,-78.87212849991057,-86.97495318140518,1,1,1,1,2,4,30.0,6.0,36.0,7,0,-15.0,-6.0,-21.0,2,4,36.0,7,0,-21.0,-20.035495179323554,-20.035495179323554,1,-0.0366054794756705,-8.03775543895814,0.9939327731675899,0.21053532404740977,1.2044680972149997
447,51,0.0,-0.01,1.5,0.0,0.01,1.5,6.822643699236095,4.91108796451393,1.5,8.406381625998165,35.747164070129344,2.0416285276024295,17.467931702973004,5.14629335822932,-1.9805526942024885,1.5,5.514247392298241,-21.04923673840974,3.04187417033024,21.13000080842447,56.79640080853908,-86.50902956502728,-82.83488642916382,-86.49695553461528,-82.84620171708451,1,1,1,1,2,4,30.0,6.0,36.0,7,0,-15.0,-6.0,-21.0,2,4,36.0,7,0,-21.0,-18.785681934640824,-18.785681934640824,1,-7.5483299676599405,-3.883225345904951,0.23371626795499692,0.49462740826588003,0.7283436762208769
448,51,0.0,-0.01,1.5,0.0,0.01,1.5,4.856250683066254,3.4597510070660644,1.5,5.962637648530733,35.46730837376903,2.077314658941413,20.453759052085147,2.7545064069082232,-1.011654592254878,1.5,2.9344080424727634,-20.166897929445334,1.2072379776380724,26.613833866830664,55.63420630321436,-83.5280338369495,-77.35105337075763,-83.51112818550314,-77.37146256727128,1,1,1,1,2,4,30.0,6.0,36.0,7,0,-15.0,-6.0,-21.0,2,4,36.0,7,0,-21.0,-3.7079371311431535,-3.7079371311431535,1,-4.579856792696605,1.5499881660975412,0.4311937525764013,1.2802971930243792,1.7114909456007805
449,51,0.0,-0.01,1.5,0.0,0.01,1.5,3.113767801118447,2.3200295469364534,1.5,3.8830512510061173,36.689335495150395,3.519664961080555,24.18397126900254,4.8259958767771565,-1.9366350979927534,1.5,5.200076124966587,-21.86521264398476,1.2767351579840307,21.640092686349888,58.55454813913515,-79.80764464050212,-82.3247945512384,-79.78091596858575,-82.33723630362172,1,1,1,1,2,4,30.0,6.0,36.0,7,0,-15.0,-6.0,-21.0,2,4,36.0,7,0,-21.0,-13.798380035233718,-13.798380035233718,1,-0.8717850361007289,-3.414414154365696,0.862454130561754,0.541587826838412,1.4040419574001661
450,51,0.0,-0.01,1.5,0.0,0.01,1.5,3.410939996686218,2.5823271044258935,1.5,4.278191783364369,37.12834320898042,2.0628399198718452,23.341122471963374,3.2726764940017574,-1.3464875663053222,1.5,3.538847298288874,-22.363889883108705,1.2553099108796202,24.986156003316143,59.49223309208912,-80.64827500323463,-78.97873123427215,-80.62376476562491,-78.9974083601275,1,1,1,1,2,4,30.0,6.0,36.0,7,0,-15.0,-6.0,-21.0,2,4,36.0,7,0,-21.0,-1.9503451565086678,-1.9503451565086678,1,-1.7544857895319668,-0.13639914292187316,0.7378199481591182,0.9775224703923464,1.7153424185514647
451,51,0.0,-0.01,1.5,0.0,0.01,1.5,7.041430463310915,5.029880833210895,1.5,8.653406506454282,35.53922758868535,1.4448504647446243,17.216168968518648,2.0087982642544913,-0.6796529280972635,1.5,2.120659937175935,-18.692635455429787,1.5320838772760998,29.43770739467133,54.23186304411514,-86.7603873484581,-74.52717984291696,-86.74871826906964,-74.55343406663764,1,1,1,1,2,4,30.0,6.0,36.0,7,0,-15.0,-6.0,-21.0,2,4,36.0,7,1,-18.0,-0.9341368541635551,-0.8715674141719219,0,-7.807585629620899,4.114486269522667,0.22115827110711145,1.8395500442681103,2.060708315375222
452,51,0.0,-0.01,1.5,0.0,0.01,1.5,2.256624581102393,1.5690225038475236,1.5,2.748487969341598,34.81074256363844,3.151638935679342,27.190221095249143,2.769438661635583,-1.0674187486662758,1.5,2.968025149079126,-21.078051273327993,1.5532666249238232,26.51521402492793,55.888793836966435,-76.81074708677708,-77.44967321266037,-76.77466614233916,-77.4707229301884,1,1,1,1,2,4,30.0,6.0,36.0,7,0,-15.0,-6.0,-21.0,2,4,36.0,7,0,-21.0,-3.7541380171740792,-3.7541380171740792,1,2.071264728723002,1.487686543479417,1.3846658590996106,1.268157853512707,2.6528237126123173
453,51,0.0,-0.01,1.5,0.0,0.01,1.5,4.479261090560315,3.322921343132732,1.5,5.577238220665729,36.56971927871008,2.5937429456697316,21.034970692345418,6.0201460790162695,-2.268980409133657,1.5,6.433539531993824,-20.651320788935614,1.4524061225446223,19.789832304911794,57.221040067645696,-82.94847550833944,-84.17505493267649,-82.92991654524288,-84.1845780203245,1,1,1,1,2,4,30.0,6.0,36.0,7,0,-15.0,-6.0,-21.0,2,4,36.0,7,0,-21.0,-10.352865631091365,-10.352865631091365,1,-4.002701227175533,-5.22750544598476,0.4832194984267544,0.37860991290018076,0.8618294113269351
454,52,0.0,-0.01,1.5,0.0,0.01,1.5,3.8655042899744023,-1.5323385231281181,1.5,4.158146794579644,-21.62404862904269,4.958374607498973,23.583760638724776,6.476061177949636,1.0801882594300136,1.5,6.565529305117514,9.469593658969773,4.2110793897221885,19.61085108252378,31.09364228801246,-80.38112659886352,-84.35839033302733,-80.39652190018174,-84.3540361550645,1,1,1,1,7,0,-15.0,-6.0,-21.0,1,0,15.0,-6.0,9.0,7,0,-21.0,1,0,9.0,-63.34102564324319,-63.34102564324319,1,-1.4402028568270822,-5.402204480524604,0.7805291236206876,0.365420200882027,1.1459493245027146
455,52,0.0,-0.01,1.5,0.0,0.01,1.5,3.1304687638596933,-1.1236542650417143,1.5,3.3260236903617617,-19.74515441023409,3.4144616044653446,25.524363029759975,4.812663760523783,0.8346469022177669,1.5,4.884502832760018,9.838786349986224,1.5093139803139168,22.180692476905868,29.583940760220315,-78.44052420782832,-81.7902723191334,-78.458168489933,-81.78419476068242,1,1,1,1,7,0,-15.0,-6.0,-21.0,1,0,15.0,-6.0,9.0,7,0,-21.0,1,0,9.0,-10.925469650580723,-10.925469650580723,1,0.4352163646529142,-2.859225023689386,1.074098149155106,0.6018858887794171,1.6759840379345232
456,52,0.0,-0.01,1.5,0.0,0.01,1.5,2.9121672595774744,-1.1420952812360268,1.5,3.12811441273758,-21.414144446783094,4.3245202514366134,26.058530272764887,6.82866042710299,1.2015535473330987,1.5,6.933565760544219,9.979463539217658,4.6502562446686895,19.137107728360597,31.393607986000752,-77.9063569648234,-84.83212059733518,-77.92663259125024,-84.8277795092277,1,1,1,1,7,0,-15.0,-6.0,-21.0,1,0,15.0,-6.0,9.0,7,0,-21.0,1,0,9.0,-55.56256647873222,-55.56256647873222,1,1.0438390502819173,-5.915357826234149,1.1837709006099864,0.32898833223043794,1.5127592328404242
457,52,0.0,-0.01,1.5,0.0,0.01,1.5,4.185104076938454,-1.4827892637945943,1.5,4.440018033255201,-19.509320012546134,3.7334746577916444,23.01289993157811,3.4877835231386225,0.5523088428050307,1.5,3.5312432601164554,8.998368615925346,4.978554904888991,24.999339369962485,28.507688628471477,-80.95198730601018,-78.97324223300592,-80.96505437340446,-78.9655478676258,1,1,1,1,7,0,-15.0,-6.0,-21.0,1,0,15.0,-6.0,9.0,7,0,-21.0,1,0,9.0,-48.4829463572827,-48.4829463572827,1,-2.108759636915262,-0.004993208626872072,0.6918491069336062,0.9991708843819647,1.6910199913155708
458,52,0.0,-0.01,1.5,0.0,0.01,1.5,4.484634840626722,-1.5898209035002817,1.5,4.7580962746637985,-19.519619326674306,3.640775190737467,22.41149684392694,8.235979702353173,1.2699338125273767,1.5,8.333312279386497,8.76559764832134,2.376954732087068,17.539306741864195,28.285216974995645,-81.55339039366135,-86.42875738943374,-81.5655876417938,-86.42558049572409,1,1,1,1,7,0,-15.0,-6.0,-21.0,1,0,15.0,-6.0,9.0,7,0,-21.0,1,0,9.0,-26.553664464916515,-26.553664464916515,1,-2.7081714695059618,-7.464412369186013,0.6191991556473458,0.23791989757867835,0.8571190532260242
459,52,0.0,-0.01,1.5,0.0,0.01,1.5,6.546243578014428,-2.3827535542132905,1.5,6.966406497098142,-20.000894548673465,1.0789087675830094,19.098159124644315,2.425357862651285,0.5109491420048379,1.5,2.4785943168739593,11.896518324916645,1.3460921125006449,28.07712896382483,31.89741287359011,-84.86672811294397,-75.90220559958813,-84.87525738999125,-75.88775827376347,1,1,1,1,7,0,-15.0,-6.0,-21.0,1,0,15.0,-6.0,9.0,7,0,-21.0,1,1,12.0,0.6928352805756826,0.7908596235400549,0,-5.956375119311876,2.619353318270577,0.32622041320479694,1.4996943850040483,1.8259147982088453
460,52,0.0,-0.01,1.5,0.0,0.01,1.5,3.2677460050608405,-1.2481122289866247,1.5,3.4979920082437355,-20.90430549192126,4.730899612969175,25.086535787386595,5.845781486465709,0.8321314303883189,1.5,5.904710315074343,8.101474813640213,4.280893674668415,20.53216787466188,29.005780305561473,-78.8783514502017,-83.43686768141743,-78.89607140782996,-83.4327193629264,1,1,1,1,7,0,-15.0,-6.0,-21.0,1,0,15.0,-6.0,9.0,7,0,-21.0,1,0,9.0,-55.73670186537869,-55.73670186537869,1,0.08163564494992274,-4.5125891248774055,1.0136231061604615,0.4370000884803473,1.4506231946408088
461,52,0.0,-0.01,1.5,0.0,0.01,1.5,3.966633583043616,-1.4829080790726827,1.5,4.23476071969934,-20.498030014412183,3.0776488975315255,23.424664560680313,4.346413739575581,0.63688766668656,1.5,4.392828052126425,8.336324776901446,1.6646281703954284,23.10204004287238,28.83435479131363,-80.54022267690797,-80.86858038269328,-80.55458691064655,-80.86284719471591,1,1,1,1,7,0,-15.0,-6.0,-21.0,1,0,15.0,-6.0,9.0,7,0,-21.0,1,0,9.0,-11.072328856036105,-11.072328856036105,1,-1.5918308590317756,-1.924332820794973,0.7596957648366731,0.7154952877405404,1.4751910525772134
462,52,0.0,-0.01,1.5,0.0,0.01,1.5,2.8004080293375044,-0.9906519655774595,1.5,2.970467378659535,-19.481371908909118,1.332437580676467,26.507294526651478,8.814867294785474,1.62060433762131,1.5,8.962602515106624,10.417438701670726,1.3464631545445784,16.90714326846887,29.898810610579844,-77.45759271093681,-87.06124778188509,-77.47709473187231,-87.05774396911941,1,1,1,1,7,0,-15.0,-6.0,-21.0,1,0,15.0,-6.0,9.0,7,1,-18.0,1,0,9.0,-1.1781230297359955,-1.1765821197564519,0,1.3777601813554683,-8.201051510615201,1.2469148496961444,0.2032882267361476,1.450203076432292
463,52,0.0,-0.01,1.5,0.0,0.01,1.5,8.250319922138594,-3.147285574314604,1.5,8.830242652607334,-20.880570858069664,4.365050022015609,17.038127522285976,6.122517751425556,1.0066888889670644,1.5,6.204727724541246,9.337254709760455,2.5761671994582604,20.10188419731518,30.21782556783012,-86.92675971530232,-83.86754557474003,-86.93377163481992,-83.86300304027313,1,1,1,1,7,0,-15.0,-6.0,-21.0,1,0,15.0,-6.0,9.0,7,0,-21.0,1,0,9.0,-43.28245788764899,-43.28245788764899,1,-7.963329004113077,-4.905607064934666,0.2139173889484771,0.4040051279376517,0.6179225168861288
464,53,0.0,-0.01,1.5,0.0,0.01,1.5,4.632679914695316,4.551455722817177,1.5,6.494418556636663,44.49329123123049,1.85608581023595,19.71264620960698,1.55116245483616,-1.7672724248721519,1.5,2.3514584378650705,-48.726072431702065,4.481074303247723,28.555103052008985,93.21936366293255,-84.27098762664895,-75.4097841855793,-84.25224102798131,-75.46530617591503,1,1,1,1,3,2,45.0,0.0,45.0,5,1,-45.0,-3.0,-48.0,3,2,45.0,5,1,-48.0,-17.968088132520673,-17.968088132520673,1,-5.321126179358332,3.4615325573067253,0.37149061321981963,1.6866033105314606,2.0580939237512803
465,53,0.0,-0.01,1.5,0.0,0.01,1.5,3.6429772953647968,3.7393678238882706,1.5,5.220551244540591,45.74806265040666,4.548509822698337,21.611669814506275,6.043868783693051,-7.08041147129209,1.5,9.30916626112693,-49.51579026625664,2.3694670679877143,16.58296013235225,95.2638529166633,-82.3770530231595,-87.38192710523604,-82.35321742308201,-87.39612105913105,1,1,1,1,3,2,45.0,0.0,45.0,5,1,-45.0,-3.0,-48.0,3,2,45.0,5,0,-51.0,-40.9476375928481,-40.94563176489716,0,-3.444103460013584,-8.554819523203797,0.5385082255267897,0.18837808692121688,0.7268863124480065
466,53,0.0,-0.01,1.5,0.0,0.01,1.5,3.3873330031192506,3.5838790769449163,1.5,4.931350130763828,46.61496708847407,1.7483284054819848,22.10756292287632,4.565647412425126,-4.761870923091226,1.5,6.597010761152807,-46.20515666786529,1.1435471677010534,19.576638922290336,92.82012375633936,-81.88292591696097,-84.38824831529794,-81.85732431471197,-84.40725606163667,1,1,1,1,3,2,45.0,0.0,45.0,5,1,-45.0,-3.0,-48.0,3,3,48.0,5,2,-45.0,-3.0629872115019583,-3.0115104634239342,0,-3.059846554555828,-5.616015666126036,0.5794969966997525,0.3498284192848316,0.9293254159845841
467,53,0.0,-0.01,1.5,0.0,0.01,1.5,1.5557103890901793,1.5748777950816046,1.5,2.2137016249179142,45.3507959784315,3.077555486055244,29.079611524901814,2.0718354247330364,-2.37849729904948,1.5,3.15432265768174,-48.941885139745935,3.9138852922360314,25.996725292714,94.29268111817743,-74.94110398147258,-77.9681619448743,-74.88527571268648,-78.00969074307227,1,1,1,1,3,2,45.0,0.0,45.0,5,1,-45.0,-3.0,-48.0,3,2,45.0,5,1,-48.0,-15.417221126227819,-15.417221126227819,1,4.006101024391775,0.9022596200189346,1.8136960956817114,1.1576316937454743,2.9713277894271855
468,53,0.0,-0.01,1.5,0.0,0.01,1.5,1.69616790370467,1.7507851187502734,1.5,2.437669807335543,45.907779723047504,1.266668276622795,28.2401736053816,5.935715586459832,-5.973418495544711,1.5,8.421071668514514,-45.18139105109993,1.1432446477522924,17.4540469727709,91.08917077414743,-75.77589615119962,-86.51084026481739,-75.7247136322067,-86.52547312290605,1,1,1,1,3,2,45.0,0.0,45.0,5,1,-45.0,-3.0,-48.0,3,2,45.0,5,2,-45.0,0.09449780335790137,0.1887067614167408,0,3.1357417308693925,-7.986514391836446,1.6128763745524546,0.2128584357549551,1.8257348103074098
469,53,0.0,-0.01,1.5,0.0,0.01,1.5,5.829592330129508,6.121997138732725,1.5,8.453578869458571,46.40150562721669,4.052332002816292,17.42070674110838,4.895683092950232,-5.855719114447423,1.5,7.632637767764409,-50.10263788754959,2.078299184260963,18.309317511174314,96.50414351476628,-86.55906254492457,-85.65556972641397,-86.54418049647992,-85.6730322566442,1,1,1,1,3,2,45.0,0.0,45.0,5,1,-45.0,-3.0,-48.0,3,2,45.0,5,0,-51.0,-35.358042918250035,-35.26746684303602,0,-7.700051528657069,-6.9456762232189595,0.2262894581928045,0.2654821232778683,0.4917715814706728
470,53,0.0,-0.01,1.5,0.0,0.01,1.5,3.092384506436957,3.0134798116597024,1.5,4.317858556151641,44.259620895030885,4.687924709544168,23.262747461142297,3.9567576140788363,-4.650372717731631,1.5,6.105890371632423,-49.60728745742116,1.0189631845700045,20.249934389830923,93.86690835245204,-80.73021618543319,-83.71495284775736,-80.70213977644599,-83.73662195595551,1,1,1,1,3,2,45.0,0.0,45.0,5,1,-45.0,-3.0,-48.0,3,2,45.0,5,0,-51.0,-30.91887047878114,-30.909191054115215,0,-1.7975747245714688,-4.911442123306163,0.7321063656421976,0.40353193684125505,1.1356383024834527
471,53,0.0,-0.01,1.5,0.0,0.01,1.5,5.535171757475235,5.600371484055953,1.5,7.874153106473011,45.33546872293013,1.5900002091642045,18.037846930086594,3.2420663469340725,-3.542010320349891,1.5,4.801752941102611,-47.531566155423775,3.6492158950968,22.339427319348445,92.8670348783539,-85.9427330290953,-81.62545991823984,-85.9270403075017,-81.65214719771164,1,1,1,1,3,2,45.0,0.0,45.0,5,1,-45.0,-3.0,-48.0,3,2,45.0,5,1,-48.0,-20.989343854997966,-20.989343854997966,1,-6.984742520605717,-2.7013560197157833,0.2633090119843561,0.6199896375224525,0.8832986495068086
472,53,0.0,-0.01,1.5,0.0,0.01,1.5,2.9788447910523375,3.131410142177369,1.5,4.321949301844127,46.43030608888489,3.2426074073339786,23.25504613780756,3.3865859066482815,-3.8162597569290013,1.5,5.102235062741089,-48.413839433352514,1.4408350285857652,21.811603299561604,94.8441455222374,-80.73896288370877,-82.15328393802668,-80.70984109978073,-82.1787492324851,1,1,1,1,3,2,45.0,0.0,45.0,5,1,-45.0,-3.0,-48.0,3,2,45.0,5,1,-48.0,-12.987019879814406,-12.987019879814406,1,-1.8864632593433452,-3.2251111109216968,0.7204271847181747,0.5615662513653603,1.281993436083535
473,53,0.0,-0.01,1.5,0.0,0.01,1.5,6.6275878958899375,6.252783830858454,1.5,9.111653360021535,43.333228774782846,4.260849317592555,16.76867607960563,1.815386218395595,-2.0424327723605256,1.5,2.7326102450867307,-48.368177906627366,2.332436009798998,27.246289628736772,91.70140668141022,-87.20929519533881,-76.71859760885152,-87.19621115798265,-76.76611349421788,1,1,1,1,3,2,45.0,0.0,45.0,5,1,-45.0,-3.0,-48.0,3,1,42.0,5,1,-48.0,-33.16809900801058,-33.129067685167925,0,-8.393735956583207,2.184240699286469,0.1950358548231742,1.4079376818820846,1.6029735367052589
474,54,0.0,-0.01,1.5,0.0,0.01,1.5,4.354463681754392,-1.3889274043015785,1.5,4.570609728486773,-17.69093313681286,2.719652565913748,22.76035358854675,4.330170406367912,-5.339325572686791,1.5,6.874501677891393,-50.958094064353176,4.5132055288269335,19.219068744054905,33.26716092754032,-81.20453364904154,-84.74581849353339,-81.21608397797198,-84.76544596460644,1,1,1,1,7,1,-15.0,-3.0,-18.0,5,0,-45.0,-6.0,-51.0,7,1,-18.0,5,0,-51.0,-42.23956000288035,-42.23956000288035,1,-2.247343871955919,-5.801799893608366,0.674484659749186,0.336760755498942,1.011245415248128
475,54,0.0,-0.01,1.5,0.0,0.01,1.5,3.927446501719714,-1.2615261525763601,1.5,4.125079909226551,-17.807419465437757,4.683989509548953,23.651848448741273,5.414017338802169,-7.540838846937314,1.5,9.283094002558059,-54.32318187550327,2.5798560295976745,16.607826475007855,36.51576241006552,-80.31303878884701,-87.35706076258043,-80.32591796253897,-87.37226339674477,1,1,1,1,7,1,-15.0,-3.0,-18.0,5,0,-45.0,-6.0,-51.0,7,1,-18.0,5,0,-51.0,-40.92526965554395,-40.92526965554395,1,-1.3533097131471186,-8.999015859870799,0.7926607048264904,0.1711056974827333,0.9637664023092237
476,54,0.0,-0.01,1.5,0.0,0.01,1.5,5.430989589706622,-1.917616613745218,1.5,5.759592121045845,-19.447509031030826,1.5769910495990258,20.75125510464748,2.848294291433184,-3.7452633773311645,1.5,4.705292566481802,-52.74680291342884,4.322561788927706,22.517044699066133,33.29929388239801,-83.2136321329408,-81.44784253852215,-83.22367566813946,-81.47722960017605,1,1,1,1,7,1,-15.0,-3.0,-18.0,5,0,-45.0,-6.0,-51.0,7,1,-18.0,5,0,-51.0,-28.84448080787044,-28.84448080787044,1,-4.362505593633522,-2.6780893091734725,0.45019639065405187,0.6226942860487575,1.0728906767028095
477,54,0.0,-0.01,1.5,0.0,0.01,1.5,9.081881930388231,-2.828875399577386,1.5,9.512261320203855,-17.301059164317046,1.954921738580619,16.391113979478597,1.361600989254698,-1.8370765879774302,1.5,2.286658619915568,-53.454966328909556,1.2090888198687675,28.800592463204104,36.15390716459251,-87.5737732581097,-75.16429477438419,-87.57920411646161,-75.22532717961178,1,1,1,1,7,1,-15.0,-3.0,-18.0,5,0,-45.0,-6.0,-51.0,7,1,-18.0,5,0,-51.0,-4.405232640101477,-4.405232640101477,1,-8.63562726130987,3.406617020252175,0.18511889365581582,1.6740526860505602,1.8591715797063761
478,54,0.0,-0.01,1.5,0.0,0.01,1.5,2.2323988957596037,-0.795184837924438,1.5,2.369794032453794,-19.605998181089447,3.1081506985388865,28.472104184963904,5.336902960402033,-6.329404040081125,1.5,8.279123668078842,-49.862680548389264,3.1725623810984334,17.60241316598385,30.256682367299817,-75.49278305262439,-86.36247407160445,-75.51737942395684,-86.37851633376819,1,1,1,1,7,1,-15.0,-3.0,-18.0,5,0,-45.0,-6.0,-51.0,7,0,-21.0,5,0,-51.0,-19.564437329692147,-19.511928918913284,0,3.3244777327434702,-7.483643030433651,1.6553729453073964,0.23695048889237671,1.8923234341997732
479,54,0.0,-0.01,1.5,0.0,0.01,1.5,3.7070243837572083,-1.2167555869301285,1.5,3.901605302961358,-18.17137332837385,1.3960782523679511,24.136132183697914,6.385695773637768,-7.398438992835704,1.5,9.773126932776789,-49.2020656683078,3.151479075229111,16.160136773104135,31.030692339933953,-79.82875505389038,-87.80475046448416,-79.84264060520408,-87.81820916485412,1,1,1,1,7,1,-15.0,-3.0,-18.0,5,0,-45.0,-6.0,-51.0,7,1,-18.0,5,1,-48.0,-17.313232012033243,-17.267128915972556,0,-0.8689862895307512,-9.026884706752366,0.8628725652668066,0.17007326327859437,1.032945828545401
480,54,0.0,-0.01,1.5,0.0,0.01,1.5,2.8030375643867234,-0.8407859477439921,1.5,2.926421124391843,-16.696894068775844,3.1212618813310984,26.635826260143453,5.41669700045013,-6.520741635376037,1.5,8.477067763679372,-50.28401949883181,1.3303377102527363,17.397048827123665,33.58712543005596,-77.32906097744484,-86.56783841046463,-77.34611466639612,-86.5836027733023,1,1,1,1,7,1,-15.0,-3.0,-18.0,5,0,-45.0,-6.0,-51.0,7,1,-18.0,5,0,-51.0,-7.714150152502222,-7.714150152502222,1,1.5386506995511446,-7.646903706527576,1.2780827540420792,0.22886591508843923,1.5069486691305185
481,54,0.0,-0.01,1.5,0.0,0.01,1.5,3.834318056029387,-1.195722543221981,1.5,4.016434657150819,-17.31995951660069,2.1569031515179895,23.883680790982,5.783605210064089,-7.065750790525748,1.5,9.130986992636432,-50.69827524298307,2.7733921556608716,16.751085522975472,33.37831572638238,-80.08120644660629,-87.21380171461283,-80.09408485606772,-87.2285239643004,1,1,1,1,7,1,-15.0,-3.0,-18.0,5,0,-45.0,-6.0,-51.0,7,1,-18.0,5,0,-51.0,-15.780292281088556,-15.780292281088556,1,-1.1444154786778962,-8.269158668256301,0.8224029190763529,0.20033480457391423,1.022737723650267
482,54,0.0,-0.01,1.5,0.0,0.01,1.5,3.0801118872051028,-1.0437078941908153,1.5,3.2521401270699277,-18.719149934427378,3.173414308308189,25.71923213977764,6.043005195332214,-7.607648416274085,1.5,9.715669108015655,-51.538729233849125,3.1554588002992134,16.21162641867044,32.81957929942175,-78.24565509781065,-87.75326081891785,-78.2627979953055,-87.76726186476321,1,1,1,1,7,1,-15.0,-3.0,-18.0,5,0,-45.0,-6.0,-51.0,7,1,-18.0,5,0,-51.0,-24.880000163876034,-24.880000163876034,1,0.6864527134032501,-8.818480669541046,1.1185180851571397,0.17793807430135417,1.2964561594584938
483,54,0.0,-0.01,1.5,0.0,0.01,1.5,9.290513348782993,-2.9535753026940115,1.5,9.748704803849535,-17.636138805820956,2.7858036639854244,16.17783526134402,4.4264076736141655,-6.13998228720673,1.5,7.569178778456931,-54.211586441096294,3.98536150282426,18.382413326635035,36.57544763527534,-87.78705197624427,-85.58247391095327,-87.79244980677709,-85.60109020626354,1,1,1,1,7,1,-15.0,-3.0,-18.0,5,0,-45.0,-6.0,-51.0,7,1,-18.0,5,0,-51.0,-41.04973906314277,-41.04973906314277,1,-8.829818898959214,-7.1891331429796335,0.1775015367390959,0.2522018193122693,0.4297033560513652
484,55,0.0,-0.01,1.5,0.0,0.01,1.5,6.431696781424705,-0.46975159751161966,1.5,6.4488285797928935,-4.17729246407869,4.968543328626838,19.765433492478934,4.461395907605967,-0.9666869733495588,1.5,4.564924659712031,-12.225750648639247,4.386672584673798,22.76941594490133,8.048458184560557,-84.19945374510937,-81.19547129268696,-84.20141765370064,-81.20352895273535,1,1,1,1,0,1,0.0,-3.0,-3.0,7,3,-15.0,3.0,-12.0,0,1,-3.0,7,3,-12.0,-71.10047546958255,-71.10047546958255,1,-5.881147153494732,-3.0678699058740517,0.33131290116887885,0.5786158526442065,0.9099287538130854
485,55,0.0,-0.01,1.5,0.0,0.01,1.5,8.377016484557043,-0.4643991377011854,1.5,8.389879125567784,-3.173075118375964,1.561857711956264,17.47953139088976,8.472112260149135,-1.3604530613703398,1.5,8.580647917305615,-9.122684448676027,1.762484486475619,17.28527535095439,5.9496093303000634,-86.48535584669852,-86.67961188663391,-86.48650265637484,-86.68282252613494,1,1,1,1,0,1,0.0,-3.0,-3.0,7,3,-15.0,3.0,-12.0,0,1,-3.0,7,4,-9.0,-8.15444059050268,-8.076295094586062,0,-7.806740791508063,-8.6010479029684,0.22119816129919564,0.18650705277860424,0.4077052140777999
486,55,0.0,-0.01,1.5,0.0,0.01,1.5,5.100574633461239,-0.16026563372714733,1.5,5.103091873057178,-1.799703941653621,1.758449225131034,21.797928369889927,6.396321510839974,-1.0780410931483935,1.5,6.486532314615472,-9.566767672509346,1.9979720567673995,19.716042227407144,7.7670637308557255,-82.16695886769836,-84.24884501018114,-82.16802725988933,-84.25329676203704,1,1,1,1,0,1,0.0,-3.0,-3.0,7,3,-15.0,3.0,-12.0,0,2,0.0,7,3,-12.0,-8.10052851334638,-8.006567041000613,0,-3.820319617880512,-6.3023546545878775,0.5007240590840065,0.3036881985587095,0.804412257642716
487,55,0.0,-0.01,1.5,0.0,0.01,1.5,9.288849117516403,-0.7295635784638694,1.5,9.317455711888641,-4.490898277341466,2.2647282828869613,16.56885645117392,7.7788513386976925,-1.8062120156501742,1.5,7.985795514226366,-13.072164046420527,1.2844434395013917,17.910169189445543,8.58126576907906,-87.39603078641437,-86.05471804814275,-87.39749020474747,-86.05963920527151,1,1,1,1,0,1,0.0,-3.0,-3.0,7,3,-15.0,3.0,-12.0,0,1,-3.0,7,2,-15.0,-10.476597937598912,-10.460516680533225,0,-8.850469591542351,-7.392863901930598,0.17670904120407566,0.24155873639975173,0.4182677776038274
488,55,0.0,-0.01,1.5,0.0,0.01,1.5,9.654805195028032,-0.3347000897392191,1.5,9.660604924331174,-1.9854596295699922,2.4385954322124253,16.2542972271656,5.393869065582839,-0.9784156386510656,1.5,5.48189024503487,-10.281320185403228,1.1461222504745336,21.178285206673337,8.295860555833237,-87.71059001042269,-82.78660203091496,-87.7112125019568,-82.79225580032997,1,1,1,1,0,1,0.0,-3.0,-3.0,7,3,-15.0,3.0,-12.0,0,2,0.0,7,3,-12.0,-10.773924358878423,-10.704983616393168,0,-8.966036736259278,-4.834151017429014,0.17233507354289704,0.4098389097600167,0.5821739833029137
489,55,0.0,-0.01,1.5,0.0,0.01,1.5,8.149567470814508,-0.4887060277028273,1.5,8.164207465692616,-3.4317527914818324,4.921001571071164,17.716427474847244,7.134279256085728,-1.6430081947408852,1.5,7.321025640700955,-12.968964127708578,2.5876489197402113,18.665295411566127,9.537211336226745,-86.24845976274105,-85.29959182602215,-86.24973272998196,-85.30491778397834,1,1,1,1,0,1,0.0,-3.0,-3.0,7,3,-15.0,3.0,-12.0,0,1,-3.0,7,2,-15.0,-54.129623486343064,-54.069810693760815,0,-7.6101291929042025,-6.67737594348686,0.2306644570575203,0.2808528409579074,0.5115172980154277
490,55,0.0,-0.01,1.5,0.0,0.01,1.5,8.088405120153462,-0.7751613419482635,1.5,8.125464447880857,-5.474286259084103,2.859035203228011,17.75812879101198,8.576357539137021,-1.8450252305296375,1.5,8.772572412947262,-12.14095740891835,2.9312262312510633,17.093613976221896,6.666671149834247,-86.20675844657632,-86.8712732613664,-86.20879862228188,-86.87543606256357,1,1,1,1,0,1,0.0,-3.0,-3.0,7,3,-15.0,3.0,-12.0,0,0,-6.0,7,3,-12.0,-28.470370171237168,-28.392887085436993,0,-8.029034602703122,-8.155792974360468,0.21092903021924106,0.20527320527323667,0.4162022354924777
491,55,0.0,-0.01,1.5,0.0,0.01,1.5,6.1393631952350285,-0.5815916818301011,1.5,6.166849222040411,-5.411571319479602,1.9460144453956243,20.154128828109464,6.07629011637782,-1.1278548477296608,1.5,6.180077518602665,-10.515324033773311,3.2586788000327007,20.136754043038763,5.103752714293709,-83.81075840947884,-83.82813319454954,-83.81341540241236,-83.8332635931591,1,1,1,1,0,1,0.0,-3.0,-3.0,7,3,-15.0,3.0,-12.0,0,1,-3.0,7,3,-12.0,-21.49804677054807,-21.49804677054807,1,-5.919135515379591,-5.641054419627302,0.3287325355306781,0.3480414786876343,0.6767740142183124
492,55,0.0,-0.01,1.5,0.0,0.01,1.5,9.722859576809446,-0.9041519555263968,1.5,9.764808708266505,-5.312792390183112,3.8173534642062243,16.161622764127824,7.3737730195428,-1.657295096538534,1.5,7.557721586612464,-12.667042006720806,2.467699480093731,18.388773780694866,7.354249616537694,-87.80326447346047,-85.57611345689341,-87.80491188942722,-85.58115387264789,1,1,1,1,0,1,0.0,-3.0,-3.0,7,3,-15.0,3.0,-12.0,0,0,-6.0,7,3,-12.0,-36.08900361504669,-36.068753564503766,0,-9.439852207145647,-6.929796197633491,0.15544693445665206,0.26637013009280136,0.42181706454945345
493,55,0.0,-0.01,1.5,0.0,0.01,1.5,9.641896743557707,-0.22316274274943554,1.5,9.644478960689383,-1.32588029001176,1.6028162710499685,16.268707118794133,9.609430209848554,-2.3465559939901253,1.5,9.891788209968965,-13.722675385456178,1.4440161177255395,16.0506611512233,12.396795095444418,-87.69618011879416,-87.91422608636498,-87.6965979839831,-87.91839170705153,1,1,1,1,0,1,0.0,-3.0,-3.0,7,3,-15.0,3.0,-12.0,0,2,0.0,7,2,-15.0,-7.057994737749848,-6.990188190255141,0,-9.021827887516658,-9.244425356754522,0.17026016218779758,0.16221374672813568,0.33247390891593326
494,56,0.0,-0.01,1.5,0.0,0.01,1.5,3.276169299418254,-3.094409902230526,1.5,4.506512833829837,-43.365733845741985,2.6274884080682552,22.89049846218953,2.354388937266205,-0.5753733935702612,1.5,2.4236752690800074,-13.732963748163911,2.5074469485257374,28.27303066976006,29.632770097578074,-81.07438877539876,-75.69185656782822,-81.10085754757358,-75.70887062606704,1,1,1,1,5,2,-45.0,0.0,-45.0,7,2,-15.0,0.0,-15.0,5,3,-42.0,7,2,-15.0,-6.92436586699754,-6.877178902746423,0,-2.2550895785414644,3.160884555501431,0.6735242997102475,1.61850321819247,2.292027517902717
495,56,0.0,-0.01,1.5,0.0,0.01,1.5,5.359552742310423,-5.300805068657001,1.5,7.538125759995446,-44.68425453044512,3.1944385401193744,18.41691354455001,6.8577456238469,-1.8636232864373476,1.5,7.106459511961131,-15.203229177172519,3.921695216270692,18.92420873283053,29.481025353272607,-85.54797369303829,-85.04067850475776,-85.56418083789545,-85.04708736071643,1,1,1,1,5,2,-45.0,0.0,-45.0,7,2,-15.0,0.0,-15.0,5,2,-45.0,7,2,-15.0,-42.2919162425301,-42.2919162425301,1,-6.5893719714931,-6.085482357933863,0.28606757633047175,0.317643081885995,0.6037106582164667
496,56,0.0,-0.01,1.5,0.0,0.01,1.5,4.138005369648141,-4.012193913792827,1.5,5.763747777367869,-44.11561758183138,1.3975745492966385,20.750470038548286,5.971126488286064,-1.7126603009891357,1.5,6.211888347813059,-16.004143494727774,3.111350873573952,20.09345005493483,28.111474087103606,-83.21441719904001,-83.87143718265347,-83.23539885953943,-83.87914700820943,1,1,1,1,5,2,-45.0,0.0,-45.0,7,2,-15.0,0.0,-15.0,5,2,-45.0,7,2,-15.0,-15.631710161516589,-15.631710161516589,1,-4.293011145053092,-4.969623628124051,0.4564209597477691,0.3988399591133095,0.8552609188610786
497,56,0.0,-0.01,1.5,0.0,0.01,1.5,1.596272253260518,-1.5455199132733923,1.5,2.2218723880668767,-44.07452758527744,2.427756285135361,29.04688442690183,9.022163623354565,-2.5435423639369557,1.5,9.373848953536875,-15.744288144828035,3.3018769918212714,16.518228166653117,28.330239440449404,-74.91800281068646,-87.44665907093518,-74.97238672519687,-87.45168675282711,1,1,1,1,5,2,-45.0,0.0,-45.0,7,2,-15.0,0.0,-15.0,5,2,-45.0,7,2,-15.0,-18.13219453719296,-18.13219453719296,1,3.9901711047090513,-8.517061737312746,1.8099115806230903,0.1899193067923823,1.9998308874154727
498,56,0.0,-0.01,1.5,0.0,0.01,1.5,2.784301258279076,-2.7239535213151034,1.5,3.8951580562461645,-44.37229985961172,3.963042949640872,24.159171032360746,9.56696322883702,-2.348198535505597,1.5,9.850929995897356,-13.790550150308166,3.6996325259282443,16.086631117878607,30.58174970930356,-79.80571620522754,-87.87825611970968,-79.8369054750266,-87.88246020558361,1,1,1,1,5,2,-45.0,0.0,-45.0,7,2,-15.0,0.0,-15.0,5,2,-45.0,7,2,-15.0,-43.080621118721496,-43.080621118721496,1,-0.8654662894596543,-8.996412883783321,0.8633990436122767,0.17120242865890306,1.0346014722711798
499,56,0.0,-0.01,1.5,0.0,0.01,1.5,2.2756191989615666,-2.224995963874895,1.5,3.1826168129295827,-44.35556022958155,4.371759134239431,25.91746888066632,5.0811944148902155,-1.3111963277429852,1.5,5.247644470788604,-14.469452035546606,2.658896258123672,21.558912074935918,29.886108194034943,-78.04741835692197,-82.40597516265238,-78.08557736611674,-82.41424775934541,1,1,1,1,5,2,-45.0,0.0,-45.0,7,2,-15.0,0.0,-15.0,5,2,-45.0,7,2,-15.0,-28.010327656797127,-28.010327656797127,1,0.8899290188508436,-3.4663903629639803,1.1553730792893226,0.5362059617243422,1.6915790410136649
500,56,0.0,-0.01,1.5,0.0,0.01,1.5,2.925429037252431,-3.0790603741369944,1.5,4.247204708932728,-46.46565453394803,4.4172290679979085,23.40684054888435,4.733580222896545,-1.2254630109584514,1.5,4.889636113027702,-14.514474846875743,1.7207919407355972,22.172982387161063,31.95117968707229,-80.55804668870394,-81.79190485042723,-80.58769844220276,-81.80080745919874,1,1,1,1,5,2,-45.0,0.0,-45.0,7,2,-15.0,0.0,-15.0,5,2,-45.0,7,2,-15.0,-28.14419010777613,-28.14419010777613,1,-1.711108251977703,-2.8508003873662675,0.743606236549205,0.6028411248108162,1.3464473613600212
501,56,0.0,-0.01,1.5,0.0,0.01,1.5,4.752526817962177,-4.949275661757239,1.5,6.861620853086555,-46.16177724769666,3.5791423266099174,19.23467523540325,9.325334790834845,-2.216508922680757,1.5,9.585133320172348,-13.370349033212932,1.973753259913543,16.32420579014296,32.79142821448373,-84.73021200218504,-87.64068144744533,-84.74847338462209,-87.64487103660173,1,1,1,1,5,2,-45.0,0.0,-45.0,7,2,-15.0,0.0,-15.0,5,2,-45.0,7,3,-12.0,-26.99815800532448,-26.9849860714182,0,-5.838703805010708,-8.822699832706729,0.33421716935130774,0.17777551294637392,0.5119926822976817
502,56,0.0,-0.01,1.5,0.0,0.01,1.5,3.6111893136478006,-3.7623982056491903,1.5,5.21500992490679,-46.17479004368355,3.322840065515251,21.62099252437919,6.848884070920624,-2.1070587735317323,1.5,7.1656758014877635,-17.100511398117284,1.0187700416751202,18.852492606515817,29.074278645566267,-82.3438947132091,-85.11239463107248,-82.3679275782954,-85.11952460767324,1,1,1,1,5,2,-45.0,0.0,-45.0,7,2,-15.0,0.0,-15.0,5,2,-45.0,7,1,-18.0,-15.720642736995265,-15.673666483643917,0,-3.4548504798108333,-6.391814187571555,0.537397029186072,0.2980939910312842,0.8354910202173562
503,56,0.0,-0.01,1.5,0.0,0.01,1.5,4.082159641429976,-3.9133618374212067,1.5,5.654947233061011,-43.79057728363587,4.616670938346404,20.916136440661628,8.53128936554256,-2.1855015945703533,1.5,8.806776678131968,-14.36873701910417,1.7747702337379718,17.060181810388023,29.4218402645317,-83.04875079692665,-86.90470542720027,-83.07000969800069,-86.90960186484446,1,1,1,1,5,2,-45.0,0.0,-45.0,7,2,-15.0,0.0,-15.0,5,2,-45.0,7,2,-15.0,-38.61140310856686,-38.61140310856686,1,-4.163829520567964,-7.9667384116889846,0.4681860839358961,0.21376136411667981,0.6819474480525759
504,57,0.0,-0.01,1.5,0.0,0.01,1.5,7.7214040880566435,-0.12388627047379458,1.5,7.722397872362557,-0.9192047670674928,2.399239532022519,18.199207998821958,6.687388476746902,1.8502411883712293,1.5,6.938627897075374,15.465499451243822,2.7867725759035946,19.131937751031312,16.384704218311313,-85.76567923876632,-84.83962744636662,-85.76604081254143,-84.83294948655698,1,1,1,1,0,2,0.0,0.0,0.0,1,2,15.0,0.0,15.0,0,2,0.0,1,2,15.0,-20.57744271328072,-20.57744271328072,1,-6.885771282285975,-5.938186936144038,0.26884614988673783,0.327445213459626,0.5962913633463638
505,57,0.0,-0.01,1.5,0.0,0.01,1.5,5.63188516799277,0.21162906857672178,1.5,5.635859952848687,2.151988146839404,1.2958418473744424,20.93543830185461,5.491340191008842,1.455823904989658,1.5,5.681042187462469,14.848259252654014,3.0919752709933803,20.869423765195418,12.69627110581461,-83.0306051972108,-83.10329859240784,-83.02944893573368,-83.09546347239288,1,1,1,1,0,2,0.0,0.0,0.0,1,2,15.0,0.0,15.0,0,2,0.0,1,2,15.0,-14.42693645767408,-14.42693645767408,1,-4.53083330914178,-4.241099821473363,0.43541872488132366,0.46111823235824834,0.896536957239572
506,57,0.0,-0.01,1.5,0.0,0.01,1.5,8.991281957107802,0.3404967202881102,1.5,8.99772689342921,2.168734902008911,2.605955167184369,16.8717822409663,4.192531475651498,0.99485061618762,1.5,4.308949747079608,13.348890631515266,1.7328821792417082,23.27128236611515,11.180155729506355,-87.09383486737893,-80.70291246900537,-87.093104996622,-80.69360487147314,1,1,1,1,0,2,0.0,0.0,0.0,1,2,15.0,0.0,15.0,0,2,0.0,1,2,15.0,-12.989517611733309,-12.989517611733309,1,-8.467654288963832,-2.1869650868879837,0.19195387154812582,0.6820076365097383,0.8739615080578641
507,57,0.0,-0.01,1.5,0.0,0.01,1.5,6.278291612986189,-0.15770335920984635,1.5,6.280271962837182,-1.4389005465628504,4.952362514532844,19.994845379521998,9.095847318291622,1.8617854195836956,1.5,9.284432313623022,11.56781642142489,1.1251349792265657,16.600842563178414,13.00671696798774,-83.9700418580663,-87.36779727478357,-83.97073665941224,-87.36404467440988,1,1,1,1,0,2,0.0,0.0,0.0,1,2,15.0,0.0,15.0,0,2,0.0,1,2,15.0,-43.04217594481068,-43.04217594481068,1,-5.164770619861519,-9.148535973655434,0.38344704217773157,0.16563492152439444,0.549081963702126
508,57,0.0,-0.01,1.5,0.0,0.01,1.5,9.337749483694942,0.472147649253092,1.5,9.349678541155326,2.8945998965538386,3.1105461701808705,16.538608793657264,5.270416115539305,1.3646175177152071,1.5,5.444214084750124,14.516253738153814,4.373491103329888,21.23936029778013,11.621653841599976,-87.42721689572903,-82.73352513866413,-87.42627844393101,-82.72552693980816,1,1,1,1,0,2,0.0,0.0,0.0,1,2,15.0,0.0,15.0,0,2,0.0,1,2,15.0,-46.74962101242294,-46.74962101242294,1,-9.011276544428675,-3.9069782937412723,0.17065076075828237,0.4923415756667284,0.6629923364250108
509,57,0.0,-0.01,1.5,0.0,0.01,1.5,7.350011081298995,0.4105254475586764,1.5,7.361466840128486,3.196860733652982,2.7748352047953317,18.615441448010856,3.0996792663673434,0.8016640451165798,1.5,3.201667814683508,14.50056275187695,2.481947839087177,25.853310258999432,11.30370201822397,-85.35076203290288,-78.12516214861247,-85.34944578957743,-78.11157697858886,1,1,1,1,0,2,0.0,0.0,0.0,1,2,15.0,0.0,15.0,0,2,0.0,1,2,15.0,-15.286231704080784,-15.286231704080784,1,-7.108580895501046,0.46199677556429974,0.2565271260760336,1.0787758107491958,1.3353029368252294
510,57,0.0,-0.01,1.5,0.0,0.01,1.5,8.837721908818873,-0.18364058677166895,1.5,8.83962965302998,-1.1903878305322326,1.2775814251792248,17.025595799185076,9.584775052346943,2.225158312976546,1.5,9.83967694194789,13.07000562315735,3.829906377646899,16.096453778452485,14.260393453689582,-86.93929143840322,-87.87242626728955,-86.93969990347509,-87.8684334591358,1,1,1,1,0,2,0.0,0.0,0.0,1,2,15.0,0.0,15.0,0,1,-3.0,1,1,12.0,-28.776511711471812,-28.70770368047708,0,-8.077535443106377,-9.170411963017875,0.20874808124300162,0.1648484766611463,0.3735965579041479
511,57,0.0,-0.01,1.5,0.0,0.01,1.5,5.869637821612272,0.35329218948114105,1.5,5.880260498315499,3.444464636487367,1.264141391776505,20.567021325572973,4.578935673672328,1.2886415045553836,1.5,4.756810783591441,15.71809767278938,3.7548399292031567,22.412691719040012,12.273633036302012,-83.39964094163001,-81.56209092623436,-83.39786591201532,-81.55219551854827,1,1,1,1,0,2,0.0,0.0,0.0,1,2,15.0,0.0,15.0,0,2,0.0,1,2,15.0,-20.31115878654887,-20.31115878654887,1,-5.361570269948219,-2.727176047008631,0.36845155111331357,0.6169991946400016,0.9854507457533153
512,57,0.0,-0.01,1.5,0.0,0.01,1.5,9.103012827584857,-0.18322635025238154,1.5,9.104856639980735,-1.1530994599306963,4.56200680168715,16.768801983366895,8.038673043446146,2.271476085763316,1.5,8.353434497715437,15.778622572797502,2.183821426574571,17.5195979563131,16.9317220327282,-87.1960852542214,-86.45094340108854,-87.19646803320111,-86.4452892812752,1,1,1,1,0,2,0.0,0.0,0.0,1,2,15.0,0.0,15.0,0,2,0.0,1,2,15.0,-45.267172775671234,-45.267172775671234,1,-8.328474413389003,-7.548739659754418,0.1977952512342085,0.23369591432915782,0.4314911655633663
513,57,0.0,-0.01,1.5,0.0,0.01,1.5,3.9514905262160296,0.158388730757251,1.5,3.9546636227125473,2.2953744251296255,4.737862681579522,24.012737560379055,4.036895070963889,0.8829455913099642,1.5,4.132325583879645,12.337391373415803,4.370180569641993,23.63465495204293,10.042016948286179,-79.95390724184188,-80.33921495811558,-79.95214967720923,-80.33023228554538,1,1,1,1,0,2,0.0,0.0,0.0,1,2,15.0,0.0,15.0,0,2,0.0,1,2,15.0,-57.74342441388783,-57.74342441388783,1,-1.720350672610404,-2.2045585067057836,0.742370456153661,0.6798088109873299,1.422179267140991
514,58,0.0,-0.01,1.5,0.0,0.01,1.5,2.6128078195595004,3.4994258088417785,1.5,4.36723547493597,53.25354647985472,1.2386736639009133,23.165889044177646,5.800553039573995,0.8301559213725036,1.5,5.85965651029998,8.144675072414538,3.6723710789116564,20.598723661376653,45.10887140744018,-80.83087074615304,-83.37036485856834,-80.79899819341065,-83.36616357621165,1,1,1,1,4,0,60.0,-6.0,54.0,1,0,15.0,-6.0,9.0,4,0,54.0,1,0,9.0,-20.234004281032234,-20.234004281032234,1,-1.8986484626271642,-4.442002492587641,0.7188374061641001,0.44316475444681064,1.1620021606109108
515,58,0.0,-0.01,1.5,0.0,0.01,1.5,5.2551653620083005,7.074613846540176,1.5,8.812883980837931,53.39429289623381,4.190424019673088,17.059631413994733,7.01183043376324,0.9143381381780036,1.5,7.07119369433303,7.429411843292398,1.7857091742054636,18.965803966792173,45.96488105294141,-86.92108162259439,-85.0022613116455,-86.90525582359356,-84.99908327079612,1,1,1,1,4,0,60.0,-6.0,54.0,1,0,15.0,-6.0,9.0,4,0,54.0,0,4,6.0,-35.45097289430569,-35.44085270178729,0,-7.976526326925453,-6.167288984647788,0.2133140258720827,0.31231306639977896,0.5256270922718617
516,58,0.0,-0.01,1.5,0.0,0.01,1.5,5.539912268506618,7.084664601170665,1.5,8.993503235882603,51.97607523044415,2.7271447750182305,16.883109130280637,9.180066912058301,1.6238597520283538,1.5,9.322582743216882,10.031269074459635,2.1781795277507543,16.56497064428447,41.944806155984516,-87.09699477556809,-87.40316255016145,-87.08177810730766,-87.39991659330383,1,1,1,1,4,0,60.0,-6.0,54.0,1,0,15.0,-6.0,9.0,3,4,51.0,1,0,9.0,-20.31595975772509,-20.235459627873798,0,-8.351995399351589,-8.492567138471385,0.19679656101614146,0.19092544313219426,0.3877220041483357
517,58,0.0,-0.01,1.5,0.0,0.01,1.5,5.534077418736143,7.905280897717743,1.5,9.649843467558753,55.006127570456144,3.299946541089606,16.271048178943825,4.109969275174285,0.7813853401401086,1.5,4.183588231729135,10.764575721528765,1.8068617473110815,23.526954628914098,44.24155184892738,-87.70858708694465,-80.44568802757297,-87.69383905864446,-80.43793260867419,1,1,1,1,4,0,60.0,-6.0,54.0,1,0,15.0,-6.0,9.0,4,0,54.0,1,1,12.0,-20.774835377920873,-20.714905960019674,0,-8.798456069621054,-1.6427680863292746,0.17871151408291225,0.7527926441405642,0.9315041582234764
518,58,0.0,-0.01,1.5,0.0,0.01,1.5,2.1452931701940323,2.8981876491962586,1.5,3.6057973370719125,53.49045685833088,3.7605437664269576,24.83342266615289,2.7369097945925223,0.34753732641414825,1.5,2.758886988803198,7.236782456140793,2.1598190650443496,27.143310961952032,46.253674402190086,-79.17018775837481,-76.82950875521247,-79.1314645714354,-76.82157627563626,1,1,1,1,4,0,60.0,-6.0,54.0,1,0,15.0,-6.0,9.0,4,0,54.0,0,4,6.0,-14.587708512413444,-14.516208800406718,0,-0.22337273233690558,1.9698365136709384,0.9633756032234934,1.3639692397340413,2.3273448429575345
519,58,0.0,-0.01,1.5,0.0,0.01,1.5,4.840009237510972,6.917171590551231,1.5,8.442330971498368,55.01916007398572,3.5354480045198886,17.433262771616928,7.068802544345671,0.9559398372743171,1.5,7.133147298593789,7.701593857154913,4.145904365174569,18.890078137869974,47.317566216830805,-86.54848325032839,-85.07807286713452,-86.53162446597136,-85.07480909971832,1,1,1,1,4,0,60.0,-6.0,54.0,1,0,15.0,-6.0,9.0,4,0,54.0,1,0,9.0,-50.74952738503883,-50.74952738503883,1,-7.63994331412074,-6.201205718943417,0.2292053332319655,0.31012684550006,0.5393321787320255
520,58,0.0,-0.01,1.5,0.0,0.01,1.5,1.7801085568927508,2.3477711564400163,1.5,2.946322432683579,52.83015458911756,1.8293988797072105,26.59197685655213,9.118959682894845,1.1027649610976917,1.5,9.185396902566946,6.895353047033589,2.860401045117266,16.693250104211504,45.934801542083974,-77.41989190949282,-87.27390874537872,-77.37291038103616,-87.27163713337677,1,1,1,1,4,0,60.0,-6.0,54.0,1,0,15.0,-6.0,9.0,4,0,54.0,0,4,6.0,-13.461936382871176,-13.367777539167225,0,1.4654946629073715,-8.544444047610684,1.2638512155316064,0.1888004287931349,1.4526516443247413
521,58,0.0,-0.01,1.5,0.0,0.01,1.5,2.706394182533298,3.9695334480779936,1.5,4.80434857880442,55.71416645927558,1.437351389550067,22.33633212264243,8.186524598975593,1.0839011160946845,1.5,8.257967464158709,7.542131150834507,2.678157238810843,17.617989726910757,48.172035308441075,-81.65843111590937,-86.34965949022867,-81.62855511494585,-86.34689751067754,1,1,1,1,4,0,60.0,-6.0,54.0,1,0,15.0,-6.0,9.0,4,1,57.0,1,0,9.0,-12.480139151258891,-12.446242042269608,0,-2.853146067853035,-7.496546126271748,0.602575034810545,0.23630208854589357,0.8388771233564385
522,58,0.0,-0.01,1.5,0.0,0.01,1.5,5.075362060176429,6.911362288685796,1.5,8.574743653739539,53.70828379024211,4.9533671049678265,17.29782206799794,9.22306187693106,1.7845297954099393,1.5,9.394116082761855,10.950595868792231,4.1620682746869875,16.498711207369894,42.757687921449886,-86.68339493300482,-87.469688653319,-86.66706516959036,-87.46617603021839,1,1,1,1,4,0,60.0,-6.0,54.0,1,0,15.0,-6.0,9.0,4,0,54.0,1,1,12.0,-75.98107640330015,-75.88316565415603,0,-7.723798961830282,-8.705522191128319,0.22514692990889743,0.1823425412482667,0.40748947115716416
523,58,0.0,-0.01,1.5,0.0,0.01,1.5,2.91856175747222,4.033750123188129,1.5,4.9788696295946115,54.112923390080354,3.100390596292003,22.025604442923918,3.59162631992764,0.4841489726660842,1.5,3.624110904722783,7.677158085602713,4.125667717149481,24.773218390517386,46.43576530447764,-81.96755355673722,-79.19807192440554,-81.93928279466436,-79.1916688470709,1,1,1,1,4,0,60.0,-6.0,54.0,1,0,15.0,-6.0,9.0,4,0,54.0,1,0,9.0,-31.32342929861761,-31.32342929861761,1,-3.005537691645914,-0.3245445691270971,0.5854900235555368,0.9471011611510263,1.532591184706563
524,59,0.0,-0.01,1.5,0.0,0.01,1.5,3.2675542052044877,2.7775650845444684,1.5,4.288563661977055,40.36600254001602,2.4707576260527397,23.320954450162183,5.160364895018346,7.716564504300258,1.5,9.283034719248032,56.227823296131795,3.151678870971677,16.60805787195908,15.861820756115776,-80.67016801658215,-87.37238450807325,-80.64393278742611,-87.35682936562922,1,1,1,1,3,0,45.0,-6.0,39.0,4,1,60.0,-3.0,57.0,3,0,39.0,4,1,57.0,-22.735935366958884,-22.735935366958884,1,-1.9015905469724244,-8.439990451402652,0.7184539643277791,0.19310193123118405,0.9115558955589631
525,59,0.0,-0.01,1.5,0.0,0.01,1.5,7.752717746413804,5.881676533131998,1.5,9.73132834180181,37.186134544745315,2.53931739724665,16.196028770943744,3.6749771931033166,5.934632913475005,1.5,6.980352798213738,58.232446361990185,3.1795083445329126,19.087114906235843,21.04631181724487,-87.7796485959733,-84.89893259369693,-87.76885846664455,-84.87777233135246,1,1,1,1,3,0,45.0,-6.0,39.0,4,1,60.0,-3.0,57.0,2,4,36.0,4,1,57.0,-27.041665415397702,-26.994517118605565,0,-8.99536690277847,-6.005768186279745,0.1712413136602193,0.32291484052544905,0.4941561541856684
526,59,0.0,-0.01,1.5,0.0,0.01,1.5,2.3016765952048597,1.7772899715706303,1.5,2.9080018555632607,37.674310989438894,3.523518256494497,26.700425611655678,4.951283421834896,7.413893920321572,1.5,8.915213434636225,56.263477301289605,4.601908722453887,16.959547447008276,18.58916631185071,-77.30097067511545,-87.02154347876592,-77.26446162593261,-87.00533979058001,1,1,1,1,3,0,45.0,-6.0,39.0,4,1,60.0,-3.0,57.0,3,0,39.0,4,1,57.0,-47.26825796038647,-47.26825796038647,1,1.5059080681755068,-8.086714719265304,1.2717008282662345,0.20833768008996628,1.4800385083562009
527,59,0.0,-0.01,1.5,0.0,0.01,1.5,4.067506545666218,3.4196026484648194,1.5,5.313971374821767,40.05417787639914,3.2982773280350033,21.456208695360157,2.941657038273909,4.643688619535822,1.5,5.4970164749646635,57.64679546817381,3.965620447687559,21.164892598599614,17.592617591774676,-82.52971399537182,-82.82669288466236,-82.50867854222813,-82.79999463898868,1,1,1,1,3,0,45.0,-6.0,39.0,4,1,60.0,-3.0,57.0,3,0,39.0,4,1,57.0,-38.582641198672846,-38.582641198672846,1,-3.6797421522577256,-3.8820198714615346,0.5145757341102107,0.4947436523319433,1.009319386442154
528,59,0.0,-0.01,1.5,0.0,0.01,1.5,6.087452953606581,4.765380153709907,1.5,7.7308428694254125,38.054551351477414,2.5312941177544044,18.196464160065638,5.1150462064559115,8.363032325330687,1.5,9.80326513814173,58.54896894244692,1.8704105730444711,16.134222502719442,20.494417590969505,-85.78227422223102,-87.84577992750526,-85.76842307752266,-87.83066473486885,1,1,1,1,3,0,45.0,-6.0,39.0,4,1,60.0,-3.0,57.0,3,0,39.0,4,2,60.0,-15.567228777546324,-15.557850707632612,0,-6.8760886914177854,-8.999240867480767,0.26939351328858335,0.17109733822128276,0.4404908515098661
529,59,0.0,-0.01,1.5,0.0,0.01,1.5,2.7671730846595604,2.2141953111041905,1.5,3.5439960152601877,38.66557558428944,1.2928980580883405,24.979518745819238,3.427770582856234,4.955725907455501,1.5,6.025680910778483,55.3292115957144,2.7141499264006645,20.36581555560125,16.663636011424956,-79.01599393646507,-83.62278280227132,-78.98536849176905,-83.59907168198704,1,1,1,1,3,0,45.0,-6.0,39.0,4,1,60.0,-3.0,57.0,3,0,39.0,4,1,57.0,-9.431048631592406,-9.431048631592406,1,-0.12522594657538844,-4.8388170110936,0.9793503508349858,0.40945575885532143,1.3888061096903073
530,59,0.0,-0.01,1.5,0.0,0.01,1.5,3.0244210460491034,2.5875345318869294,1.5,3.980258486265944,40.54854492822036,3.197153083090506,23.970035595745294,3.1264746827888645,4.7595124344467,1.5,5.694541470195162,56.69950068719861,4.429256423379762,20.857657889298586,16.15095575897825,-80.02322477545195,-83.13272827367749,-79.994851641843,-83.1072293482897,1,1,1,1,3,0,45.0,-6.0,39.0,4,1,60.0,-3.0,57.0,3,0,39.0,4,1,57.0,-41.6415261490397,-41.6415261490397,1,-1.3069883094574992,-4.182067157341892,0.7991854267821206,0.4665096805883491,1.2656951073704696
531,59,0.0,-0.01,1.5,0.0,0.01,1.5,6.319197826266409,5.75490105938598,1.5,8.546996394688135,42.32416358334172,2.705671559808879,17.32465083247967,2.1164368207851965,3.1441422771095064,1.5,3.7901102193844842,56.05406515952796,3.88254893366717,24.400064891355314,13.729901576186236,-86.65392260337471,-79.60284691691824,-86.64023640510862,-79.56482234623297,1,1,1,1,3,0,45.0,-6.0,39.0,4,1,60.0,-3.0,57.0,3,0,39.0,4,1,57.0,-29.52447576722056,-29.52447576722056,1,-8.332277219413367,-0.7507070606675036,0.19763346600058557,0.880691925210215,1.0783253912108006
532,59,0.0,-0.01,1.5,0.0,0.01,1.5,5.792291093733368,4.644349926235279,1.5,7.424326390445435,38.72318613745497,4.504238946100146,18.548253993514685,4.760284731186863,7.179381162079096,1.5,8.614164184201911,56.4536537453463,4.376611771083719,17.258220446405865,17.730467607891335,-85.43127078279667,-86.72347292810196,-85.41663324407361,-86.70666679118243,1,1,1,1,3,0,45.0,-6.0,39.0,4,1,60.0,-3.0,57.0,3,0,39.0,4,1,57.0,-69.47604571525711,-69.47604571525711,1,-6.48648487621562,-7.774767776435913,0.29227510687091257,0.22271271301810494,0.5149878198890175
533,59,0.0,-0.01,1.5,0.0,0.01,1.5,4.89286244841256,4.004006636740979,1.5,6.322354947814268,39.29470617715419,1.9515565139381699,19.94519820484871,2.7291054213106642,4.095058974703611,1.5,4.921130399301348,56.31897949221257,3.0642359728991515,22.12747579171996,17.02427331505838,-84.03708973239296,-81.86678695699212,-84.01968903273956,-81.83741144586833,1,1,1,1,3,0,45.0,-6.0,39.0,4,1,60.0,-3.0,57.0,3,0,39.0,4,1,57.0,-16.139021954381597,-16.139021954381597,1,-5.105246925363524,-2.9522526025544633,0.3880863703215226,0.5914188180353742,0.9795051883568968
534,60,0.0,-0.01,1.5,0.0,0.01,1.5,8.607667084839008,4.446615375139175,1.5,9.688360074741492,27.320322307238143,1.23191033524787,16.23318468834306,1.643826338478398,1.5357288069064874,1.5,2.249583961411025,43.05282580265572,3.2328260580112596,28.938385774820752,15.732503495417575,-87.73993339253312,-75.07921899526995,-87.73170254924523,-75.02650146276754,1,1,1,1,2,0,30.0,-6.0,24.0,3,1,45.0,-3.0,42.0,2,0,24.0,3,1,42.0,-4.764988699270823,-4.764988699270823,1,-9.405390212844933,3.759486290980595,0.15662047693604977,1.7555538334557867,1.9121743103918365
535,60,0.0,-0.01,1.5,0.0,0.01,1.5,8.476894477883892,4.300411248456744,1.5,9.505328868326004,26.899125003416053,4.858417371355441,16.39886628916219,1.7877162860985871,1.5597082991576225,1.5,2.3724711796022495,41.10334828600696,2.697486262146423,28.474117722064477,14.20422328259091,-87.57428790486428,-75.53890733170927,-87.56602094842611,-75.49076951552381,1,1,1,1,2,0,30.0,-6.0,24.0,3,1,45.0,-3.0,42.0,2,0,24.0,3,1,42.0,-44.52933970581353,-44.52933970581353,1,-9.095136205654674,3.1786209712569597,0.16756954486285663,1.622478931939831,1.7900484768026876
536,60,0.0,-0.01,1.5,0.0,0.01,1.5,4.906050292423359,2.129803635736301,1.5,5.348400975860251,23.466521700252393,3.384230122402089,21.396055486333783,1.9610183871577245,1.6878282784105196,1.5,2.587345630597679,40.718238558033754,2.4733932674879706,27.718879009643288,17.25171685778136,-82.58176516197054,-76.28980723030537,-82.5688317512545,-76.246008227945,1,1,1,1,2,0,30.0,-6.0,24.0,3,1,45.0,-3.0,42.0,2,0,24.0,3,1,42.0,-16.57920756193254,-16.57920756193254,1,-3.6595107457315814,2.3815091515488476,0.5165952502033463,1.4491216011775132,1.9657168513808596
537,60,0.0,-0.01,1.5,0.0,0.01,1.5,4.354899728498231,1.9454566660790846,1.5,4.7696911100055015,24.071664068478647,3.4295945665222747,22.391686831818028,5.861207051625778,5.522298688049241,1.5,8.05292064421711,43.29470066444069,3.3151695973267254,17.842406111710073,19.223036595962043,-81.58805572253644,-86.13727506197426,-81.57320040577027,-86.12248112587822,1,1,1,1,2,0,30.0,-6.0,24.0,3,1,45.0,-3.0,42.0,2,0,24.0,3,2,45.0,-33.679250708587304,-33.675903859754044,0,-2.6685811566574174,-7.255768850987877,0.6238022777109453,0.24867432010117693,0.8724765978121223
538,60,0.0,-0.01,1.5,0.0,0.01,1.5,8.577839014730703,3.69812943102458,1.5,9.341064363938745,23.322130271912858,4.635774706056726,16.549829166909692,6.025114330908491,5.45882319953227,1.5,8.130236984508546,42.176941181188326,1.5091677080426047,17.75918474713581,18.854810909275468,-87.42242092496794,-86.22004765664852,-87.4150580706786,-86.2057024904525,1,1,1,1,2,0,30.0,-6.0,24.0,3,1,45.0,-3.0,42.0,2,0,24.0,3,1,42.0,-42.25009528406511,-42.25009528406511,1,-8.490545746353604,-7.256402539314836,0.19100869583447108,0.2486409925079099,0.439649688342381
539,60,0.0,-0.01,1.5,0.0,0.01,1.5,7.515928250368944,3.459578814249265,1.5,8.273926699983287,24.716596801623012,3.0418289465393236,17.60422980874791,6.935996879233105,5.741046944670416,1.5,9.003758811165529,39.61515728191653,1.0460485623189584,16.871750638819183,14.898560480293519,-86.3694364178037,-87.10543839714836,-86.36065742884037,-87.0931365987691,1,1,1,1,2,0,30.0,-6.0,24.0,3,1,45.0,-3.0,42.0,2,0,24.0,3,0,39.0,-16.74478705133089,-16.7185209513117,0,-7.451918436898662,-8.465521202507173,0.2385516644744915,0.1920421678984472,0.4305938323729387
540,60,0.0,-0.01,1.5,0.0,0.01,1.5,6.600246976419816,2.92474519200739,1.5,7.219237812117653,23.899407352102557,1.135172477361432,18.789120164428898,6.653659908684676,5.537868842242475,1.5,8.656741967641047,39.77075321340648,2.0294257296111495,17.213407086488456,15.871345861303922,-85.18551575098682,-86.76431972616177,-85.17576707315939,-86.75148015109984,1,1,1,1,2,0,30.0,-6.0,24.0,3,1,45.0,-3.0,42.0,2,0,24.0,3,0,39.0,-7.485960761576407,-7.409497587907557,0,-6.239468479564806,-8.086051010668095,0.30767696200323497,0.20836732902041114,0.5160442910236461
541,60,0.0,-0.01,1.5,0.0,0.01,1.5,8.140383896092636,3.3248803392746016,1.5,8.793217798181683,22.21720100033088,2.0736380293430363,17.07485269536326,2.5713711810608983,2.3907884688692222,1.5,3.5110994365965427,42.91581407824125,1.7849542235496632,25.06205722087995,20.698613077910366,-86.89750516221685,-78.93651963473557,-86.89003454222502,-78.90283001670835,1,1,1,1,2,0,30.0,-6.0,24.0,3,1,45.0,-3.0,42.0,1,4,21.0,3,1,42.0,-7.015376167231494,-6.952616701985608,0,-8.108343944120397,-0.03568626666231339,0.2073736115596165,0.994084815753517,1.2014584273131335
542,60,0.0,-0.01,1.5,0.0,0.01,1.5,4.302832785688466,1.9167925691656391,1.5,4.710463218708345,24.011645126279497,3.5740297033341686,22.50029625245918,1.6428844009847758,1.544254838094588,1.5,2.254726626440032,43.22748415837912,1.782585322431939,28.91857991848881,19.215839032099623,-81.47959720412061,-75.0990771028313,-81.46459098512912,-75.04630731909948,1,1,1,1,2,0,30.0,-6.0,24.0,3,1,45.0,-3.0,42.0,2,0,24.0,3,2,45.0,-14.87459066392934,-14.846554860978436,0,-2.5597852591638173,3.7282008951027876,0.6365927331044808,1.748246781849217,2.384839514953698
543,60,0.0,-0.01,1.5,0.0,0.01,1.5,6.859698635124075,3.621776941664846,1.5,7.757108583737774,27.83311378727153,1.5439731530391803,18.165304824749573,2.8515845014936114,2.4564133553598673,1.5,3.763708376262551,40.74228413688135,3.2026013835918037,24.456815713578436,12.909170349609823,-85.81003845765599,-79.53819494121663,-85.79958241283873,-79.50807152400986,1,1,1,1,2,0,30.0,-6.0,24.0,3,1,45.0,-3.0,42.0,2,0,24.0,3,1,42.0,-13.143612691040639,-13.143612691040639,1,-7.706698986788359,-0.7465302149482289,0.22596909939281581,0.8813260382457669,1.1072951376385827
544,61,0.0,-0.01,1.5,0.0,0.01,1.5,2.317753971040862,-1.8289265886285675,1.5,2.9524491421306847,-38.2767719209825,3.865437596820157,26.568641752575736,7.594003189670997,5.934453611261631,1.5,9.637770702239678,38.00640895159774,3.005822476505449,16.280095119211765,76.28318087258023,-77.39624548501256,-87.69589192020469,-77.43269446011358,-87.68479211837652,1,1,1,1,5,4,-45.0,6.0,-39.0,2,4,30.0,6.0,36.0,5,4,-39.0,3,0,39.0,-27.991017070542558,-27.914379329192116,0,1.5344736809889756,-8.935926431503951,1.2772674974384537,0.1734647654489058,1.4507322628873596
545,61,0.0,-0.01,1.5,0.0,0.01,1.5,6.792450223038578,-5.308660912143313,1.5,8.620861947193859,-38.00951706468865,1.2332502807619017,17.24926671595892,2.025058772568978,1.5430094804406103,1.5,2.5459264107762776,37.3058736930298,3.27076646681964,27.857819434866737,75.31539075771846,-86.71562052162938,-76.14842004637151,-86.72802930714491,-76.10706780272156,1,1,1,1,5,4,-45.0,6.0,-39.0,2,4,30.0,6.0,36.0,5,4,-39.0,2,4,36.0,-6.35965656843437,-6.35965656843437,1,-7.80396276756404,2.758258703043832,0.2213293764579476,1.5296882942486465,1.751017670706594
546,61,0.0,-0.01,1.5,0.0,0.01,1.5,5.6400571184810175,-4.383165128884868,1.5,7.142995229369869,-37.852532048360935,4.179579270910472,18.883930307752525,5.654046363583025,4.078143881284228,1.5,6.9713340041919105,35.80211333819426,1.434152043869274,19.095046620168684,73.65464538655519,-85.08095692983576,-84.88441896076478,-85.09588050648512,-84.86984061741961,1,1,1,1,5,4,-45.0,6.0,-39.0,2,4,30.0,6.0,36.0,5,4,-39.0,2,4,36.0,-31.73190799067504,-31.73190799067504,1,-6.187592224505027,-5.908160194647953,0.31100269766547134,0.32947619221882907,0.6404788898843004
547,61,0.0,-0.01,1.5,0.0,0.01,1.5,3.6997230971483575,-2.919104738318041,1.5,4.712655670515709,-38.27366149997383,4.044153535944572,22.500174923062396,4.08053566248214,3.134356647017522,1.5,5.1453826760982,37.52872476096269,2.112697119714379,21.736001856559056,75.80238626093652,-81.46471231452591,-82.24945026300277,-81.48754409851173,-82.22888538102923,1,1,1,1,5,4,-45.0,6.0,-39.0,2,4,30.0,6.0,36.0,5,4,-39.0,3,0,39.0,-26.912968115305443,-26.90596280365199,0,-2.5304874499094625,-3.3911041427826403,0.6400725403395884,0.5440158768791515,1.18408841721874
548,61,0.0,-0.01,1.5,0.0,0.01,1.5,7.307145839344562,-6.000857702070905,1.5,9.45540445871853,-39.393914894150306,1.4054820837173359,16.446304782646674,6.234169054767019,4.6512682454680325,1.5,7.778120601707972,36.7263520887767,3.7013570234205493,18.143260427240016,76.120266982927,-87.51858245494162,-85.8349825337467,-87.5302434157522,-85.82162681034828,1,1,1,1,5,4,-45.0,6.0,-39.0,2,4,30.0,6.0,36.0,5,4,-39.0,2,4,36.0,-26.071657630527323,-26.071657630527323,1,-8.562603559930103,-6.885866922411717,0.18806181243677939,0.26884074833533234,0.4569025607721117
549,61,0.0,-0.01,1.5,0.0,0.01,1.5,4.66336293911758,-3.6374691311132015,1.5,5.914231613805532,-37.9545825565283,3.773523847071215,20.525141094955423,3.941194193409037,2.688275562038683,1.5,4.770727110998439,34.29776934840359,2.448206756051154,22.39263815328501,72.25235190493188,-83.43974614263287,-81.59276748555912,-83.45781173447058,-81.5722490843033,1,1,1,1,5,4,-45.0,6.0,-39.0,2,4,30.0,6.0,36.0,5,4,-39.0,2,3,33.0,-27.98129572815099,-27.918838152814015,0,-4.534890072861603,-2.764801221713154,0.43506776092642113,0.6126622028355992,1.0477299637620203
550,61,0.0,-0.01,1.5,0.0,0.01,1.5,3.2112937770675734,-2.5818828637415066,1.5,4.120500800232293,-38.799310540200636,2.710313492669373,23.668281607723234,7.625404479406147,5.786048281095531,1.5,9.57210260004122,37.19070877548672,4.941279468800815,16.339415357189935,75.99001931568736,-80.29660562986506,-87.63644273480631,-80.32302293509073,-87.62547188039835,1,1,1,1,5,4,-45.0,6.0,-39.0,2,4,30.0,6.0,36.0,5,4,-39.0,2,4,36.0,-51.6797705425462,-51.6797705425462,1,-1.3370493332666915,-8.737049238457644,0.7949465376801419,0.18110305451669728,0.9760495921968392
551,61,0.0,-0.01,1.5,0.0,0.01,1.5,1.6143229509724741,-1.298731143771471,1.5,2.071893137649341,-38.816857020500585,1.5632478206798117,29.65298678591992,2.5106064728595863,1.9305620430706905,1.5,3.1670514147562763,37.558931415806256,1.6751114423176605,25.95768282644242,76.37578843630683,-74.31190045166838,-78.04064098681094,-74.3644557489907,-78.00720441114588,1,1,1,1,5,4,-45.0,6.0,-39.0,2,4,30.0,6.0,36.0,5,4,-39.0,3,0,39.0,2.543910689376528,2.5546579882097307,0,4.638683368386728,0.8222539895157401,1.9671076597289934,1.1430281946163285,3.110135854345322
552,61,0.0,-0.01,1.5,0.0,0.01,1.5,4.446084819665138,-3.597797198355515,1.5,5.719424350767442,-38.9799817794599,4.04497813460881,20.816580463852553,6.850701467844672,5.175154080869942,1.5,8.585705000888044,37.06811370830305,2.5323061506842657,17.284655324235537,76.04809548776295,-83.14830677373575,-86.69242818660314,-83.16741145555936,-86.68023191335277,1,1,1,1,5,4,-45.0,6.0,-39.0,2,4,30.0,6.0,36.0,5,4,-39.0,2,4,36.0,-35.595493486171634,-35.595493486171634,1,-4.185090850484342,-7.777132628321124,0.4662322346298021,0.2226003630738433,0.6888325977036454
553,61,0.0,-0.01,1.5,0.0,0.01,1.5,7.225384138032138,-6.230715207217327,1.5,9.540858867815606,-40.77241004559419,3.572769590042597,16.368273843860546,2.884121484073647,2.1682319638252823,1.5,3.608238709377307,36.93520355041005,1.3295261201414044,24.82262927970321,77.70761359600425,-87.59661339372775,-79.17118809146544,-87.60850467911848,-79.14225795788508,1,1,1,1,5,4,-45.0,6.0,-39.0,2,4,30.0,6.0,36.0,5,3,-42.0,2,4,36.0,-22.16839597438281,-22.118650752477713,0,-8.80043817416013,-0.22831599972860323,0.17863481572018527,0.9625758880662793,1.1412107037864645
554,62,0.0,-0.01,1.5,0.0,0.01,1.5,2.1680196273739036,1.4823751154829425,1.5,2.6263558570158665,34.36221881349179,3.741544445452291,27.58565056035064,7.8634990357358525,-0.6757998843633597,1.5,7.892485195977514,-4.912008312195252,1.884976422343382,18.010737301144825,39.27422712568705,-76.41656941668286,-85.95414993644347,-76.37923667723766,-85.956034140114,1,1,1,1,2,4,30.0,6.0,36.0,0,0,0.0,-6.0,-6.0,2,3,33.0,0,0,-6.0,-14.053766562428962,-13.95904165848883,0,2.3968995502145733,-7.055364293231712,1.4523638294984031,0.25942170048737817,1.7117855299857814
555,62,0.0,-0.01,1.5,0.0,0.01,1.5,3.703495038837999,2.8179414330247536,1.5,4.653672681082681,37.26703656030637,3.1994347348737406,22.60945771817059,9.885409436354628,-0.8030370035270692,1.5,9.917972986119839,-4.644200256534982,3.7285136112046997,16.02632452532277,41.91123681684135,-81.37803312112445,-87.93856271226552,-81.35542951941771,-87.93998141386871,1,1,1,1,2,4,30.0,6.0,36.0,0,0,0.0,-6.0,-6.0,2,4,36.0,0,0,-6.0,-37.603174589445636,-37.603174589445636,1,-2.5015640301940074,-9.074017759102361,0.6435226878176176,0.16834051120683313,0.8118631990244507
556,62,0.0,-0.01,1.5,0.0,0.01,1.5,5.966572630682061,4.470107118300822,1.5,7.455323373689965,36.84024896978037,1.1578890320569557,18.511731395116755,3.589627160501879,-0.32339110012794364,1.5,3.604164945594852,-5.147904866290612,1.8273941540603622,24.820114434510963,41.98815383607098,-85.46712762044449,-79.14477280307733,-85.45315584247155,-79.14909682483614,1,1,1,1,2,4,30.0,6.0,36.0,0,0,0.0,-6.0,-6.0,2,4,36.0,0,0,-6.0,-1.7535283395264627,-1.7535283395264627,1,-6.5409987578263005,-0.22723079992916362,0.28897110993578734,0.9627514102280895,1.2517225201638769
557,62,0.0,-0.01,1.5,0.0,0.01,1.5,5.6641749725982145,4.071043655210372,1.5,6.975404974826667,35.70614376184881,3.201162912438495,19.089954594181833,9.900002641448818,-0.7151566122480182,1.5,9.925799780407402,-4.131756816383886,4.15402207214907,16.019393420847152,39.83790057823269,-84.88946776935666,-87.94549381674115,-84.87493264340645,-87.9467546058258,1,1,1,1,2,4,30.0,6.0,36.0,0,0,0.0,-6.0,-6.0,2,4,36.0,0,1,-3.0,-47.84385340484166,-47.77107522604881,0,-5.93031534319014,-9.16920671244428,0.3279765589418485,0.1648917136855645,0.492868272627413
558,62,0.0,-0.01,1.5,0.0,0.01,1.5,8.123710857807614,5.638008350325534,1.5,9.88846885314414,34.76137638087405,4.592939618369447,16.05650430746381,9.418496387091077,-0.9249685072335913,1.5,9.463806894322264,-5.608898546083569,1.4153483920346588,16.4336534096896,40.37027492695762,-87.91839946965581,-87.53123382789869,-87.90838293012447,-87.53302763040809,1,1,1,1,2,4,30.0,6.0,36.0,0,0,0.0,-6.0,-6.0,2,4,36.0,0,0,-6.0,-41.787661712162,-41.787661712162,1,-9.036170411886404,-8.576930401387223,0.16973056898803288,0.18748099539086144,0.35721156437889434
559,62,0.0,-0.01,1.5,0.0,0.01,1.5,7.7938255295687275,6.058216135798381,1.5,9.87145881485635,37.858269412261215,1.669434357354037,16.071850150794695,5.909559199812207,-0.6005121356044911,1.5,5.939991983251606,-5.802312750291246,3.5842647231198024,20.47982703506394,43.66058216255246,-87.90383677193554,-83.48506020252435,-87.89303708679358,-83.48801815772993,1,1,1,1,2,4,30.0,6.0,36.0,0,0,0.0,-6.0,-6.0,3,0,39.0,0,0,-6.0,-23.741297143992323,-23.711777302245068,0,-9.124306485151637,-4.526755879219563,0.1665101069950131,0.4357717211060661,0.6022818281010792
560,62,0.0,-0.01,1.5,0.0,0.01,1.5,3.912721058713901,2.930321647144516,1.5,4.888371000550897,36.830336110244325,1.2976389156540193,22.18144048719489,2.733196809184369,-0.29392547316671325,1.5,2.7489556165045466,-6.137946928869372,3.5921569284449473,27.174045336946442,42.9682830391137,-81.80474906373877,-76.79084190064185,-81.78344675039341,-76.79759783842867,1,1,1,1,2,4,30.0,6.0,36.0,0,0,0.0,-6.0,-6.0,2,4,36.0,0,0,-6.0,-8.559081810381944,-8.559081810381944,1,-2.8790280670440054,2.1591123701277826,0.5996453040119805,1.4027416420440568,2.0023869460560375
561,62,0.0,-0.01,1.5,0.0,0.01,1.5,6.221321767966738,4.508711821728263,1.5,7.6833148335838075,35.93156778968533,1.61952467720324,18.24973736809793,2.8399715833981323,-0.3315433998447995,1.5,2.8592585788084195,-6.658672130056188,1.0320027233523184,26.83248084168963,42.59023991974152,-85.72841857320515,-77.13240639589867,-85.71514986949038,-77.13945127372986,1,1,1,1,2,4,30.0,6.0,36.0,0,0,0.0,-6.0,-6.0,2,4,36.0,0,0,-6.0,-2.006770656086159,-2.006770656086159,1,-6.764699675529963,1.795600295001856,0.27576367407746455,1.3288529368795567,1.6046166109570212
562,62,0.0,-0.01,1.5,0.0,0.01,1.5,6.276073438960507,4.743627787097413,1.5,7.867089830029162,37.082984485582614,2.4397489602869915,18.04445135249849,7.2192364813737635,-0.6359146797868284,1.5,7.247189997093096,-5.033971111509923,3.4097467482591464,18.751728808895805,42.116955597092534,-85.9337508234963,-85.2131584286925,-85.9204358850898,-85.21526130676114,1,1,1,1,2,4,30.0,6.0,36.0,0,0,0.0,-6.0,-6.0,2,4,36.0,0,0,-6.0,-28.226717626451553,-28.226717626451553,1,-7.032505993591059,-6.301346408992967,0.26067414616176726,0.3037517818026479,0.5644259279644152
563,62,0.0,-0.01,1.5,0.0,0.01,1.5,8.009237323017823,5.7288367063328085,1.5,9.847205314415245,35.575332354000054,2.3030228092234246,16.09294838288678,3.757318472324244,-0.4783039778822614,1.5,3.787640003712996,-7.2546923408876305,4.885042166143082,24.389570025998392,42.83002469488768,-87.88220260494568,-79.57531721158989,-87.87193885470151,-79.58110881502786,1,1,1,1,2,4,30.0,6.0,36.0,0,0,0.0,-6.0,-6.0,2,4,36.0,0,0,-6.0,-39.96224701039347,-39.96224701039347,1,-8.927525198530708,-0.7042418276940945,0.17378120809998426,0.8877647562764326,1.061545964376417
564,63,0.0,-0.01,1.5,0.0,0.01,1.5,8.835703880255302,-2.6387284928621004,1.5,9.22130962057998,-16.62793093390615,3.0227116248544887,16.660917243922817,8.429639837371079,3.8255632006599956,1.5,9.257092501970448,24.409632809044474,4.61959207543639,16.628459366342604,41.037563742950624,-87.30396999366548,-87.34418190845963,-87.30936052980934,-87.33642787124568,1,1,1,1,7,1,-15.0,-3.0,-18.0,2,0,30.0,-6.0,24.0,7,1,-18.0,2,0,24.0,-54.76898788345995,-54.76898788345995,1,-8.44046717349215,-8.381151342130039,0.1930820928543721,0.19556514595597105,0.38864723881034313
565,63,0.0,-0.01,1.5,0.0,0.01,1.5,8.041717662847205,-2.8468346349976756,1.5,8.530749697885355,-19.49438462954047,4.937613369713661,17.337727218774788,7.0053170541919245,3.10908676989318,1.5,7.66426040609771,23.932516414652866,4.4223018281434125,18.26926604691991,43.426901044193336,-86.6271600188135,-85.70481659205714,-86.63395560769087,-85.69562119066838,1,1,1,1,7,1,-15.0,-3.0,-18.0,2,0,30.0,-6.0,24.0,7,1,-18.0,2,0,24.0,-78.32353712318042,-78.32353712318042,1,-7.782527669046594,-6.731897578883608,0.2223442503647625,0.2776654685615466,0.5000097189263091
566,63,0.0,-0.01,1.5,0.0,0.01,1.5,8.167406797769857,-3.060209769447825,1.5,8.72189300744289,-20.54025099882776,1.6008351377051504,17.145353576891857,2.4563009253446793,1.0715020732973815,1.5,2.6798378549699073,23.56807631101694,2.4341750748963973,27.404826926277885,44.1083273098447,-86.81953366069644,-76.58598003782319,-86.82652211431551,-76.56006031131041,1,1,1,1,7,1,-15.0,-3.0,-18.0,2,0,30.0,-6.0,24.0,7,0,-21.0,2,0,24.0,-4.188360385425443,-4.0894288506665575,0,-8.200691886619495,2.387338881650705,0.2033039286829844,1.4503492304955536,1.653653159178538
567,63,0.0,-0.01,1.5,0.0,0.01,1.5,7.366644027110606,-2.31996803950613,1.5,7.72332156047476,-17.48071374078142,2.445432816555771,18.201368084099418,3.128535439914305,1.3258514615569135,1.5,3.397884061723177,22.966891457759342,2.859567244943639,25.339855287234272,40.447605198540764,-85.76351915348887,-78.64498072260704,-85.77027535718317,-78.62503195035403,1,1,1,1,7,1,-15.0,-3.0,-18.0,2,0,30.0,-6.0,24.0,7,1,-18.0,2,0,24.0,-14.691035574486115,-14.691035574486115,1,-6.81396921499037,0.27806406322110727,0.2729293401383024,1.0469245893345676,1.31985392947287
568,63,0.0,-0.01,1.5,0.0,0.01,1.5,8.723745853615037,-2.5271009344250923,1.5,9.082399509559009,-16.155283028612008,1.382724020695922,16.79272258007266,2.496676251083279,1.1178861310170833,1.5,2.73551854401384,24.120436235293653,4.0297687671891325,27.22622210267824,40.27571926390566,-87.17216465751564,-76.76461711002212,-87.17748759958367,-76.73866513491005,1,1,1,1,7,1,-15.0,-3.0,-18.0,2,0,30.0,-6.0,24.0,7,2,-15.0,2,0,24.0,-14.884460686827705,-14.85745018644551,0,-8.390048222590945,2.2182438849124635,0.19519081697961915,1.4149869211196062,1.6101777380992255
569,63,0.0,-0.01,1.5,0.0,0.01,1.5,6.602686313746077,-2.277196625093502,1.5,6.984346141699092,-19.028772079986517,1.6381852756989832,19.075610914809953,8.371363336665365,3.4794292942819927,1.5,9.065657854142342,22.569467006283023,3.73195273223578,16.80976547913519,41.598239086269544,-84.88927632277834,-87.16247694578504,-84.89738630170002,-87.1551217584531,1,1,1,1,7,1,-15.0,-3.0,-18.0,2,0,30.0,-6.0,24.0,7,1,-18.0,2,0,24.0,-27.89169952716354,-27.89169952716354,1,-5.982137235339843,-8.300409536586887,0.3244925685669444,0.19899305954414176,0.5234856281110862
570,63,0.0,-0.01,1.5,0.0,0.01,1.5,4.604286083212181,-1.4891024716601675,1.5,4.839098728809508,-17.92206749418655,3.882307474575233,22.264296353943543,4.290518309106128,1.8361743451686214,1.5,4.666913711076124,23.169034339386926,1.8780325420564385,22.580791430321412,41.091101833573475,-81.70059088364475,-81.39874081509818,-81.71163748737538,-81.38409580726687,1,1,1,1,7,1,-15.0,-3.0,-18.0,2,0,30.0,-6.0,24.0,7,1,-18.0,2,0,24.0,-23.099598324879395,-23.099598324879395,1,-2.738335391894336,-2.45864087558179,0.6157103155102908,0.6486699794599964,1.2643802949702871
571,63,0.0,-0.01,1.5,0.0,0.01,1.5,7.191180973127607,-2.2209575812446416,1.5,7.5263361847555394,-17.163022175660615,3.4050471802111146,18.42580417752602,7.20287838133236,2.94004483754656,1.5,7.7798020940798525,22.20412273613302,4.02869653436072,18.138921517577508,39.36714491179363,-85.53908306006227,-85.83440416047725,-85.54589395268394,-85.82596572001079,1,1,1,1,7,1,-15.0,-3.0,-18.0,2,0,30.0,-6.0,24.0,7,1,-18.0,1,4,21.0,-47.32583145040581,-47.24130098320984,0,-6.6126399896354595,-7.034571255980642,0.28468036252807694,0.2605607605534274,0.5452411230815044
572,63,0.0,-0.01,1.5,0.0,0.01,1.5,7.657445557862044,-2.248338555071987,1.5,7.980695378840388,-16.363014134051337,2.4874752322154707,17.916323771767814,5.831759232399599,2.7473580384307397,1.5,6.44650230248993,25.225255475755255,2.470184924240304,19.773330382201916,41.58826960980659,-86.04856346582048,-84.20304180873019,-86.05469588812575,-84.19155685538638,1,1,1,1,7,1,-15.0,-3.0,-18.0,2,0,30.0,-6.0,24.0,7,2,-15.0,2,0,24.0,-18.189632413497943,-18.166402361022765,0,-7.227934171826165,-5.308311113141746,0.25014227476188067,0.37245814206524913,0.6226004168271297
573,63,0.0,-0.01,1.5,0.0,0.01,1.5,7.289687073403557,-2.364468114082466,1.5,7.66356621232306,-17.970884096339866,2.1244403992801155,18.26894999155835,8.703150067175205,4.254838319214138,1.5,9.687542010975992,26.053309092526703,2.468772626457679,16.23374120709914,44.02419318886657,-85.69593724602994,-87.7390228583687,-85.70292999060543,-87.73114603048916,1,1,1,1,7,1,-15.0,-3.0,-18.0,2,0,30.0,-6.0,24.0,7,1,-18.0,2,1,27.0,-16.928506348474322,-16.86001180586262,0,-6.732015685992136,-8.992464199195787,0.27765859968041495,0.17134926706617443,0.4490078667465894
574,64,0.0,-0.01,1.5,0.0,0.01,1.5,7.166302714026907,-5.552303961319476,1.5,9.065537704292744,-37.76778811215093,1.0556970277088942,16.81207243651889,8.473773810358159,-5.298846714287988,1.5,9.994129231235327,-32.01869447029533,3.2239731208733065,15.963784349174105,5.749093641855602,-87.1528148010694,-88.00110288841418,-87.16454959550174,-88.01031809858458,1,1,1,1,6,0,-30.0,-6.0,-36.0,6,1,-30.0,-3.0,-33.0,5,4,-39.0,6,1,-33.0,-20.0769593883198,-20.000411888515483,0,-8.82553551182987,-9.521520371756834,0.17766633467219833,0.15269903943736537,0.3303653741095637
575,64,0.0,-0.01,1.5,0.0,0.01,1.5,7.8962400322661646,-6.063073539113896,1.5,9.955474242238079,-37.518608177852386,4.634925836768261,15.998151900036685,6.336017601459106,-4.0128276961894045,1.5,7.499860343053354,-32.34755030513212,1.0571308034502809,18.459208412901162,5.171057872720269,-87.96673533755161,-85.50567882468712,-87.97736265109492,-85.51807306291875,1,1,1,1,6,0,-30.0,-6.0,-36.0,6,1,-30.0,-3.0,-33.0,5,4,-39.0,6,2,-30.0,-41.10700687686023,-41.023661066304236,0,-9.529737137678682,-7.3247173722475,0.1524251327931198,0.24507202663320704,0.39749715942632685
576,64,0.0,-0.01,1.5,0.0,0.01,1.5,6.612403830453159,-5.170103951138549,1.5,8.39367972242032,-38.021128117188624,1.0146105534555128,17.48140273235272,7.295834132263382,-4.738732305344364,1.5,8.699699968804309,-33.004210083905704,1.7034584003085809,17.169429215925348,5.01691803328292,-86.48348450523557,-86.79545802166295,-86.49623287355682,-86.80633591267511,1,1,1,1,6,0,-30.0,-6.0,-36.0,6,1,-30.0,-3.0,-33.0,5,4,-39.0,6,1,-33.0,-5.494119971772835,-5.415189573358363,0,-8.26569554740384,-8.439132365703014,0.20048401045187442,0.19313764452468385,0.39362165497655827
577,64,0.0,-0.01,1.5,0.0,0.01,1.5,7.921015503545179,-6.086389561331745,1.5,9.989325527766683,-37.538135365797146,4.845049977225823,15.968652278039864,7.106660164593389,-4.482524123132776,1.5,8.402240249450488,-32.24166936150635,1.3347787438088048,17.471687883971306,5.296466004290799,-87.99623495954845,-86.493199353617,-88.00683241289077,-86.50422843401552,1,1,1,1,6,0,-30.0,-6.0,-36.0,6,1,-30.0,-3.0,-33.0,5,4,-39.0,6,2,-30.0,-46.2582734740289,-46.16985533983916,0,-9.558982907985412,-8.171232847631618,0.1514539975037873,0.2045940145758354,0.35604801207962267
578,65,0.0,-0.01,1.5,0.0,0.01,1.5,6.424906173814786,-0.4798946436898831,1.5,6.442803598695647,-4.271653770415047,3.869085477165181,19.773573400684267,3.0647523420134255,2.9155225713487627,1.5,4.230009312273541,43.57055701934102,2.205854609179331,23.4414028222701,47.842210789756066,-84.19131383690402,-80.55178988635083,-84.19332319825143,-80.5234844153182,1,1,1,1,0,0,0.0,-6.0,-6.0,3,2,45.0,0.0,45.0,0,1,-3.0,3,2,45.0,-27.665495601279744,-27.582996749928515,0,-5.38759267989116,-1.670960327701903,0.3665077231850073,0.7489925631588433,1.1155002863438506
579,65,0.0,-0.01,1.5,0.0,0.01,1.5,5.846363198790608,-0.6219830307114015,1.5,5.879355878212008,-6.072742268497709,4.884322904004438,20.56903338568615,6.327595448201288,6.465954353824367,1.5,9.046934832408043,45.61961476182673,1.728922273744542,16.830910308092438,51.692357030324445,-83.39585385190213,-87.14770000158646,-83.39897901710336,-87.13397692949586,1,1,1,1,0,0,0.0,-6.0,-6.0,3,2,45.0,0.0,45.0,0,0,-6.0,3,2,45.0,-43.437939483759784,-43.437939483759784,1,-4.432814009944526,-8.190295743952696,0.44397266966675075,0.20375833483557834,0.6477310045023291
580,65,0.0,-0.01,1.5,0.0,0.01,1.5,3.3246615602413288,-0.28675383190135506,1.5,3.33700498205448,-4.929591684212998,2.5063952629764628,25.489139083587077,1.5537349438080639,1.509772917625894,1.5,2.1664502160000936,44.17784912140859,1.3054221494682334,29.267040916652846,49.10744080562159,-78.47574815400121,-74.75372568764216,-78.48022162609978,-74.69784632093544,1,1,1,1,0,0,0.0,-6.0,-6.0,3,2,45.0,0.0,45.0,0,0,-6.0,3,2,45.0,-1.178470787794367,-1.178470787794367,1,0.422968359217766,4.219430005721738,1.0719633821003633,1.8647554718527586,2.936718853953122
581,65,0.0,-0.01,1.5,0.0,0.01,1.5,5.61699382514827,-0.6287609010705884,1.5,5.6520757162717565,-6.387045857271621,1.104373513705129,20.91161436819336,3.45282746657115,3.296612610084132,1.5,4.773852973738704,43.67413382750076,2.271175012246143,22.389261044142636,50.061179684772384,-83.05327286939493,-81.60075624821016,-83.05669227334008,-81.57562619344566,1,1,1,1,0,0,0.0,-6.0,-6.0,3,2,45.0,0.0,45.0,0,0,-6.0,3,2,45.0,-5.157765721133918,-5.157765721133918,1,-4.098095098654272,-2.707182992366262,0.4742707504422005,0.6193137529426279,1.0935845033848284
582,65,0.0,-0.01,1.5,0.0,0.01,1.5,5.203863272354695,-0.4645616982723608,1.5,5.224558405153857,-5.101412088145819,2.3436538982744355,21.59454960787778,1.7906719527717534,1.724489562704443,1.5,2.486035054925808,43.92137995779438,1.098055637680733,28.068166800140254,49.0227920459402,-82.37033762971052,-75.94519248327286,-82.37329628011445,-75.89672043744804,1,1,1,1,0,0,0.0,-6.0,-6.0,3,2,45.0,0.0,45.0,0,0,-6.0,3,2,45.0,-4.402090564929535,-4.402090564929535,1,-3.4506436093606307,2.997208647605349,0.5378317762077108,1.5820647319538916,2.1198965081616024
583,65,0.0,-0.01,1.5,0.0,0.01,1.5,2.038517241405757,-0.16621790304618086,1.5,2.045282605118815,-4.661506866247938,4.5555072751733565,29.74236046430319,2.01570836354409,1.9652874574447643,1.5,2.815214911379112,44.274364809348505,3.808261403920645,26.98538548364126,48.935871675596445,-74.2225267732851,-77.02258166665544,-74.22942849449382,-76.97950175394703,1,1,1,1,0,0,0.0,-6.0,-6.0,3,2,45.0,0.0,45.0,0,0,-6.0,3,2,45.0,-22.074505205685103,-22.074505205685103,1,4.633579510112033,1.9504196283697806,1.9658460254697248,1.360028476740124,3.3258745022098486
584,65,0.0,-0.01,1.5,0.0,0.01,1.5,4.167586674430469,-0.38719832202414767,1.5,4.1855347602748125,-5.307946504558916,2.172517930875493,23.520953408693522,5.382450929173613,5.551271827310852,1.5,7.732231043214957,45.88459864999584,4.16231498265477,18.196047393213842,51.19254515455475,-80.44393382889479,-85.78497047625076,-80.44777390333965,-85.76883984437445,1,1,1,1,0,0,0.0,-6.0,-6.0,3,2,45.0,0.0,45.0,0,0,-6.0,3,2,45.0,-33.168908819766564,-33.168908819766564,1,-1.5077632642619967,-6.846733104064605,0.7711937816122806,0.2710592044265598,1.0422529860388403
585,65,0.0,-0.01,1.5,0.0,0.01,1.5,5.538815610657797,-0.578149383028733,1.5,5.568907889161304,-5.959034597039657,1.9002300716370288,21.040283409537608,4.970390698689367,4.941866565928566,1.5,7.009053349280513,44.83512252894151,1.8376102273516315,19.049628879863345,50.794157125981165,-82.92460382805068,-84.93273493239201,-82.927841999506,-84.91525835772494,1,1,1,1,0,0,0.0,-6.0,-6.0,3,2,45.0,0.0,45.0,0,0,-6.0,3,2,45.0,-7.747359948491025,-7.747359948491025,1,-3.961549818389147,-5.952924807854799,0.4871235243891106,0.3264524444596642,0.8135759688487748
586,65,0.0,-0.01,1.5,0.0,0.01,1.5,3.139953236193293,-0.3968046681958011,1.5,3.164926582115723,-7.202448524221445,3.9238863880542008,25.950204904101245,2.004095399832306,2.0214010654530576,1.5,2.8464821515414016,45.24631384028109,2.225928249906042,26.889577574349847,52.448762364502535,-78.01468233348704,-77.11864724832586,-78.02156505735755,-77.07530966323844,1,1,1,1,0,0,0.0,-6.0,-6.0,3,2,45.0,0.0,45.0,0,0,-6.0,3,2,45.0,-14.427414337916623,-14.427414337916623,1,0.8674332133086927,1.8796921070301311,1.1512599025733843,1.3457319761516464,2.496991878725031
587,65,0.0,-0.01,1.5,0.0,0.01,1.5,5.218744941971848,-0.4238920841879844,1.5,5.235931938861885,-4.643650255709564,3.5104411775641617,21.575525493522886,4.448172369824695,4.204874095677673,1.5,6.121045955731175,43.38943514684892,4.491769134724731,20.227312698699546,48.033085402558484,-82.38936174406541,-83.75707056903778,-82.39204800819536,-83.73757453888874,1,1,1,1,0,0,0.0,-6.0,-6.0,3,2,45.0,0.0,45.0,0,0,-6.0,3,1,42.0,-50.259417127475245,-50.20935657031623,0,-3.5249001700414704,-4.912945065140625,0.5302004893525017,0.403410134353285,0.9336106237057867
588,66,0.0,-0.01,1.5,0.0,0.01,1.5,6.1274105364772975,-4.311731010508947,1.5,7.49240843717943,-35.13325198011057,4.452351192613829,18.468317600958535,2.4454496377534074,2.486189302476213,1.5,3.48731432172889,45.47330264455926,4.033231922774921,25.1220135245058,80.60655462466983,-85.49656963662976,-78.8783877982688,-85.50991204645564,-78.8428737130825,1,1,1,1,6,0,-30.0,-6.0,-36.0,3,2,45.0,0.0,45.0,6,0,-36.0,3,2,45.0,-51.58217785700172,-51.58217785700172,1,-6.572848871266141,0.10559696408727498,0.28705637352631586,1.0176458885791915,1.3047022621055073
589,66,0.0,-0.01,1.5,0.0,0.01,1.5,6.085775058976286,-4.63578150623454,1.5,7.6503024934968415,-37.297994044587526,3.1924867962546495,18.287385149639004,6.259261306721977,6.314513431433727,1.5,8.891087221571041,45.251769515946165,1.6982512662502063,16.981919125019118,82.54976356053369,-85.67750208794928,-86.99684399060864,-85.69126354715807,-86.98296811256917,1,1,1,1,6,0,-30.0,-6.0,-36.0,3,2,45.0,0.0,45.0,6,0,-36.0,3,2,45.0,-20.97840674234672,-20.97840674234672,1,-6.803701526381811,-8.022156379790692,0.2735178191591339,0.2112400329439874,0.48475785210312133
590,66,0.0,-0.01,1.5,0.0,0.01,1.5,6.271725306436002,-4.4890984892335,1.5,7.7127520098489,-35.59386414467079,3.9388105929599875,18.21644309414117,4.139709473708656,3.9245984174470316,1.5,5.704355113853007,43.47202836433607,1.0279888627289266,20.84042115526738,79.06589250900686,-85.74844414344712,-83.14541770607946,-85.76155382770574,-83.12446608232092,1,1,1,1,6,0,-30.0,-6.0,-36.0,3,2,45.0,0.0,45.0,6,0,-36.0,3,1,42.0,-26.780799722059896,-26.778138768978263,0,-6.793292218572612,-4.286181785996513,0.2741155909970067,0.45703659220373855,0.7311521832007453
591,66,0.0,-0.01,1.5,0.0,0.01,1.5,6.402661979136626,-4.401262776444726,1.5,7.769504131307202,-34.50507538179673,4.342364420268041,18.152541523481442,7.046392496810814,6.947530113243085,1.5,9.895444502069182,44.59523121172325,2.7871368618386665,16.05153530786098,79.10030659351997,-85.81234571410684,-87.92567674156982,-85.8250105666364,-87.91335192972731,1,1,1,1,6,0,-30.0,-6.0,-36.0,3,2,45.0,0.0,45.0,6,0,-36.0,3,2,45.0,-46.49644174180313,-46.49644174180313,1,-6.967951806789182,-8.957784375013773,0.2642410223477034,0.1726439984631209,0.4368850208108243
592,66,0.0,-0.01,1.5,0.0,0.01,1.5,6.425900361492356,-4.656271177946828,1.5,7.935556485742253,-35.92745964439429,2.0328564893125027,17.968949824212377,1.7526339800849813,1.8660114056731831,1.5,2.5600243034492722,46.79457307918019,1.7861870405325453,27.81393070906088,82.72203272357447,-85.99593741337591,-76.20041610464901,-86.00878142274665,-76.15095652852742,1,1,1,1,6,0,-30.0,-6.0,-36.0,3,2,45.0,0.0,45.0,6,0,-36.0,3,3,48.0,-4.678458134220104,-4.635736240549281,0,-7.03218951761193,2.6333812600072157,0.26069152508446597,1.5027081848304673,1.7633997099149332
593,66,0.0,-0.01,1.5,0.0,0.01,1.5,4.164205850526474,-3.1204841466123097,1.5,5.203655606861168,-36.84637671031294,2.856028669294374,21.637911788074803,5.130815154845351,5.40550877916679,1.5,7.4528376686226006,46.493426074131676,1.9894885917332465,18.516097355731034,83.33980278444461,-82.3269754495135,-85.46569552399694,-82.3469943210915,-85.44878988185727,1,1,1,1,6,0,-30.0,-6.0,-36.0,3,2,45.0,0.0,45.0,6,0,-36.0,3,2,45.0,-15.683030564040305,-15.683030564040305,1,-3.4024177525701975,-6.604233490454035,0.5428362955579658,0.2851808453039692,0.828017140861935
594,66,0.0,-0.01,1.5,0.0,0.01,1.5,3.3132684823967833,-2.295921010453491,1.5,4.03100500157041,-34.71992592641036,1.7271850909757633,23.858074643754314,2.908023146119356,2.9873902343592835,1.5,4.169064527050539,45.77129866937572,4.272570904882188,23.568234327250956,80.49122459578608,-80.10681259383398,-80.42650985160178,-80.1313574375157,-80.39665291033734,1,1,1,1,6,0,-30.0,-6.0,-36.0,3,2,45.0,0.0,45.0,6,0,-36.0,3,2,45.0,-24.537030389583503,-24.537030389583503,1,-1.2329355716839305,-1.4667034445072926,0.8096996723424453,0.7768572225515008,1.5865568948939461
595,66,0.0,-0.01,1.5,0.0,0.01,1.5,4.233064939390109,-3.0103820137738553,1.5,5.194346797235137,-35.41887561997032,2.5018947854925147,21.653144289265207,5.265756669262024,5.112914667635757,1.5,7.339624629257436,44.15629194123398,3.7041975215236653,18.64884500577278,79.5751675612043,-82.31174294832309,-85.33253148277142,-82.3311251118962,-85.31604223181552,1,1,1,1,6,0,-30.0,-6.0,-36.0,3,2,45.0,0.0,45.0,6,0,-36.0,3,2,45.0,-30.003825580680193,-30.003825580680193,1,-3.3669286510580045,-6.390252550958968,0.5465435380760851,0.2981908449204915,0.8447343829965767
596,66,0.0,-0.01,1.5,0.0,0.01,1.5,2.1493830988668248,-1.6381411760641544,1.5,2.7024718719000953,-37.31264946707932,2.0841759769746835,27.33832037924278,6.139085710181189,6.5527221377236335,1.5,8.979228294857206,46.8666557385746,4.828844078253871,16.896356735885657,84.17930520565392,-76.62656685834551,-87.08264794162491,-76.6655306545604,-87.06853050170264,1,1,1,1,6,0,-30.0,-6.0,-36.0,3,2,45.0,0.0,45.0,6,0,-36.0,3,3,48.0,-42.129017602710384,-42.0293589906497,0,2.238740912427765,-8.290786001250964,1.4192461992954188,0.19940534712041844,1.6186515464158373
597,66,0.0,-0.01,1.5,0.0,0.01,1.5,3.683544514002181,-2.844250055974732,1.5,4.653843418890222,-37.673536484056186,2.539527793806504,22.609243479067306,4.394391254181672,4.606804802310896,1.5,6.3665787501155675,46.35183605982394,4.417710619035736,19.885828384925787,84.02537254388012,-81.35564375852098,-84.09880287704067,-81.37845616353937,-84.07905885266251,1,1,1,1,6,0,-30.0,-6.0,-36.0,3,2,45.0,0.0,45.0,5,4,-39.0,3,2,45.0,-38.820074480374636,-38.762967844238766,0,-2.5431319222631887,-5.213302268457363,0.638568860433133,0.3797003446136083,1.0182692050467412
598,67,0.0,-0.01,1.5,0.0,0.01,1.5,8.493115457266123,0.2811455860648914,1.5,8.497767531005806,1.8959562734067257,4.579082013411156,17.368312780253746,4.14162073566973,-1.0495116551846375,1.5,4.272528178081202,-14.219767253383303,4.128732471730125,23.34535217845151,16.115723526790028,-86.5972505779341,-80.61953505913678,-86.59657445733455,-80.62952285781881,1,1,1,1,0,3,0.0,3.0,3.0,7,2,-15.0,0.0,-15.0,0,3,3.0,7,2,-15.0,-59.980061725030666,-59.980061725030666,1,-7.719764652279735,-1.7733583602484613,0.22534065065961387,0.7353132575884765,0.9606539082480904
599,67,0.0,-0.01,1.5,0.0,0.01,1.5,3.747298377123286,0.11533021147208235,1.5,3.749072710000302,1.7628297788366725,3.3970122648894163,24.476281842335258,7.67061207197798,-2.173868233038585,1.5,7.972702970347549,-15.822845716555104,3.4678864486665537,17.92493183717687,17.585675495391776,-79.4900309909308,-86.03995540041142,-79.48860539525305,-86.04589719475298,1,1,1,1,0,3,0.0,3.0,3.0,7,2,-15.0,0.0,-15.0,0,3,3.0,7,2,-15.0,-32.12535880215336,-32.12535880215336,1,-0.7260906973354184,-7.128050286231087,0.8844338649409316,0.25547553400134976,1.1399093989422813
600,67,0.0,-0.01,1.5,0.0,0.01,1.5,2.795145333505706,0.014471937818887086,1.5,2.7951827976722665,0.2966477411227917,2.819867533577925,27.02597830118549,4.3250701119323,-0.9327359847334639,1.5,4.424503123554868,-12.169910387146384,4.665098834042164,23.040906526725003,12.466558128269176,-76.93922957621471,-80.92398071086329,-76.93890893640281,-80.93225813038849,1,1,1,1,0,3,0.0,3.0,3.0,7,2,-15.0,0.0,-15.0,0,3,3.0,7,3,-12.0,-35.673841749630746,-35.61056778368189,0,1.263464438529163,-2.555347796451058,1.2250664497941472,0.6371188177382525,1.8621852675323998
601,67,0.0,-0.01,1.5,0.0,0.01,1.5,3.268917326850011,0.23769641554777815,1.5,3.277547875431339,4.158892117778073,3.6992388466134956,25.644978646647488,7.037206811270626,-1.9806074873535302,1.5,7.310614592738052,-15.71914803069549,3.1563616963898675,18.67821257278341,19.878040148473563,-78.32375202997837,-85.28667466480488,-78.3199085909408,-85.29311245726143,1,1,1,1,0,3,0.0,3.0,3.0,7,2,-15.0,0.0,-15.0,0,3,3.0,7,2,-15.0,-28.572428204426835,-28.572428204426835,1,0.5149145906439532,-6.369382233054944,1.088059027626321,0.29948795947431434,1.3875469871006352
602,67,0.0,-0.01,1.5,0.0,0.01,1.5,9.711546957287451,-0.011701755450913846,1.5,9.711554007195748,-0.06903749512908064,1.5122757497411148,16.20831059797982,2.3232269323540065,-0.6452216107214042,1.5,2.4111603650850206,-15.521381726724842,2.676501254484516,28.319132282448255,15.452344231595761,-87.75657663960845,-75.64575495514003,-87.75659821280735,-75.66503438663207,1,1,1,1,0,3,0.0,3.0,3.0,7,2,-15.0,0.0,-15.0,0,3,3.0,7,2,-15.0,-4.1343110211268845,-4.1343110211268845,1,-9.332380396932972,3.151293158834811,0.15913445889189065,1.6163554556321362,1.7754899145240268
603,67,0.0,-0.01,1.5,0.0,0.01,1.5,7.366883927430548,0.6104214545055168,1.5,7.392130488049786,4.736718887879835,3.55152606709196,18.579647471538134,6.08531976402715,-1.791136733367507,1.5,6.343444445100617,-16.401124077450763,3.457979353105948,19.911432925216207,21.1378429653306,-85.38717961755914,-84.05345431237208,-85.38523976605015,-84.06118832745234,1,1,1,1,0,3,0.0,3.0,3.0,7,2,-15.0,0.0,-15.0,0,4,6.0,7,2,-15.0,-39.61543748692286,-39.54071407494978,0,-6.5918491813556015,-5.214360504645946,0.2859195975895301,0.3796190052540144,0.6655386028435445
604,67,0.0,-0.01,1.5,0.0,0.01,1.5,5.072118634926006,0.33617927924591573,1.5,5.083247382781794,3.7920095631701614,4.488332300752278,21.832366522594416,7.438240297110903,-1.586170750884772,1.5,7.6054819944910035,-12.037757807048031,1.6465886076134977,18.333918237231362,15.829767370218192,-82.13478055749155,-85.63096900035694,-82.13252071499389,-85.63573249330865,1,1,1,1,0,3,0.0,3.0,3.0,7,2,-15.0,0.0,-15.0,0,3,3.0,7,3,-12.0,-33.92625875409998,-33.878405664172895,0,-3.2303658672240596,-7.197740813462897,0.5610036440473767,0.251743592086228,0.8127472361336047
605,67,0.0,-0.01,1.5,0.0,0.01,1.5,2.1437718707952436,0.06636275256512801,1.5,2.1447987898497516,1.773085948578264,4.250045608035412,29.327505815336213,3.3780164609098624,-0.7148892445984345,1.5,3.4528338856974443,-11.949191066579411,4.031525995434809,25.19574005383449,13.722277015157676,-74.63988841694717,-78.7691471837538,-74.63738142225208,-78.77956461677216,1,1,1,1,0,3,0.0,3.0,3.0,7,2,-15.0,0.0,-15.0,0,3,3.0,7,2,-15.0,-28.996783523106373,-28.996783523106373,1,3.891924628593819,-0.5928710134371149,1.7866585906370416,0.9048844010244291,2.691542991661471
606,67,0.0,-0.01,1.5,0.0,0.01,1.5,8.170762223176489,0.12319131108197542,1.5,8.171690853600257,0.8637881322414476,1.3889789690084307,17.707993572127986,2.0340518957872717,-0.559479948336264,1.5,2.1095935455310206,-15.379280535665497,3.135332838623822,29.480937158480103,16.243068667906947,-86.25721462934587,-74.4839500791082,-86.2568936654603,-74.50578831803269,1,1,1,1,0,3,0.0,3.0,3.0,7,2,-15.0,0.0,-15.0,0,3,3.0,7,2,-15.0,-3.7386741639734415,-3.7386741639734415,1,-7.572849983208968,4.265711460636074,0.2325009781698358,1.8759247933658552,2.108425771535691
607,67,0.0,-0.01,1.5,0.0,0.01,1.5,9.286720636146246,-0.07681484807870895,1.5,9.287038316638405,-0.473909618206795,2.032548850295167,16.596605732162306,2.027124987014922,-0.6002338530093216,1.5,2.114123078554951,-16.49407730162733,4.84208739392954,29.463057396463164,16.02016768342053,-87.36828150542598,-74.50182984112513,-87.36843564991942,-74.52515998239352,1,1,1,1,0,3,0.0,3.0,3.0,7,2,-15.0,0.0,-15.0,0,3,3.0,7,1,-18.0,-22.684330807803622,-22.68032264216327,0,-9.095564614885204,4.2093958017801905,0.1675539395350518,1.8623381693808323,2.029892108915884
608,68,0.0,-0.01,1.5,0.0,0.01,1.5,5.191057338350482,-0.5344127451964191,1.5,5.2184933910345,-5.877820688185128,3.198466122427959,21.604865627938278,6.866461117625671,-1.3319925504597863,1.5,6.994461554283185,-10.978190277656191,2.9586575624642566,19.061348550068892,5.100369589471063,-82.36002160965002,-84.9035386875194,-82.3634315267553,-84.90826820380535,1,1,1,1,0,0,0.0,-6.0,-6.0,7,3,-15.0,3.0,-12.0,0,0,-6.0,7,3,-12.0,-28.904106627705513,-28.904106627705513,1,-4.495466866325469,-6.746394495209462,0.43848867660923097,0.2768235064574317,0.7153121830666627
609,68,0.0,-0.01,1.5,0.0,0.01,1.5,6.220516619747321,-0.4825658462616272,1.5,6.239206424901394,-4.435921087750177,1.094193791099066,20.052556183176343,6.501643659566303,-1.081406620080848,1.5,6.590964311383684,-9.443452015542533,1.0395546957959794,19.577252076487706,5.007530927792356,-83.91233105441195,-84.38763516110059,-83.91448374190134,-84.39196113730188,1,1,1,1,0,0,0.0,-6.0,-6.0,7,3,-15.0,3.0,-12.0,0,1,-3.0,7,3,-12.0,-1.6714090982520935,-1.6003699352329006,0,-5.715704691676027,-6.738636581884179,0.3427617388106234,0.27727378753833204,0.6200355263489554
610,68,0.0,-0.01,1.5,0.0,0.01,1.5,9.141059496594622,-0.7776548156017077,1.5,9.1740784677542,-4.862599683193752,1.529915166509837,16.703626037694036,7.199608959201994,-1.6324198866681716,1.5,7.382354898798305,-12.775091659281838,1.6295950886989692,18.59277367239621,7.912491976088086,-87.26126119989425,-85.37211356519208,-87.26286650948748,-85.3773163767859,1,1,1,1,0,0,0.0,-6.0,-6.0,7,3,-15.0,3.0,-12.0,0,1,-3.0,7,3,-12.0,-6.913778098801574,-6.857076021595723,0,-8.695784143241783,-6.975000548023493,0.18272699886148486,0.2638493988921575,0.4465763977536424
611,68,0.0,-0.01,1.5,0.0,0.01,1.5,9.809337456155848,-1.2645091298249214,1.5,9.890504773172736,-7.345416925784301,4.293706344757636,16.050827883861093,5.929386242853557,-1.4088166323661038,1.5,6.094455309588576,-13.365591310242323,4.088010154290706,20.25866530297819,6.020174384458022,-87.91405935372721,-83.7062219346101,-87.91630586071179,-83.71281200500337,1,1,1,1,0,0,0.0,-6.0,-6.0,7,3,-15.0,3.0,-12.0,0,0,-6.0,7,2,-15.0,-61.608413945502804,-61.57168162683179,0,-9.4500095203213,-5.537001964768629,0.1551026370795563,0.3555206415324135,0.5106232786119698
612,68,0.0,-0.01,1.5,0.0,0.01,1.5,6.145869604946175,-0.522553979187949,1.5,6.168044735746201,-4.859898142082466,1.740662835254775,20.152309889006123,5.334154111787551,-1.100810510274139,1.5,5.446557065507534,-11.660446982740485,1.223784443992825,21.234846669620104,6.800548840658019,-83.81257734858217,-82.73004056796819,-83.8149633965382,-82.73648625385198,1,1,1,1,0,0,0.0,-6.0,-6.0,7,3,-15.0,3.0,-12.0,0,1,-3.0,7,3,-12.0,-4.443546708092171,-4.350569731793998,0,-5.616324436006628,-4.86053887328692,0.3498063340190998,0.4076761305356491,0.7574824645547489
613,68,0.0,-0.01,1.5,0.0,0.01,1.5,9.8510871291365,-0.7746665054757594,1.5,9.881499168676019,-4.496353335298491,2.3670343244058216,16.058305179091974,9.646373467860567,-2.1334764933441352,1.5,9.879485969882051,-12.47127657346772,3.5508389120098083,16.061285236130065,7.974923238169228,-87.90658205849631,-87.90360200145824,-87.90796026725587,-87.90739886538965,1,1,1,1,0,0,0.0,-6.0,-6.0,7,3,-15.0,3.0,-12.0,0,1,-3.0,7,3,-12.0,-32.40823403041911,-32.335707933044894,0,-9.331022640785513,-9.273370426219604,0.1591815707809703,0.16119422125823646,0.32037579203920674
614,68,0.0,-0.01,1.5,0.0,0.01,1.5,9.62214335349049,-1.0964189341209298,1.5,9.684408974956607,-6.50067116782628,3.628652500563358,16.233626534607158,8.53273903814754,-1.747901492703502,1.5,8.709925092750346,-11.576684255053546,3.0627070670757726,17.155785846982564,5.076013087227267,-87.73126070298113,-86.80910139060572,-87.73329185148629,-86.81310360793819,1,1,1,1,0,0,0.0,-6.0,-6.0,7,3,-15.0,3.0,-12.0,0,0,-6.0,7,3,-12.0,-40.037938845089144,-40.037938845089144,1,-9.159934312908952,-8.318781266008779,0.16522470884604348,0.19820819212564553,0.363432900971689
615,68,0.0,-0.01,1.5,0.0,0.01,1.5,9.76365096926899,-1.2018959301408088,1.5,9.83734893538886,-7.017749280925036,1.1380338103429781,16.097592009985885,4.968131224928666,-1.05871691130446,1.5,5.079685951551855,-12.029877350629434,1.3364650111715433,21.840889998615488,5.0121280697043975,-87.86729522760241,-82.1239972389728,-87.86945449147952,-82.1311264344631,1,1,1,1,0,0,0.0,-6.0,-6.0,7,3,-15.0,3.0,-12.0,0,1,-3.0,7,3,-12.0,-2.8699859723693346,-2.8070957993681676,0,-9.351095447443202,-4.334616476194047,0.15848642000780563,0.45268566232896745,0.6111720823367731
616,68,0.0,-0.01,1.5,0.0,0.01,1.5,6.281558538835158,-0.5952980486602694,1.5,6.309703435467599,-5.413704557496948,1.21150907933196,19.95518654859016,9.068708913023084,-2.0291399638628222,1.5,9.292948420285649,-12.612294926833947,1.0931868330582755,16.593044018310643,7.198590369336999,-84.00970068899812,-87.37184321927765,-84.01229715937929,-87.37592508389882,1,1,1,1,0,0,0.0,-6.0,-6.0,7,3,-15.0,3.0,-12.0,0,0,-6.0,7,2,-15.0,-2.682087689697127,-2.6328250381067697,0,-5.79407435445579,-8.78219960786126,0.33729540578831874,0.17934173285756908,0.5166371386458878
617,68,0.0,-0.01,1.5,0.0,0.01,1.5,8.347167030613601,-0.9468558763089229,1.5,8.400698392839933,-6.471649241821626,2.0600806301204666,17.468929365448794,6.731847635773851,-1.5413463435783958,1.5,6.9060496046681035,-12.896339906799128,3.41000383679719,19.172282655400387,6.4246906649775015,-86.49595787213951,-84.7926045821879,-86.4982884042807,-84.79821807188266,1,1,1,1,0,0,0.0,-6.0,-6.0,7,3,-15.0,3.0,-12.0,0,0,-6.0,7,3,-12.0,-25.7631274978529,-25.7631274978529,1,-8.039370708852271,-6.466079756695398,0.21046247690198303,0.29352056889570155,0.5039830457976846
618,69,0.0,-0.01,1.5,0.0,0.01,1.5,2.8008670371320394,-2.9820861400883247,1.5,4.091172681102534,-46.79487758948864,3.298265435032963,23.732598650735483,4.571390505990219,7.048243289013282,1.5,8.400913320549039,57.033130763873054,4.286387871632135,17.476225387322163,103.8280083533617,-80.2322885868528,-86.50601168327964,-80.26323775008058,-86.48866185026613,1,1,1,1,5,1,-45.0,-3.0,-48.0,4,1,60.0,-3.0,57.0,5,1,-48.0,4,1,57.0,-44.35000300337915,-44.35000300337915,1,-1.3483438508983105,-7.524598305872604,0.7933582664745509,0.23489805441210598,1.0282563208866569
619,69,0.0,-0.01,1.5,0.0,0.01,1.5,3.158253316775743,-3.3209319382783797,1.5,4.582919697267494,-46.43827351348017,2.8361435266232107,22.744967598109767,1.9110835762481848,3.0881633631688943,1.5,3.6316653745938883,58.24905953368682,1.3239369597490254,24.772314309201068,104.68733304716699,-81.21991963947852,-79.2332486095896,-81.24738680953965,-79.19257292838722,1,1,1,1,5,1,-45.0,-3.0,-48.0,4,1,60.0,-3.0,57.0,5,2,-45.0,4,1,57.0,-8.171610074060865,-8.148181694937456,0,-2.3881253350255642,-0.3152601441428187,0.6571968242134043,0.9485865003511954,1.6057833245645998
620,69,0.0,-0.01,1.5,0.0,0.01,1.5,3.0333630169811774,-3.378829594015606,1.5,4.540680633802031,-48.08391523065067,2.7006903949311694,22.825895713343716,3.0290675368072644,4.664339757851978,1.5,5.561592894056367,56.99991462962791,3.96383638893904,21.063198903146194,105.08382986027857,-81.13899152424457,-82.92788628146324,-81.16746031754134,-82.9016883344421,1,1,1,1,5,1,-45.0,-3.0,-48.0,4,1,60.0,-3.0,57.0,5,1,-48.0,4,1,57.0,-31.112184518804934,-31.112184518804934,1,-2.177095682819731,-3.938544498015829,0.6832435481433133,0.48931756789257086,1.1725611160358842
621,69,0.0,-0.01,1.5,0.0,0.01,1.5,5.829658028484708,-6.975703987081667,1.5,9.090949281811184,-50.114194924335266,2.3015609632405853,16.789225338629002,2.429559266710454,3.6358774602338095,1.5,4.372912431811881,56.24843538975208,2.9204057869198095,23.155185633043466,106.36263031408734,-87.1756618989593,-80.84273153997735,-87.19032539603056,-80.80970160454483,1,1,1,1,5,1,-45.0,-3.0,-48.0,4,1,60.0,-3.0,57.0,5,0,-51.0,4,1,57.0,-17.65064465124059,-17.571955439741547,0,-8.450636984332519,-1.8778605641469586,0.1926593384685778,0.7215511923494266,0.9142105308180044
622,69,0.0,-0.01,1.5,0.0,0.01,1.5,3.3920817110021293,-3.856086809207785,1.5,5.135720379290661,-48.662898497172975,4.716765571179839,21.75475149849841,1.3091436029384502,1.9241621062124032,1.5,2.327285282061144,55.76977490555799,2.9704316358862655,28.647971479005093,104.43267340273096,-82.21013573908989,-75.3786295831232,-82.23553385521936,-75.31691575858319,1,1,1,1,5,1,-45.0,-3.0,-48.0,4,1,60.0,-3.0,57.0,5,1,-48.0,4,1,57.0,-35.531894945411196,-35.531894945411196,1,-3.27081011139615,3.5570704421550117,0.5566888499438831,1.7085555202433969,2.26524437018728
623,69,0.0,-0.01,1.5,0.0,0.01,1.5,3.40812559552744,-3.9412808127835754,1.5,5.21047162165818,-49.14919571036464,2.376699960791167,21.62914783544309,3.103783572985495,4.924302057445453,1.5,5.820843858144292,57.77680245112097,3.8787493998810745,20.666989229447793,106.92599816148561,-82.33573940214521,-83.32314556437353,-82.36095720987927,-83.29789800814049,1,1,1,1,5,1,-45.0,-3.0,-48.0,4,1,60.0,-3.0,57.0,5,1,-48.0,4,1,57.0,-29.28438613095486,-29.28438613095486,1,-3.443515149274889,-4.366895537367462,0.538569109050614,0.44980562593958856,0.9883747349902026
624,69,0.0,-0.01,1.5,0.0,0.01,1.5,3.5284337438980033,-4.064704822513632,1.5,5.3825337880261985,-49.03984918636218,2.1201810873796663,21.34653084242103,3.381766981446279,5.408286455127328,1.5,6.378550799163866,57.982521075352906,2.35467614560408,19.871188064328482,107.02237026171508,-82.61835639516727,-84.11679135298596,-82.64272884468532,-84.09369917325981,1,1,1,1,5,1,-45.0,-3.0,-48.0,4,1,60.0,-3.0,57.0,5,1,-48.0,4,1,57.0,-12.065822001768156,-12.065822001768156,1,-3.713197445274261,-5.181799860913952,0.5112506180214802,0.3821287046103663,0.8933793226318465
625,69,0.0,-0.01,1.5,0.0,0.01,1.5,6.1775082623606785,-7.231460605743351,1.5,9.510816517205683,-49.49423983911617,1.4170774090141252,16.39666668431651,4.918180853221114,7.278658050944572,1.5,8.784495769682572,55.95315116080857,1.849024669942061,17.087936311170967,105.44739099992474,-87.56822055327177,-86.89333719750817,-87.58210860352214,-86.87695092641732,1,1,1,1,5,1,-45.0,-3.0,-48.0,4,1,60.0,-3.0,57.0,5,1,-48.0,4,1,57.0,-8.007005758643254,-8.007005758643254,1,-8.723419379338814,-7.9714116455023865,0.1816379394680676,0.21354767429495222,0.39518561376301986
626,69,0.0,-0.01,1.5,0.0,0.01,1.5,6.708247080045752,-7.372619308352445,1.5,9.96775272329895,-47.70136183550033,1.780023433872246,15.988578262008373,5.028567741488139,7.269533886407425,1.5,8.839265606166666,55.327158012122204,1.3610838932429519,17.033837436739816,103.02851984762253,-87.97630897557993,-86.94721307172213,-87.98919879511901,-86.93104980084847,1,1,1,1,5,1,-45.0,-3.0,-48.0,4,1,60.0,-3.0,57.0,5,1,-48.0,4,0,54.0,-7.467799727340126,-7.45389462552895,0,-9.016738247054812,-8.116614058426496,0.17044846954610215,0.20700608938766593,0.3774545589337681
627,69,0.0,-0.01,1.5,0.0,0.01,1.5,4.995985671633392,-5.863626829976698,1.5,7.703375392150426,-49.568008510944075,3.784456120094266,18.229040833624776,3.386780710847043,5.343141657395821,1.5,6.326092502830176,57.631200998009334,2.9509814126308784,19.942969228176526,107.1992095089534,-85.7358464039635,-84.04511280702998,-85.75301298153346,-84.02191800941176,1,1,1,1,5,1,-45.0,-3.0,-48.0,4,1,60.0,-3.0,57.0,5,0,-51.0,4,1,57.0,-37.1914065458315,-37.17285147203812,0,-6.903447166325105,-5.079700523511295,0.2678495289851421,0.39009243810847205,0.6579419670936142
628,70,0.0,-0.01,1.5,0.0,0.01,1.5,1.98853380443173,0.23756570642662997,1.5,2.0026742511546187,6.812710083234443,4.048881293197796,29.926911367067728,4.213752460253936,-2.5810885180259486,1.5,4.941429725715168,-31.48910217576066,1.8874308078618456,22.086199214498514,38.301812258995106,-74.04826544722218,-81.87868802308978,-74.03797587052057,-81.89705112600984,1,1,1,1,0,4,0.0,6.0,6.0,6,1,-30.0,-3.0,-33.0,0,4,6.0,6,2,-30.0,-9.014746297812724,-9.01234895701244,0,4.8677908512764,-3.0565515755197974,2.024128601559034,0.5798591750569888,2.6039877766160227
629,70,0.0,-0.01,1.5,0.0,0.01,1.5,9.355118109717052,1.2500124080176471,1.5,9.438260743746913,7.610669497487211,3.151158283652481,16.457451901571606,7.18005139348899,-4.638255412740239,1.5,8.547897477564721,-32.862134694474264,2.665261143220905,17.32240268953628,40.47280419196147,-87.50987231823973,-86.64248454805201,-87.50743533601667,-86.65351248256863,1,1,1,1,0,4,0.0,6.0,6.0,6,1,-30.0,-3.0,-33.0,1,0,9.0,6,1,-33.0,-29.10051508606155,-29.082335418648725,0,-8.684427882111569,-7.69038371252575,0.1831763037914239,0.2267561248590314,0.4099324286504553
630,70,0.0,-0.01,1.5,0.0,0.01,1.5,8.359887288999404,0.9048627013644837,1.5,8.408715240338113,6.17756664296646,4.598169491229605,17.460590678359736,1.7337086249144735,-1.0995625885676104,1.5,2.05299378525127,-32.38392094830758,4.219662456026246,29.72894134470922,38.561487591274044,-86.50651897572078,-74.23594589287907,-86.50429655922856,-74.2812646773597,1,1,1,1,0,4,0.0,6.0,6.0,6,1,-30.0,-3.0,-33.0,0,4,6.0,6,1,-33.0,-46.01113547760059,-46.01113547760059,1,-7.544084360061562,4.65042670478966,0.2339272871740096,1.9700119615089866,2.203939248682996
631,70,0.0,-0.01,1.5,0.0,0.01,1.5,6.680918446164909,0.6376468751738981,1.5,6.711278925936961,5.451966249536809,1.1162211209176207,19.4191935295115,7.323722882722985,-4.964424879334517,1.5,8.847735938954994,-34.13159322963305,1.4183969559002505,17.022941281479994,39.58355947916986,-84.54815452620174,-86.9419459561083,-84.54569370807678,-86.9529627468045,1,1,1,1,0,4,0.0,6.0,6.0,6,1,-30.0,-3.0,-33.0,0,4,6.0,6,1,-33.0,-3.5328387784440407,-3.5328387784440407,1,-5.600541748584354,-8.05729538940961,0.3509367954535675,0.20965566077696565,0.5605924562305331
632,70,0.0,-0.01,1.5,0.0,0.01,1.5,3.6006502710753416,0.3642648594235295,1.5,3.6190290496769677,5.776754116629967,1.612737099546404,24.784619652919826,6.816328526182077,-4.4842407981637065,1.5,8.159090029700579,-33.33961696349099,3.940191213936158,17.727091744804813,39.116371080120956,-79.18509933675577,-86.23779549278348,-79.18026758466847,-86.24949811167745,1,1,1,1,0,4,0.0,6.0,6.0,6,1,-30.0,-3.0,-33.0,0,4,6.0,6,1,-33.0,-26.91761673204465,-26.91761673204465,1,-0.22701014323879345,-7.291597122104464,0.9627871023900804,0.2467964168885765,1.2095835192786568
633,70,0.0,-0.01,1.5,0.0,0.01,1.5,5.830730078577176,0.5872962411027612,1.5,5.860232941107208,5.7516789775564146,2.6975727261927576,20.59725346540905,7.369409322514104,-4.935979569253256,1.5,8.869728748436637,-33.813903002438934,2.583945460258062,17.00131823799478,39.56558197999535,-83.37060331838603,-86.96356899959352,-83.36763377217923,-86.97446883490105,1,1,1,1,0,4,0.0,6.0,6.0,6,1,-30.0,-3.0,-33.0,0,4,6.0,6,1,-33.0,-20.753225570227272,-20.753225570227272,1,-4.4105916281753,-8.04572139319237,0.44593181664480686,0.21017629396024373,0.6561081106050506
634,70,0.0,-0.01,1.5,0.0,0.01,1.5,3.915476161021451,0.42016261966551044,1.5,3.9379550777645322,6.12486818555185,4.915070235444242,24.050988393326026,8.046324799681683,-5.493422676626272,1.5,9.742742708603375,-34.322308961506785,2.273094162756175,16.185478649490484,40.44717714705863,-79.91860455590822,-87.77940858809782,-79.91389884426226,-87.78946180912789,1,1,1,1,0,4,0.0,6.0,6.0,6,1,-30.0,-3.0,-33.0,0,4,6.0,6,1,-33.0,-40.843289697621614,-40.843289697621614,1,-0.9580408121140427,-8.918718689323285,0.8496308731658105,0.17411349906204032,1.023744372227851
635,70,0.0,-0.01,1.5,0.0,0.01,1.5,9.279015513724381,0.9389063266586276,1.5,9.326396624322673,5.777864363606997,2.3427775909028186,16.560732338976642,7.648989002203053,-4.952245200851188,1.5,9.11217675888571,-32.92054893391598,4.979627064960749,16.76681490753593,38.698413297522976,-87.40602936381998,-87.19807233005236,-87.40415489861165,-87.20843461212877,1,1,1,1,0,4,0.0,6.0,6.0,6,1,-30.0,-3.0,-33.0,0,4,6.0,6,1,-33.0,-54.51242282217011,-54.51242282217011,1,-8.444404906167476,-8.244537474273542,0.1929183003514645,0.20139784140985792,0.39431614176132246
636,70,0.0,-0.01,1.5,0.0,0.01,1.5,6.98977238486281,0.9197440928017189,1.5,7.05002462325022,7.4961573822111465,4.831172061713593,18.991864438673595,6.6916987653134195,-4.519635389447495,1.5,8.075019282902261,-34.03545653533817,1.0376363948095522,17.817223573386414,41.531613917549315,-84.97623732011402,-86.14766366420187,-84.9730227989147,-86.15970426770087,1,1,1,1,0,4,0.0,6.0,6.0,6,1,-30.0,-3.0,-33.0,0,4,6.0,6,1,-33.0,-41.48014057809917,-41.48014057809917,1,-6.1322346615774865,-7.253026508203549,0.31458711051475874,0.24881859542605891,0.5634057059408176
637,70,0.0,-0.01,1.5,0.0,0.01,1.5,3.29275663672127,0.2583603137344472,1.5,3.3028769762715857,4.486420011689062,2.0893117387941067,25.578247849842548,2.0579122159851133,-1.3439271982265764,1.5,2.4578736751171517,-33.146693826192724,1.0786519136887334,28.162180852313575,37.63311383788179,-78.39075353057342,-75.80270638527472,-78.38663938774575,-75.84135187534203,1,1,1,1,0,4,0.0,6.0,6.0,6,1,-30.0,-3.0,-33.0,0,3,3.0,6,1,-33.0,0.6306882997730425,0.6345357097202942,0,0.4465729578352652,3.113398014555759,1.0760801040970016,1.6078848867779767,2.683964990874978
638,71,0.0,-0.01,1.5,0.0,0.01,1.5,5.6165185073469335,2.3997876519234222,1.5,6.107721417819804,23.135718577674556,4.340841014112458,20.24207271330023,5.675727488240281,0.9913706470733248,1.5,5.76165759835179,9.907813747444468,4.932352546588516,20.745711733913442,13.227904830230088,-83.73399010126028,-83.2243644876838,-83.72281452428807,-83.21917550367486,1,1,1,1,2,0,30.0,-6.0,24.0,1,0,15.0,-6.0,9.0,2,0,24.0,1,0,9.0,-70.48223314819255,-70.48223314819255,1,-4.9311229524841504,-4.437100452702102,0.4019394707700306,0.4435956194366075,0.8455350902066381
639,71,0.0,-0.01,1.5,0.0,0.01,1.5,6.023418458384819,2.5989613127296103,1.5,6.560195868255472,23.339044964688682,3.830328675667968,19.620980777022563,3.200777903819332,0.5256206458035657,1.5,3.2436486019408814,9.325679896972137,2.1688382065527754,25.737701409350908,14.013365067716546,-84.3543983108917,-78.23586353593414,-84.34390646056572,-78.22718582823738,1,1,1,1,2,0,30.0,-6.0,24.0,1,0,15.0,-6.0,9.0,2,0,24.0,1,0,9.0,-25.135881376221754,-25.135881376221754,1,-5.511653032317183,0.3846472319944616,0.35736403440259074,1.0653026846291695,1.4226667190317603
640,71,0.0,-0.01,1.5,0.0,0.01,1.5,8.675255144316797,3.5810004872777714,1.5,9.385287225699525,22.430017883684016,1.0344587126780027,16.508653651864048,6.0900808614274355,1.0840675024837692,1.5,6.185813386181815,10.093241757971327,1.3838376186652144,20.128591759996066,12.336776125712689,-87.46329452305983,-83.84121740892867,-87.45623358572425,-83.83629547759222,1,1,1,1,2,0,30.0,-6.0,24.0,1,0,15.0,-6.0,9.0,2,0,24.0,1,0,9.0,-2.8470150055131667,-2.8470150055131667,1,-8.696399994659464,-5.06381462865664,0.18270266257428824,0.3913444498759236,0.5740471124502118
641,71,0.0,-0.01,1.5,0.0,0.01,1.5,6.318793719130505,2.387211526564121,1.5,6.7546971018309705,20.69633689331383,2.2468743874498442,19.36649680704805,4.4228353687367425,0.7645279301824031,1.5,4.488426857483328,9.807190242954913,4.448835424275945,22.915470642323935,10.889146650358917,-84.60747952963276,-81.05600908276529,-84.59839043054025,-81.04941659526435,1,1,1,1,2,0,30.0,-6.0,24.0,1,0,15.0,-6.0,9.0,2,0,24.0,1,0,9.0,-35.32134067887406,-35.32134067887406,1,-6.441233750158308,-2.3380145704351776,0.29504354816841466,0.6633099070119101,0.9583534551803248
642,71,0.0,-0.01,1.5,0.0,0.01,1.5,8.944309607442966,3.5478426619530166,1.5,9.622258669759944,21.636207611987963,3.143370213222005,16.2918613603842,6.4435469836424035,1.2501924853812356,1.5,6.563709239516238,10.980238902598042,2.6556971009119246,19.61360174494056,10.65596870938992,-87.67968038111883,-84.35632444651128,-87.6730258772041,-84.35128549264773,1,1,1,1,2,0,30.0,-6.0,24.0,1,0,15.0,-6.0,9.0,2,0,24.0,1,1,12.0,-27.923505916521613,-27.858879393476673,0,-9.094800795728952,-5.748942516847995,0.1675817635343783,0.34043386038675977,0.5080156239211381
643,71,0.0,-0.01,1.5,0.0,0.01,1.5,9.13590803680207,3.767585948836258,1.5,9.882283113672319,22.410915753256596,1.353370811228868,16.0602797103531,2.745327595255827,0.49051855246738596,1.5,2.7888047718669444,10.13036462340239,1.0485740544259063,27.051141087830363,12.280551129854206,-87.91130814570334,-76.92470294756322,-87.90460752723519,-76.91374614975793,1,1,1,1,2,0,30.0,-6.0,24.0,1,0,15.0,-6.0,9.0,2,0,24.0,1,0,9.0,-1.407432773403531,-1.407432773403531,1,-9.141580626720069,1.377803925440551,0.16588570817444703,1.2469232583743601,1.4128089665488073
644,71,0.0,-0.01,1.5,0.0,0.01,1.5,9.062396548644383,3.8821987808681877,1.5,9.858929890158265,23.18958737638281,4.6341978547830385,16.08094864187028,6.819437818685095,1.2017624753281189,1.5,6.924519132042259,9.994390440978922,2.365430409625932,19.148453395910984,13.195196935403889,-87.89087734262851,-84.82078817809436,-87.883938595718,-84.81643384167731,1,1,1,1,2,0,30.0,-6.0,24.0,1,0,15.0,-6.0,9.0,2,0,24.0,1,0,9.0,-47.6928760952104,-47.6928760952104,1,-9.007486572200596,-6.003879105775525,0.17079126711309592,0.32304071345312146,0.49383198056621735
645,71,0.0,-0.01,1.5,0.0,0.01,1.5,5.842998834427916,2.704298449837388,1.5,6.43846763484285,24.835980341302356,2.7308704035301368,19.78408661524248,9.37498870712502,1.6105618882611468,1.5,9.512324787066564,9.74788787044644,4.35454771441729,16.38988655933187,15.088092470855916,-84.19213205330905,-87.5780933840434,-84.18080062234581,-87.57500067825643,1,1,1,1,2,0,30.0,-6.0,24.0,1,0,15.0,-6.0,9.0,2,0,24.0,1,0,9.0,-45.384355802053385,-45.384355802053385,1,-5.323687530180246,-8.688686616884437,0.3712974973946866,0.18300768773380546,0.554305185128492
646,71,0.0,-0.01,1.5,0.0,0.01,1.5,7.046262291802767,3.1020194202445124,1.5,7.698852951476323,23.76082954757521,2.7924326139573745,18.23009880921815,4.644142887680743,0.8146500209777208,1.5,4.7150522603545575,9.949287500577665,1.3650750457003324,22.487512105225605,13.811542046997545,-85.74388046871098,-81.48374212660798,-85.73478842837014,-81.47737513236268,1,1,1,1,2,0,30.0,-6.0,24.0,1,0,15.0,-6.0,9.0,2,0,24.0,1,0,9.0,-12.963409877608159,-12.963409877608159,1,-6.8439513093860445,-2.769116085941243,0.27121753336654897,0.6121664029322493,0.8833839362987983
647,71,0.0,-0.01,1.5,0.0,0.01,1.5,8.409755183054033,4.018992999565927,1.5,9.320744979317055,25.542974622284937,1.5123525094180401,16.56908225711308,9.365995382058138,1.4284044662726136,1.5,9.474291995500344,8.671340527340266,4.593058691729674,16.424520440986974,16.87163409494467,-87.40384353879719,-87.54313149537937,-87.39580498047522,-87.54036679660132,1,1,1,1,2,0,30.0,-6.0,24.0,1,0,15.0,-6.0,9.0,2,1,27.0,1,0,9.0,-41.984752924787685,-41.96354051661216,0,-8.58769914016827,-8.614437152716395,0.1870455318063906,0.18596839957774333,0.37301393138413397
648,72,0.0,-0.01,1.5,0.0,0.01,1.5,5.363685450112256,0.43614895138644727,1.5,5.381388995003187,4.648787429613204,3.29900101519997,21.337483703006455,6.930183176513837,-3.8097417120959878,1.5,7.908322879910727,-28.798992250320183,1.1898755219764463,17.9976781327099,33.44777967993339,-82.63002067310379,-85.96720910487839,-82.62740353458184,-85.97779295321718,1,1,1,1,0,4,0.0,6.0,6.0,6,2,-30.0,0.0,-30.0,0,4,6.0,6,2,-30.0,-16.574925168006835,-16.574925168006835,1,-3.764710710810855,-7.090964865617267,0.5061657486520803,0.2574820201150485,0.7636477687671288
649,72,0.0,-0.01,1.5,0.0,0.01,1.5,2.5169679178525923,0.3008313421095148,1.5,2.534882047728183,6.8157351907895105,2.4557025366068572,27.878925121600567,8.143694121901285,-4.6330062034842765,1.5,9.369338313489024,-29.63585933921783,3.3737745824768797,16.52448259782626,36.45159453000734,-76.09409611444138,-87.44040463976204,-76.08596211598773,-87.44957351159084,1,1,1,1,0,4,0.0,6.0,6.0,6,2,-30.0,0.0,-30.0,0,4,6.0,6,2,-30.0,-20.18563745379583,-20.18563745379583,1,2.8267610935052128,-8.49239935139466,1.5446032690666305,0.19093235228957725,1.7355356213562076
650,72,0.0,-0.01,1.5,0.0,0.01,1.5,7.223832621066536,0.6956684101151587,1.5,7.257252391505836,5.500726472163488,3.6006005358005058,18.739772357050185,4.252453916625477,-2.5251311700773167,1.5,4.945669999011195,-30.702079998656927,3.7897404566637056,22.078533483637727,36.20280647082041,-85.22740928820926,-81.88635375395057,-85.2251148805381,-81.90428587954099,1,1,1,1,0,4,0.0,6.0,6.0,6,2,-30.0,0.0,-30.0,0,4,6.0,6,2,-30.0,-41.30408016486659,-41.30408016486659,1,-6.276889642070938,-2.9679935518318845,0.30529777269271957,0.589662356596159,0.8949601292888785
651,72,0.0,-0.01,1.5,0.0,0.01,1.5,5.354373973890615,0.6293982352371627,1.5,5.391239448475353,6.704262674798086,4.271949307406116,21.32217327883264,4.934808654381011,-3.0489742147875463,1.5,5.800739626788386,-31.709868265104372,3.6384465434757485,20.69227483813822,38.414130939902456,-82.64647605068151,-83.27261239945008,-82.64271395875566,-83.28835345969722,1,1,1,1,0,4,0.0,6.0,6.0,6,2,-30.0,0.0,-30.0,0,4,6.0,6,1,-33.0,-47.79358544071638,-47.71206071061521,0,-3.7099939104626816,-4.481539935812715,0.5115682399938496,0.43970266491063004,0.9512709049044796
652,72,0.0,-0.01,1.5,0.0,0.01,1.5,8.120331411880981,0.651466824963275,1.5,8.14642199145175,4.586823403757874,2.0450355698696248,17.73558540564578,4.68275205995357,-2.5445012832990983,1.5,5.32941400490806,-28.518653852904215,1.6620661945357647,21.42826162389092,33.10547725666209,-86.23100563280192,-82.53662561369737,-86.22930183194251,-82.55218801880646,1,1,1,1,0,4,0.0,6.0,6.0,6,2,-30.0,0.0,-30.0,0,4,6.0,6,2,-30.0,-8.389331803309602,-8.389331803309602,1,-7.373809648455662,-3.706644259776733,0.2425363905571602,0.5119005247740912,0.7544369153312513
653,72,0.0,-0.01,1.5,0.0,0.01,1.5,8.739436816588126,0.7249882541835916,1.5,8.769456302407818,4.742167477862063,2.0836213921314615,17.09543781700981,2.388081591309161,-1.360155263520515,1.5,2.74826418446849,-29.66409978444809,3.163606995363888,27.18852073503637,34.40626726231015,-86.87108793394115,-76.77636650255192,-86.86944942057849,-76.80764995399848,1,1,1,1,0,4,0.0,6.0,6.0,6,2,-30.0,0.0,-30.0,0,4,6.0,6,2,-30.0,-11.612240171237245,-11.612240171237245,1,-7.991574891241258,2.144016553148047,0.21262795371840615,1.3996255869156715,1.6122535406340777
654,72,0.0,-0.01,1.5,0.0,0.01,1.5,4.389481087006694,0.30765024858465084,1.5,4.400249184835294,4.009194225896491,1.397197673666661,23.085890365904564,4.078859805873812,-2.4964492885232827,1.5,4.782191586097461,-31.468544143440177,4.887158157589035,22.37101193064774,35.47773836933667,-80.88175671071595,-81.59387530694055,-80.87899687168373,-81.61283831101048,1,1,1,1,0,4,0.0,6.0,6.0,6,2,-30.0,0.0,-30.0,0,3,3.0,6,2,-30.0,-36.246221395270965,-36.169977390474585,0,-2.1317656492351293,-2.765735909690752,0.688942569708499,0.6125547750811859,1.301497344789685
655,72,0.0,-0.01,1.5,0.0,0.01,1.5,3.2693968557268613,0.3621748213480738,1.5,3.289396054210438,6.321295993622569,4.32062872751442,25.614622514772854,4.5504314123537934,-2.8137101293947797,1.5,5.350083245221043,-31.730126718519998,2.453433681351921,21.395400355088242,38.05142271214257,-78.35607902877788,-82.56948688250006,-78.35026472281544,-82.58656487206595,1,1,1,1,0,4,0.0,6.0,6.0,6,2,-30.0,0.0,-30.0,0,4,6.0,6,1,-33.0,-26.700130502776172,-26.636156020350967,0,0.5982833413086778,-3.783763808329679,1.1027924011909223,0.5042957435107313,1.6070881447016534
656,72,0.0,-0.01,1.5,0.0,0.01,1.5,6.898581766700984,0.5007779824109806,1.5,6.916733982128189,4.151900507040359,1.4087596892290568,19.156956147837455,2.053372445627517,-1.1161656514178564,1.5,2.337127331119847,-28.527477543239907,3.1800268236648277,28.59813703330397,32.67937805028026,-84.80974910109906,-75.36675020428432,-84.80793108975084,-75.40224914027664,1,1,1,1,0,4,0.0,6.0,6.0,6,2,-30.0,0.0,-30.0,0,3,3.0,6,2,-30.0,-4.857148751042141,-4.817184163671336,0,-6.028776662136652,3.4366637185083935,0.32138525242438254,1.6809135489597864,2.002298801384169
657,72,0.0,-0.01,1.5,0.0,0.01,1.5,3.5645014330607667,0.37585612192735335,1.5,3.5842625867369886,6.019266942804669,1.0763499353969,24.86858913943091,6.339804913022001,-3.85530820119705,1.5,7.420008602514901,-31.30426488203252,4.491209892340481,18.552067327396855,37.32353182483719,-79.10138037824746,-85.41281991019144,-79.09629809815739,-85.42498319862892,1,1,1,1,0,4,0.0,6.0,6.0,6,2,-30.0,0.0,-30.0,0,4,6.0,6,2,-30.0,-34.08357680164417,-34.08357680164417,1,-0.14072446633478977,-6.552117031059039,0.9768155093699213,0.28830140465372384,1.2651169140236451
658,73,0.0,-0.01,1.5,0.0,0.01,1.5,5.050270576333998,8.370877753199919,1.5,9.776340176835207,58.896817009942936,4.052799522944218,16.15816057713921,2.8188046381179275,2.3583892933576327,1.5,3.6752768122821786,39.917972896814135,3.1126855963301887,24.66343702067181,18.9788441131288,-87.82194170681676,-79.33178169250755,-87.80672666044909,-79.30145021691648,1,1,1,1,4,2,60.0,0.0,60.0,3,0,45.0,-6.0,39.0,4,2,60.0,3,0,39.0,-38.48219114802485,-38.48219114802485,1,-8.926497447598202,-0.40929490548214825,0.1738199568580269,0.9336187227154826,1.1074386795735096
659,73,0.0,-0.01,1.5,0.0,0.01,1.5,1.6750618845674357,2.858648608038048,1.5,3.3132618642915137,59.631281806615185,4.28287298294503,25.571600254729386,2.8934711765226684,2.3865993353434574,1.5,3.7507375057219488,39.51657006452507,4.899869686689433,24.486474392563405,20.114711742090115,-78.4385233063102,-79.50788347332447,-78.39328698285891,-79.47841284502489,1,1,1,1,4,2,60.0,0.0,60.0,3,0,45.0,-6.0,39.0,4,2,60.0,3,0,39.0,-50.27942117449685,-50.27942117449685,1,0.4930437558909495,-0.5495333760827789,1.084215819616936,0.9116099386452566,1.9958257582621926
660,73,0.0,-0.01,1.5,0.0,0.01,1.5,2.0126999016951026,3.4860984901248013,1.5,4.025399803390204,60.0,1.5932709100129308,23.876598061973013,6.938268432133926,6.285924561947503,1.5,9.362286923334548,42.175912564181374,1.2958168266252694,16.532667265698592,17.824087435818626,-80.12566231744388,-87.4446781108569,-80.08828917561529,-87.4322199718897,1,1,1,1,4,2,60.0,0.0,60.0,3,0,45.0,-6.0,39.0,4,2,60.0,3,1,42.0,-2.747328804507995,-2.6600627184705057,0,-1.17538467788353,-9.019396040024901,0.8179418962417799,0.17035011161825894,0.9882920078600389
661,73,0.0,-0.01,1.5,0.0,0.01,1.5,1.8894355821125002,3.2725984258473266,1.5,3.7788711642249995,60.0,2.5763896690045667,24.426757151210722,6.119749153027532,5.274099834392916,1.5,8.078827808483393,40.75530074502669,1.3437596305325492,17.81412881081367,19.244699254973312,-79.57794113281336,-86.16479535333097,-79.53813008637758,-86.15075842677463,1,1,1,1,4,2,60.0,0.0,60.0,3,0,45.0,-6.0,39.0,4,2,60.0,3,0,39.0,-6.90550764082499,-6.90550764082499,1,-0.6296327929282662,-7.359376270347335,0.8992073903957566,0.24327936958935129,1.1424867599851078
662,73,0.0,-0.01,1.5,0.0,0.01,1.5,4.283237068528842,7.0626492875242946,1.5,8.259971836742967,58.76472886237603,3.8772909385682883,17.623500115972146,2.2229369608982426,1.7606886891931144,1.5,2.8357491765634144,38.38116602635335,2.6372712146272796,26.919727486542957,20.383562836022683,-86.35936988350358,-77.08319485418755,-86.34138712161615,-77.04515975104533,1,1,1,1,4,2,60.0,0.0,60.0,3,0,45.0,-6.0,39.0,4,2,60.0,3,0,39.0,-28.25869656672037,-28.25869656672037,1,-7.482588087915722,1.8781623086188313,0.237003573703243,1.345423758252509,1.582427331955752
663,73,0.0,-0.01,1.5,0.0,0.01,1.5,4.663191555788047,7.102210062610226,1.5,8.496278200448412,56.711771366965934,1.8925754007660096,17.37805044714049,2.451411085289152,1.9571686782371611,1.5,3.1368655604203273,38.603324845805666,3.4718478852736174,26.041426642855395,18.108446521160268,-86.60392713641488,-77.95801347631183,-86.58683679044779,-77.9234605947329,1,1,1,1,4,2,60.0,0.0,60.0,3,0,45.0,-6.0,39.0,4,1,57.0,3,0,39.0,-14.858857793332195,-14.776749590063503,0,-8.233385695641672,1.0136226059859426,0.20188105462622605,1.1781604055412924,1.3800414601675184
664,73,0.0,-0.01,1.5,0.0,0.01,1.5,1.5832265208794771,2.7422287740537614,1.5,3.1664530417589534,60.0,1.4787165068164696,25.966393746082232,4.238915602702909,3.2683095812229395,1.5,5.3525931104046975,37.63311887300167,4.786191188568093,21.39269933461073,22.36688112699833,-78.04600280617953,-82.59200636303574,-77.99849349150607,-82.57218790297756,1,1,1,1,4,2,60.0,0.0,60.0,3,0,45.0,-6.0,39.0,4,2,60.0,3,0,39.0,-35.086972388174104,-35.086972388174104,1,0.8952705547170013,-3.7112477022083663,1.1563511431405953,0.5114439102945855,1.6677950534351806
665,73,0.0,-0.01,1.5,0.0,0.01,1.5,1.0946253384123097,1.895946701382396,1.5,2.189250676824619,60.0,2.5427979940615875,29.182573576700413,7.500875294075182,6.231833777881566,1.5,9.75186558625646,39.720284083308506,4.009855375716754,16.17801427215631,20.279715916691494,-74.8510330636803,-87.7982562714061,-74.78231366088788,-87.78687296543198,1,1,1,1,4,2,60.0,0.0,60.0,3,0,45.0,-6.0,39.0,4,2,60.0,3,0,39.0,-28.40651807316284,-28.40651807316284,1,4.064480495922302,-8.853325866122102,1.8275991909944083,0.17659969035632353,2.0041988813507317
666,73,0.0,-0.01,1.5,0.0,0.01,1.5,2.982379868804364,5.16563346023976,1.5,5.964759737608727,60.0,3.968193920184103,20.454836356355276,1.951985968473449,1.566740452755549,1.5,2.5029831935947735,38.7518938430225,1.604426757269266,28.006626183265833,21.2481061569775,-83.5352728193722,-76.00170441376518,-83.51005088123301,-75.95826105432246,1,1,1,1,4,2,60.0,0.0,60.0,3,0,45.0,-6.0,39.0,4,2,60.0,3,0,39.0,-23.011314805650834,-23.011314805650834,1,-4.577036172304344,2.970500534405476,0.4314358842088364,1.5761619220334018,2.007597806242238
667,73,0.0,-0.01,1.5,0.0,0.01,1.5,3.629046011783664,6.285692075414507,1.5,7.258092023567326,60.0,4.93127217968731,18.74799617287024,5.19517204541885,3.889006129165735,1.5,6.489543994318101,36.81782170436504,1.4272308615943365,19.71781283078058,23.182178295634962,-85.23761805421542,-84.26311720874068,-85.21689106471804,-84.24707440680771,1,1,1,1,4,2,60.0,0.0,60.0,3,0,45.0,-6.0,39.0,4,2,60.0,2,4,36.0,-44.436659113440584,-44.347229440426126,0,-6.277221208298041,-5.5387326529046765,0.305276766161333,0.35539509091980015,0.6606718570811332
668,74,0.0,-0.01,1.5,0.0,0.01,1.5,7.574248789092105,1.7361197642802857,1.5,7.770672850853256,12.909955874800318,1.7553339682740274,18.14739770574652,6.98533690998098,2.8294194144171807,1.5,7.536613693736961,22.050469822282057,2.529227163752702,18.41487365005361,9.14051394748174,-85.82248503229594,-85.55866722664442,-85.81748953184177,-85.55001358753469,1,1,1,1,1,1,15.0,-3.0,12.0,1,4,15.0,6.0,21.0,1,1,12.0,1,4,21.0,-14.265518575630386,-14.265518575630386,1,-7.284721261292577,-6.909929727244487,0.24715579714396305,0.26748486558788076,0.5146406627318438
669,74,0.0,-0.01,1.5,0.0,0.01,1.5,8.5624729169376,1.804206033136934,1.5,8.750491521240255,11.898782527061027,1.1856171652264873,17.115469283661252,6.354377051677159,2.645005683489695,1.5,6.8828891303415665,22.599491313359987,1.1295515739434276,19.203505262747257,10.70070878629896,-86.85350938268775,-84.77108142703469,-86.84941795392703,-84.76138197484103,1,1,1,1,1,1,15.0,-3.0,12.0,1,4,15.0,6.0,21.0,1,1,12.0,2,0,24.0,-2.7479587508114998,-2.7099856572870813,0,-8.136689259614336,-6.2101061720329165,0.20611647006612624,0.30955541245923984,0.5156718825253661
670,74,0.0,-0.01,1.5,0.0,0.01,1.5,9.759557139892225,1.892483851508524,1.5,9.94135054683426,10.974078043758329,4.330511678987053,16.00683109730548,7.385347234949263,2.8505662381384727,1.5,7.916380590824803,21.10538780745216,4.996842003063861,17.98748996410174,10.131309763693832,-87.96138317157649,-85.98529744740928,-87.95805614028282,-85.97739727348655,1,1,1,1,1,1,15.0,-3.0,12.0,1,4,15.0,6.0,21.0,1,0,9.0,1,4,21.0,-79.4661834211882,-79.39107782342036,0,-9.208673642287204,-7.312998376697228,0.1634814317356616,0.24568090323055597,0.40916233496621757
671,74,0.0,-0.01,1.5,0.0,0.01,1.5,5.848137283185359,1.5645037634911294,1.5,6.053790689226093,14.977146041053915,1.2277685099797675,20.31722736407218,6.855081848039057,2.726613591553352,1.5,7.377436466751716,21.69022382088265,3.2833521603575373,18.600313344804334,6.713077779828735,-83.65507569219685,-85.37327552102953,-83.6476598735161,-85.36457389278397,1,1,1,1,1,1,15.0,-3.0,12.0,1,4,15.0,6.0,21.0,1,1,12.0,1,4,21.0,-19.105488543384187,-19.105488543384187,1,-6.019454793206083,-6.726665069401082,0.3220041830428019,0.2779699358805575,0.5999741189233594
672,74,0.0,-0.01,1.5,0.0,0.01,1.5,4.435947311916947,0.9142110510926862,1.5,4.529173257896322,11.645129676271377,2.6855659284422235,22.83755112953662,7.746135587981201,2.4247127756066624,1.5,8.116763430800422,17.38128103799195,3.370223356058053,17.76961135061728,5.736151361720573,-81.13507836238082,-86.2016698373198,-81.12733610805167,-86.19527588697102,1,1,1,1,1,1,15.0,-3.0,12.0,1,4,15.0,6.0,21.0,1,1,12.0,1,4,21.0,-28.234618578596898,-28.234618578596898,1,-2.993048751577251,-8.470560676178268,0.5868752732399355,0.1918336265036615,0.778708899743597
673,74,0.0,-0.01,1.5,0.0,0.01,1.5,7.141013066963515,1.423236579978622,1.5,7.281460704084924,11.271614977871078,3.8466569969445414,18.712031463967836,6.7541267050516645,2.5746938886500472,1.5,7.228227733555713,20.867000499003552,1.5343602868820247,18.777714968358573,9.595385521132474,-85.25751826579972,-85.19573135043152,-85.25285577362047,-85.18717226922972,1,1,1,1,1,1,15.0,-3.0,12.0,1,4,15.0,6.0,21.0,1,1,12.0,1,4,21.0,-27.938435334577502,-27.938435334577502,1,-6.627970083069971,-6.599074426846229,0.2837697272307603,0.28548838519842096,0.5692581124291813
674,74,0.0,-0.01,1.5,0.0,0.01,1.5,4.1902097629327555,0.8004643073969635,1.5,4.265981828933813,10.815027380579426,1.446476081591185,23.357495843714386,7.853584021712749,2.413699299117387,1.5,8.21612599055428,17.08414578338907,2.4242704044770655,17.663837306100497,6.269118402809642,-80.61503303369257,-86.30726168456692,-80.60739139387391,-86.3010499314878,1,1,1,1,1,1,15.0,-3.0,12.0,1,4,15.0,6.0,21.0,1,0,9.0,1,3,18.0,-10.506221721656567,-10.425553730074913,0,-2.483720599180898,-8.70329463973465,0.6456585022855112,0.1824304178638456,0.8280889201493569
675,74,0.0,-0.01,1.5,0.0,0.01,1.5,9.212191915381661,2.2211095162592276,1.5,9.476170501264766,13.555605359900852,2.3017118073355647,16.42356521878529,5.1682018104795695,1.7988313255775983,1.5,5.4723033625452056,19.190834427686422,1.4295601112223482,21.195880495176866,5.63522906778557,-87.54561928454274,-82.77944072747556,-87.54132201880302,-82.76900674241142,1,1,1,1,1,1,15.0,-3.0,12.0,1,4,15.0,6.0,21.0,1,1,12.0,1,4,21.0,-10.58281700709719,-10.58281700709719,1,-9.00451702538117,-4.841797556969395,0.17090143381727207,0.4092111716883159,0.580112605505588
676,74,0.0,-0.01,1.5,0.0,0.01,1.5,6.583095736576681,1.4466419165924307,1.5,6.7401722761199725,12.393810172500412,2.5998357573323188,19.383415869111058,5.948129761076214,2.3282790526434027,1.5,6.387576301037714,21.376887251027995,3.9298930281597544,19.852304554970917,8.983077078527582,-84.58700465139573,-84.12249580528197,-84.58147136847722,-84.11258268261736,1,1,1,1,1,1,15.0,-3.0,12.0,1,4,15.0,6.0,21.0,1,1,12.0,1,4,21.0,-35.34467257058103,-35.34467257058103,1,-6.084213381970159,-5.581849662496828,0.3177263974622206,0.35227982046820444,0.670006217930425
677,74,0.0,-0.01,1.5,0.0,0.01,1.5,6.387960771488519,1.5112511788365242,1.5,6.564291503552457,13.310203695278926,4.4927359558032,19.613357224599444,7.514017547654053,2.504416246708569,1.5,7.920388907322093,18.433190114865706,1.4487496271723148,17.98261057898115,5.1229864195867805,-84.35762225026812,-85.98921329421228,-84.35153001298885,-85.98227665860713,1,1,1,1,1,1,15.0,-3.0,12.0,1,4,15.0,6.0,21.0,1,1,12.0,1,4,21.0,-37.31332678002011,-37.31332678002011,1,-6.052117374742347,-7.858856125665305,0.31984018977882506,0.21874988920562452,0.5385900789844495
678,75,0.0,-0.01,1.5,0.0,0.01,1.5,2.3257970805347554,3.547139961236118,1.5,4.241642837913414,56.74785122927918,2.7461611433508435,23.42053110998521,4.227282798991249,4.062976132344682,1.5,5.863249518368619,43.86458959982441,2.934754427176763,20.601576372716185,12.883261629454765,-80.57860738247345,-83.38384222442494,-80.54435612760308,-83.36331086487212,1,1,1,1,4,1,60.0,-3.0,57.0,3,1,45.0,-3.0,42.0,4,1,57.0,3,1,42.0,-19.6865193688299,-19.6865193688299,1,-1.8192904290814016,-4.767850790168749,0.7292397678348974,0.4153167682092169,1.1445565360441143
679,75,0.0,-0.01,1.5,0.0,0.01,1.5,1.2820520941642366,1.8472295903091438,1.5,2.248536130789228,55.23778700373846,1.3947920686188415,28.947845942292684,5.502713286754437,5.420153418959472,1.5,7.723853740282882,44.56694135056749,2.1434360203380978,18.205288402664557,10.670845653170971,-75.0805121138906,-85.7753823173306,-75.0170412952956,-85.75959883492374,1,1,1,1,4,1,60.0,-3.0,57.0,3,1,45.0,-3.0,42.0,4,1,57.0,3,1,42.0,-5.441706504712325,-5.441706504712325,1,2.6244368252639543,-7.280026373198464,1.5007861416759498,0.2474014601869371,1.7481876018628868
680,75,0.0,-0.01,1.5,0.0,0.01,1.5,1.6534051072370768,2.4980569004226867,1.5,2.995669662427259,56.50036182370677,4.491576745154351,26.4483974732727,1.533223364441179,1.4781472870160821,1.5,2.1297167152889918,43.95221300503079,2.4428319145755264,29.41594436129911,12.548148818675976,-77.56484664823654,-74.60555503547457,-77.5164897643156,-74.54894287628919,1,1,1,1,4,1,60.0,-3.0,57.0,3,1,45.0,-3.0,42.0,4,1,57.0,3,1,42.0,-20.873851394914823,-20.873851394914823,1,0.9545654052732405,2.9576773735615856,1.1672445905008402,1.5733321711488732,2.7405767616497134
681,75,0.0,-0.01,1.5,0.0,0.01,1.5,1.7116567399500915,2.4435939234211497,1.5,2.983440976120919,54.99002852865684,1.361408161297434,26.483591129995368,2.142485588030461,1.8726192508538595,1.5,2.8455135483048926,41.154775058853154,1.6229962785615797,26.890946032417048,13.835253469803689,-77.52898801684518,-77.11411816841354,-77.48129610759293,-77.07394120517124,1,1,1,1,4,1,60.0,-3.0,57.0,3,1,45.0,-3.0,42.0,4,1,57.0,3,0,39.0,1.989615732137135,2.046569365788518,0,0.5159114302144163,1.561263838926234,1.0882344124442915,1.2825019243363354,2.370736336780627
682,75,0.0,-0.01,1.5,0.0,0.01,1.5,5.142758736493488,8.256263258629787,1.5,9.72696511855472,58.081559750957894,4.665067418177523,16.202111519069323,3.2136999657144463,2.903844731437444,1.5,4.331302540106155,42.10043169650555,1.160392445185535,23.235150202150145,15.981128054452341,-87.77793471010219,-80.75662730386652,-87.76277571851898,-80.72973703543815,1,1,1,1,4,1,60.0,-3.0,57.0,3,1,45.0,-3.0,42.0,4,1,57.0,3,1,42.0,-39.83814772348979,-39.83814772348979,1,-8.899242928896207,-1.947947527289542,0.17485049079344483,0.7124330804887978,0.8872835712822427
683,75,0.0,-0.01,1.5,0.0,0.01,1.5,3.8525648073497294,6.240894455994217,1.5,7.33423610239601,58.312563231140814,3.990338387933764,18.657061957689745,3.727827240427784,3.2924904948919864,1.5,4.973649524587504,41.45157653410418,3.955372838837276,22.032132070698736,16.860986697036637,-85.32798084451665,-81.95587608398787,-85.30782527989855,-81.93275516688956,1,1,1,1,4,1,60.0,-3.0,57.0,3,1,45.0,-3.0,42.0,4,2,60.0,3,1,42.0,-49.3324743404462,-49.26533198550799,0,-6.4930960696285736,-3.0934655216208946,0.2918726048250919,0.5758121569876617,0.8676847618127537
684,75,0.0,-0.01,1.5,0.0,0.01,1.5,3.8410119781046768,5.478053052825464,1.5,6.6904736951514865,54.963255657085405,3.9031613495828723,19.455573676889557,3.5554441534403582,3.0808120906739975,1.5,4.704528272449461,40.90911110612946,4.995161243127571,22.515844001366734,14.054144550955947,-84.53057288996732,-81.47322409520838,-84.50931356069873,-81.44904323622156,1,1,1,1,4,1,60.0,-3.0,57.0,3,1,45.0,-3.0,42.0,4,1,57.0,3,1,42.0,-62.79086154518023,-62.79086154518023,1,-5.937827426378584,-2.6470063662892107,0.32746946424008994,0.626322247517557,0.953791711757647
685,75,0.0,-0.01,1.5,0.0,0.01,1.5,2.9045498900719053,4.548350467053069,1.5,5.3966565607845185,57.43793774876005,3.5667323864804845,21.325154044054507,2.7650988493902653,2.6069129437667122,1.5,3.8002324591105996,43.313338297333786,4.103169009891232,24.37355199523747,14.124599451426263,-82.66686353562314,-79.62269375979703,-82.6397331935338,-79.59133524235082,1,1,1,1,4,1,60.0,-3.0,57.0,3,1,45.0,-3.0,42.0,4,2,60.0,3,1,42.0,-38.848914814158306,-38.789020340460816,0,-3.8099522037827205,-1.0748639664425432,0.5017348517347533,0.8324873358549765,1.3342221875897298
686,75,0.0,-0.01,1.5,0.0,0.01,1.5,5.440610013244505,8.126664553584519,1.5,9.779719529858893,56.19862577238196,3.0342725044283587,16.15493208802122,6.978247070119314,6.678073883372243,1.5,9.65880960384908,43.74081110300446,3.9269160067895497,16.2618232493623,12.457814669377498,-87.82471516962629,-87.71549921407755,-87.80995514956707,-87.70306398822599,1,1,1,1,4,1,60.0,-3.0,57.0,3,1,45.0,-3.0,42.0,4,1,57.0,3,2,45.0,-44.218963078836275,-44.20581777662666,0,-8.94118878201689,-8.96620708775644,0.1732668289154162,0.1723287019660738,0.34559553088149
687,75,0.0,-0.01,1.5,0.0,0.01,1.5,3.5372211254338186,5.616977823225474,1.5,6.637949469288093,57.799843611784326,1.0106791355544091,19.52447609688118,6.193206904263739,5.91922941645912,1.5,8.566976633777813,43.70421796859773,1.8110200809203691,17.304531516088325,14.095625643186594,-84.4625570960166,-86.67436563236026,-84.44041114070711,-86.66035572149997,1,1,1,1,4,1,60.0,-3.0,57.0,3,1,45.0,-3.0,42.0,4,1,57.0,3,1,42.0,-5.393813339891819,-5.393813339891819,1,-5.588329152446574,-7.93343689114675,0.3518137565277993,0.21528987284820478,0.5671036293760041
688,76,0.0,-0.01,1.5,0.0,0.01,1.5,6.686460195193288,4.152733030572372,1.5,7.8710826170934745,31.84300965764726,2.3104504690414855,18.039207640784642,6.108909914392437,4.980146542421132,1.5,7.881664794074369,39.1878384335281,2.833694992328606,18.02868075656307,7.344828775880838,-85.93732263216535,-85.95013310793532,-85.92567959680365,-85.93620648102522,1,1,1,1,2,3,30.0,3.0,33.0,3,0,45.0,-6.0,39.0,2,2,30.0,3,0,39.0,-21.61254982547636,-21.53843762166783,0,-7.485948855929502,-7.48434888944228,0.23683449761558154,0.23691497610717693,0.47374947372275844
689,76,0.0,-0.01,1.5,0.0,0.01,1.5,8.262390538237716,5.220624082973333,1.5,9.773536372372146,32.28690639189829,2.9925856202107135,16.157789558316743,5.89154276888275,4.899256268397653,1.5,7.662440093143196,39.74604393893419,4.323863050750855,18.273984097584282,7.459137547035901,-87.8165925701684,-85.70540127851403,-87.80709767927155,-85.69090314000402,1,1,1,1,2,3,30.0,3.0,33.0,3,0,45.0,-6.0,39.0,2,2,30.0,3,0,39.0,-48.79887390663921,-48.703601742874895,0,-9.192684183506621,-7.251442524777625,0.16405140926927703,0.24890196412087578,0.4129533733901528
690,76,0.0,-0.01,1.5,0.0,0.01,1.5,8.048726926831518,5.102839904829633,1.5,9.530004209706544,32.37442840593414,4.714483654857151,16.37709358973304,4.914012498945287,4.179072352751015,1.5,6.4507491479144035,40.37916622679912,2.5542585975348473,19.770595993457373,8.004737820864982,-87.59755306171581,-84.21173882725525,-87.58779364785525,-84.19429124413092,1,1,1,1,2,3,30.0,3.0,33.0,3,0,45.0,-6.0,39.0,2,3,33.0,3,1,42.0,-50.702136409499644,-50.62097581554672,0,-8.987618289998121,-5.948450042718484,0.17152963236295593,0.32675358861911574,0.4982832209820717
691,76,0.0,-0.01,1.5,0.0,0.01,1.5,6.396976318303003,4.158358107736167,1.5,7.629760688848934,33.025904414909,2.828060766822786,18.310061471532286,5.3138523828247415,4.366709553236737,1.5,6.877876087047596,39.411986075471404,4.229204456677898,19.213007128065858,6.386081660562404,-85.66723478125184,-84.76791688519523,-85.654825766056,-84.75188010952243,1,1,1,1,2,3,30.0,3.0,33.0,3,0,45.0,-6.0,39.0,2,2,30.0,3,0,39.0,-43.71598916943549,-43.70907895122895,0,-7.263961130012435,-6.434547915104208,0.24824377871917422,0.2954545824253414,0.5436983611445156
692,76,0.0,-0.01,1.5,0.0,0.01,1.5,6.7710961436944945,4.325053367169518,1.5,8.034539788688512,32.56850007411935,3.3961694091446657,17.860674195055207,5.264920246854651,4.448950889420797,1.5,6.892934732189051,40.198402156149186,3.195834754779953,19.19412546369348,7.629902082029837,-86.11585130040018,-84.78702679342474,-86.10421304253309,-84.7707617738948,1,1,1,1,2,3,30.0,3.0,33.0,3,0,45.0,-6.0,39.0,2,3,33.0,3,1,42.0,-36.36566510778242,-36.300534760935626,0,-7.637822984909467,-6.444884795386704,0.2293088216996244,0.2948193054655183,0.5241281271651428
693,76,0.0,-0.01,1.5,0.0,0.01,1.5,6.596711131754805,4.017133906286042,1.5,7.7235977741497335,31.339747344919708,3.4951189073159936,18.203531092705866,6.801083584324598,5.09022613151064,1.5,8.495006768148174,36.812775608166824,1.0822444816374075,17.376928829152845,5.473028263247116,-85.77305489441318,-86.60021177233085,-85.76135614488243,-86.58795840843545,1,1,1,1,2,3,30.0,3.0,33.0,3,0,45.0,-6.0,39.0,2,2,30.0,3,0,39.0,-22.30973205989139,-22.237727584722638,0,-7.375394260485084,-8.46373776181454,0.24245494741649312,0.1921160202596781,0.4345709676761712
694,76,0.0,-0.01,1.5,0.0,0.01,1.5,6.2570534298934755,3.8213892488248127,1.5,7.331693761715336,31.413791074175755,1.565856783191248,18.65616297248115,7.868248557254058,6.1577125404111985,1.5,9.991334199648609,38.04682937712674,1.8028986909450335,15.96696466200775,6.633038302950986,-85.32107286234452,-88.00863724340033,-85.30872426510713,-87.99792257558055,1,1,1,1,2,3,30.0,3.0,33.0,3,0,45.0,-6.0,39.0,2,2,30.0,3,0,39.0,-8.399528880725203,-8.353192586912712,0,-6.960426718843475,-9.460133491383482,0.2646596958193564,0.1547601887382789,0.4194198845576353
695,76,0.0,-0.01,1.5,0.0,0.01,1.5,6.661265156450701,4.205935025738173,1.5,7.877965659056616,32.26838946347123,2.8376254454470837,18.031680079025275,6.157271461797702,5.206621429834855,1.5,8.063553718298401,40.21803787401573,2.6541896409327506,17.83050253511408,7.949648410544498,-85.94497996990556,-86.1482964231808,-85.93320715856302,-86.13438470247422,1,1,1,1,2,3,30.0,3.0,33.0,3,0,45.0,-6.0,39.0,2,3,33.0,3,1,42.0,-24.833969447745933,-24.758359822217045,0,-7.481447773005217,-7.665409888346053,0.23706096676789434,0.2279657302789124,0.46502669704680677
696,76,0.0,-0.01,1.5,0.0,0.01,1.5,5.879149138693596,3.777461904606363,1.5,6.9881051105255985,32.721493845261314,3.40791273328202,19.07360506323123,4.513283233942892,3.562061022330792,1.5,5.749609054239975,38.28189337973467,3.527353001666175,20.77066837373442,5.560399534473355,-84.9047196142478,-83.21293773858037,-84.89128217435706,-83.19421886385386,1,1,1,1,2,3,30.0,3.0,33.0,3,0,45.0,-6.0,39.0,2,2,30.0,3,0,39.0,-38.705153744238714,-38.61099861835641,0,-6.577997128649992,-5.283392082500672,0.2867479538718894,0.3743458359878391,0.6610937898597284
697,76,0.0,-0.01,1.5,0.0,0.01,1.5,7.463035783328527,4.899479843592783,1.5,8.927586787089442,33.284882042081186,1.842718605291258,16.944733644302485,3.7752055642002262,3.148687683092222,1.5,4.915934415512987,39.82959430340006,1.020076568512748,22.133269434027014,6.544712261318871,-87.03083244875627,-81.85425123215168,-87.02015359328581,-81.83161780356129,1,1,1,1,2,3,30.0,3.0,33.0,3,0,45.0,-6.0,39.0,2,3,33.0,3,0,39.0,-5.363601901747867,-5.363601901747867,1,-8.502474502477956,-4.007318391024775,0.19051789076925893,0.4827831165852393,0.6733010073544983
698,77,0.0,-0.01,1.5,0.0,0.01,1.5,4.838361978207577,-5.443704659698658,1.5,7.283108337392052,-48.36932183424185,1.950156203279886,18.716658927796882,2.010427280368427,-1.2234682394671128,1.5,2.3534426661030743,-31.323075787463097,2.515319882045546,28.539156319340645,17.046246046778755,-85.2482283097914,-75.42573091824765,-85.26605773826802,-75.46410420332704,1,1,1,1,5,1,-45.0,-3.0,-48.0,6,2,-30.0,0.0,-30.0,5,0,-51.0,6,2,-30.0,-5.173275825238979,-5.112120903484808,0,-6.306528181304984,3.099607179318879,0.3034251295800384,1.6048082753204649,1.9082334049005034
699,77,0.0,-0.01,1.5,0.0,0.01,1.5,1.3854717439520967,-1.4472325701441793,1.5,2.003500453051057,-46.24900933446049,1.665590964914697,29.94960984971918,8.342859972058658,-4.904393931673048,1.5,9.677623280041956,-30.44936445021314,2.7629154022339355,16.243250481701264,15.79964488424735,-74.01527738786912,-87.72163675588702,-74.07791027443865,-87.73073454988966,1,1,1,1,5,1,-45.0,-3.0,-48.0,6,2,-30.0,0.0,-30.0,5,2,-45.0,6,2,-30.0,-11.290120478748355,-11.283434302313607,0,4.297064994711484,-8.789626232956131,1.8835099522289565,0.1790535642810645,2.062563516510021
700,77,0.0,-0.01,1.5,0.0,0.01,1.5,5.938134192789056,-6.664932194717895,1.5,8.926519974310125,-48.300497363151976,4.5305611541253885,16.947699867726797,2.1692686867748714,-1.2189773240823747,1.5,2.4882990881421394,-29.332942028965196,4.329148086671973,28.053090129152125,18.96755533418678,-87.0171873698615,-75.91179710843618,-87.03171842783732,-75.94599683779711,1,1,1,1,5,1,-45.0,-3.0,-48.0,6,2,-30.0,0.0,-30.0,5,1,-48.0,6,2,-30.0,-50.969370377864706,-50.969370377864706,1,-8.068053169228492,2.876951596133619,0.2091728181630044,1.5555825604830495,1.764755378646054
701,77,0.0,-0.01,1.5,0.0,0.01,1.5,2.4637745823563777,-2.74011055602965,1.5,3.6848868438434392,-48.03965745416044,4.859269324819562,24.643125098208646,8.181022632209572,-4.814908325319036,1.5,9.492759003048155,-30.478769807107625,1.4366093809298892,16.410867098962857,17.560887647052816,-79.32176213937964,-87.55402013862543,-79.35681691771569,-87.56330244599596,1,1,1,1,5,1,-45.0,-3.0,-48.0,6,2,-30.0,0.0,-30.0,5,1,-48.0,6,2,-30.0,-32.88271434391526,-32.88271434391526,1,-0.4283161428218014,-8.624336532313873,0.9306115796628999,0.18557108239297426,1.1161826620558741
702,77,0.0,-0.01,1.5,0.0,0.01,1.5,2.0844254129468522,-2.2415780840956656,1.5,3.060964163337534,-47.08049462835618,1.5554492040884513,26.25769615894741,3.3275820454229748,-1.8569210645192056,1.5,3.810637493763542,-29.163227831917588,3.0165394480143246,24.345215995709523,17.91726679643859,-77.70719107864088,-79.61967124187878,-77.74875045759127,-79.64188573308363,1,1,1,1,5,1,-45.0,-3.0,-48.0,6,2,-30.0,0.0,-30.0,5,1,-48.0,6,2,-30.0,-7.344652292421447,-7.344652292421447,1,1.0574531372394034,-0.7613586835296648,1.1863043463581937,0.8790763347059135,2.065380681064107
703,77,0.0,-0.01,1.5,0.0,0.01,1.5,3.8344059609136005,-4.136183713747174,1.5,5.640096168236594,-47.168263259135976,4.292719469041101,20.93964265346818,3.2599900708543426,-1.8374814884252622,1.5,3.742174966830709,-29.407623073098943,1.5255057986158551,24.502977022372182,17.760640186037033,-83.0252445841201,-79.46191021521611,-83.04783247342664,-79.48470309108953,1,1,1,1,5,1,-45.0,-3.0,-48.0,6,2,-30.0,0.0,-30.0,5,1,-48.0,6,2,-30.0,-28.618683560171803,-28.618683560171803,1,-4.142033434137701,-0.5929732642509142,0.47019626605055204,0.9048685750732488,1.375064841123801
704,77,0.0,-0.01,1.5,0.0,0.01,1.5,1.4817924443453308,-1.4671678801789056,1.5,2.085255484766213,-44.71585954283952,1.3342794417118804,29.60019755382877,3.398569149037719,-1.9280141590570679,1.5,3.90736623038019,-29.566317081051398,3.0272884392372887,24.127349771423855,15.14954246178812,-74.36468968375952,-79.83753746616443,-74.42330272677592,-79.85947478806762,1,1,1,1,5,1,-45.0,-3.0,-48.0,6,2,-30.0,0.0,-30.0,5,1,-48.0,6,2,-30.0,-6.998631812574274,-6.998631812574274,1,3.240800622675675,-0.958274982447229,1.6364584643587359,0.8495962515649824,2.4860547159237183
705,77,0.0,-0.01,1.5,0.0,0.01,1.5,5.08763103776861,-5.828375894034244,1.5,7.736533793542556,-48.8820595139919,4.760534069399201,18.1916075275817,8.702402161659528,-4.618323031148978,1.5,9.851939453899293,-27.9546775488199,3.3819889088319934,16.087773700806874,20.927381965171996,-85.77327971000659,-87.87711353678142,-85.79019571590325,-87.88537985894652,1,1,1,1,5,1,-45.0,-3.0,-48.0,6,2,-30.0,0.0,-30.0,5,1,-48.0,6,3,-27.0,-60.579377470146326,-60.48105907955049,0,-6.861164125119984,-9.148314827055591,0.27023919453131523,0.1656428898243666,0.4358820843556818
706,77,0.0,-0.01,1.5,0.0,0.01,1.5,4.462122664098783,-4.8944849344389665,1.5,6.623180613792291,-47.645715698666905,1.4129692079816123,19.5424386454657,5.50796755074869,-3.3960780107116926,1.5,6.47078452700598,-31.656967821525228,3.0470229034550633,19.741980144793377,15.988747877141677,-84.42244859212259,-84.22290709279493,-84.44183166488203,-84.23699746801402,1,1,1,1,5,1,-45.0,-3.0,-48.0,6,2,-30.0,0.0,-30.0,5,1,-48.0,6,1,-33.0,-15.93596465970889,-15.915192662699974,0,-5.4907281513608,-5.466925855503899,0.3588920482199774,0.3606371748831492,0.7195292231031266
707,77,0.0,-0.01,1.5,0.0,0.01,1.5,3.0101034082714087,-3.38841897857391,1.5,4.532339980942186,-48.38369997170974,1.0095577309811627,22.841957881670293,5.39581841201498,-2.9920051710720585,1.5,6.169842078948358,-29.00856218878445,1.4903746348410967,20.15541846331066,19.37513778292529,-81.12292935591799,-83.80946877427763,-81.15158385269015,-83.82312233767642,1,1,1,1,5,1,-45.0,-3.0,-48.0,6,2,-30.0,0.0,-30.0,5,1,-48.0,6,2,-30.0,-1.5041111238377154,-1.5041111238377154,1,-2.2065130209823005,-4.92752259914671,0.6795648786520557,0.40223038399325406,1.0817952626453098
708,78,0.0,-0.01,1.5,0.0,0.01,1.5,8.36795541688957,0.792461713170915,1.5,8.405395494912376,5.409887878513568,2.261900598537713,17.463883611358483,1.7741610424550962,1.2852848674081154,1.5,2.190799989719201,35.92132169709072,2.1571879935065184,29.16525324390512,30.51143381857715,-86.50295106857558,-74.8461514492104,-86.5010036262298,-74.79963399368317,1,1,1,1,0,4,0.0,6.0,6.0,2,4,30.0,6.0,36.0,0,4,6.0,2,4,36.0,-6.338540862503038,-6.338540862503038,1,-7.55746581964372,4.153725059155936,0.2332627836923136,1.8489546766664913,2.082217460358805
709,78,0.0,-0.01,1.5,0.0,0.01,1.5,8.85395748691074,0.9549941516275225,1.5,8.90531173006681,6.1561636793721295,2.8677469614729207,16.96213652516223,6.872258378278535,5.153930462377099,1.5,8.590164982632064,36.86849257844427,2.8317466061854026,17.28011444464932,30.71232889907214,-87.0048428504009,-86.6969065705998,-87.00275071242606,-86.68477279293897,1,1,1,1,0,4,0.0,6.0,6.0,2,4,30.0,6.0,36.0,0,4,6.0,2,4,36.0,-27.297110750762723,-27.297110750762723,1,-8.041943005293984,-7.760983962648708,0.2103465170905856,0.22336860192915609,0.4337151190197417
710,78,0.0,-0.01,1.5,0.0,0.01,1.5,2.449108330774962,0.1940172449398756,1.5,2.4567812900633585,4.529486039603664,4.490704692675113,28.149469651035602,7.9856665692562805,5.8441525210425205,1.5,9.895705596092935,36.197795222633815,2.857655487213733,16.050325578655833,31.66830918303015,-75.82100254109314,-87.92492974725064,-75.81541758655268,-87.91456165893246,1,1,1,1,0,4,0.0,6.0,6.0,2,4,30.0,6.0,36.0,0,4,6.0,2,4,36.0,-29.520354773408986,-29.520354773408986,1,3.019200644869091,-8.95231990536927,1.5869343369569877,0.1728488462163254,1.759783183173313
711,78,0.0,-0.01,1.5,0.0,0.01,1.5,4.794828048565078,0.5325607400474901,1.5,4.824313107287536,6.337855391216873,3.2778566094232544,22.28733763601945,5.704395184647061,3.961510665666733,1.5,6.945047960728267,34.778679209717765,4.916427982206384,19.127703400675674,28.440823818500892,-81.68152374142954,-84.85145150745348,-81.67754960156884,-84.83718383691262,1,1,1,1,0,4,0.0,6.0,6.0,2,4,30.0,6.0,36.0,0,4,6.0,2,4,36.0,-55.35020277398345,-55.35020277398345,1,-2.7250700928958627,-5.953242659637126,0.6172426699440315,0.3264310629805277,0.9436737329245592
712,78,0.0,-0.01,1.5,0.0,0.01,1.5,8.831540273529809,0.795469415863962,1.5,8.86729243876359,5.146823991574579,1.0916414717874057,16.999131251695204,2.969895478157432,2.0468408172516734,1.5,3.6069150922010156,34.574465630797874,4.266475955980947,24.825012620393125,29.427641639223296,-86.9675132759912,-79.16720501724147,-86.96575598589308,-79.13987461719516,1,1,1,1,0,4,0.0,6.0,6.0,2,4,30.0,6.0,36.0,0,4,6.0,2,4,36.0,-22.34867285631782,-22.34867285631782,1,-8.042269273705237,-0.2878840165063434,0.21033181306519302,0.9529757668235337,1.1633075798887267
713,78,0.0,-0.01,1.5,0.0,0.01,1.5,3.001400674173121,0.2653616113425484,1.5,3.0131084931846015,5.052530820074964,3.404187350831691,26.376274214911014,6.396383664302962,4.761985010590941,1.5,7.974347949647958,36.66697676874055,2.069674126534301,17.926676966487072,31.614445948665583,-77.59369054907731,-86.05121933252042,-77.58861302267728,-86.03821027110122,1,1,1,1,0,4,0.0,6.0,6.0,2,4,30.0,6.0,36.0,0,4,6.0,2,4,36.0,-14.486511882442045,-14.486511882442045,1,1.317196909915256,-7.097979645059796,1.235307365933402,0.25710138877146727,1.4924087547048692
714,78,0.0,-0.01,1.5,0.0,0.01,1.5,5.606818326312852,0.625217738072133,1.5,5.641569725198624,6.362781089328345,2.270623484381984,20.92777193924388,2.51852047279334,1.9030901470635997,1.5,3.1566909065871087,37.076085697454616,1.9133063438463225,25.986013468642764,30.713304608126272,-83.04052821412887,-78.01205012386828,-83.03711529834442,-77.97887376894553,1,1,1,1,0,4,0.0,6.0,6.0,2,4,30.0,6.0,36.0,0,4,6.0,2,4,36.0,-5.9414299940491855,-5.9414299940491855,1,-4.084384389994344,0.918638519155117,0.47554826046348375,1.160636288617065,1.6361845490805487
715,78,0.0,-0.01,1.5,0.0,0.01,1.5,9.180795128088363,0.8903476549299751,1.5,9.223866766739985,5.539186143778865,1.8776468937845636,16.65672204113376,6.7520886906138,4.9427797665804505,1.5,8.367901380085204,36.205513649552394,3.285217672325756,17.507877610274456,30.66632750577353,-87.30998310522965,-86.46927277498284,-87.30816519645452,-86.45700962731384,1,1,1,1,0,4,0.0,6.0,6.0,2,4,30.0,6.0,36.0,0,4,6.0,2,4,36.0,-23.80993547594565,-23.80993547594565,1,-8.357096005441653,-7.495154151692668,0.19658061345553984,0.23637195874589614,0.432952572201436
716,78,0.0,-0.01,1.5,0.0,0.01,1.5,4.53561683232644,0.5431918721181324,1.5,4.568027742868702,6.829296951949939,1.0862212501689537,22.76174350947832,6.633703804281861,5.139049064646016,1.5,8.391415342585702,37.76450530049233,1.0335619696260516,17.48371204054693,30.935208348542393,-81.20766476341883,-86.49385440765442,-81.20314372810996,-86.48117519704137,1,1,1,1,0,4,0.0,6.0,6.0,2,4,30.0,6.0,36.0,0,4,6.0,3,0,39.0,-0.7497602895541117,-0.7322845106413507,0,-2.2821757315542195,-7.68367737575582,0.6701744286974924,0.22708036245897842,0.8972547911564709
717,78,0.0,-0.01,1.5,0.0,0.01,1.5,9.840305010043576,1.339209910019005,1.5,9.93101635653581,7.7500181417999325,2.6597017643259955,16.015378415789417,6.70964121516117,5.204707368208184,1.5,8.491658496717235,37.80093913452123,2.863579603435368,17.380495291048,30.050920992721295,-87.95186701504007,-86.59693034352597,-87.94950882179889,-86.5843919465403,1,1,1,1,0,4,0.0,6.0,6.0,2,4,30.0,6.0,36.0,1,0,9.0,3,0,39.0,-26.01234504904768,-25.926987523396264,0,-9.15142593347783,-7.793828071297199,0.1655308244476765,0.22180868216033292,0.3873395066080094
718,79,0.0,-0.01,1.5,0.0,0.01,1.5,8.956298284507836,-2.551119195047396,1.5,9.312544663432078,-15.899115480832362,1.908412334923478,16.57526155136312,7.830160486876628,-3.500178805715248,1.5,8.576868013571286,-24.085235296337267,1.5060577159602957,17.29163124194885,8.186119815504904,-87.38962568622517,-86.67325599563945,-87.39473673076631,-86.6815211878222,1,1,1,1,7,2,-15.0,0.0,-15.0,6,3,-30.0,3.0,-27.0,7,2,-15.0,6,4,-24.0,-8.995771478937758,-8.91487568401447,0,-8.602456945146153,-8.429666057488717,0.18645029788607762,0.19353203956516135,0.379982337451239
719,79,0.0,-0.01,1.5,0.0,0.01,1.5,5.430118384830203,-1.297841196161002,1.5,5.583061655017217,-13.441973937357186,1.5351380683861544,21.020232990133266,6.400787018447685,-3.3635304938272172,1.5,7.230726923237661,-27.721343324824275,1.344125186639396,18.77602119054377,14.279369387467089,-82.94465424745503,-85.18886604704451,-82.95188566576299,-85.20004005639504,1,1,1,1,7,2,-15.0,0.0,-15.0,6,3,-30.0,3.0,-27.0,7,3,-12.0,6,3,-27.0,-3.7609903277810988,-3.7230490870325355,0,-4.286073807156273,-6.401789323653379,0.45704633161976127,0.29747599347412435,0.7545223250938856
720,79,0.0,-0.01,1.5,0.0,0.01,1.5,8.989175315698876,-2.732686578593526,1.5,9.39536315387517,-16.909139262516963,3.507154376341014,16.498491667562007,6.1539330168259445,-3.209577302533894,1.5,6.94062519060936,-27.544245869431485,4.759122197727982,19.131888159368597,10.635106606914523,-87.4663955700263,-84.8329990782197,-87.47177372419807,-84.84457351972155,1,1,1,1,7,2,-15.0,0.0,-15.0,6,3,-30.0,3.0,-27.0,7,2,-15.0,6,3,-27.0,-61.11388365072864,-61.11388365072864,1,-8.867792836747125,-6.054350187833508,0.1760468070164103,0.3196927346349665,0.4957395416513768
721,79,0.0,-0.01,1.5,0.0,0.01,1.5,3.1731728204724337,-0.8096201884166331,1.5,3.274829857882202,-14.313369334082026,4.00505664893636,25.656824343411927,8.116675535271776,-3.56204526195696,1.5,8.86389238388584,-23.694518031204108,3.8150038179754926,17.005522287600645,9.381148697122082,-78.30806289417636,-86.95936494998764,-78.32117573220806,-86.96723985172909,1,1,1,1,7,2,-15.0,0.0,-15.0,6,3,-30.0,3.0,-27.0,7,2,-15.0,6,2,-30.0,-43.38318395700984,-43.285319609921714,0,-0.011472027661471847,-8.850442533770249,0.9980957957850051,0.17671007739975755,1.1748058731847626
722,79,0.0,-0.01,1.5,0.0,0.01,1.5,3.488402710563437,-1.1888327694124436,1.5,3.6854140642124866,-18.81889128611492,1.2200095115599452,24.631929670249157,5.002446729849711,-2.499707529623804,1.5,5.592227733081156,-26.551160135922867,4.106953968368302,21.009315637415305,7.732268849807948,-79.33295756733914,-82.95557160017299,-79.34816143917246,-82.96945741555767,1,1,1,1,7,2,-15.0,0.0,-15.0,6,3,-30.0,3.0,-27.0,7,2,-15.0,6,3,-27.0,-26.32461791380975,-26.32461791380975,1,-2.6139045354374217,-4.337776465330253,0.6302043903836511,0.4524030267983154,1.0826074171819664
723,79,0.0,-0.01,1.5,0.0,0.01,1.5,9.177752778909035,-2.5929490224156084,1.5,9.537008477694595,-15.776338021436224,4.150763624027782,16.368306558056602,8.118335815741604,-4.3647912866718555,1.5,9.217308684933984,-28.26452214596188,2.0662581947998615,16.66645563001091,12.488184124525656,-87.59658067953168,-87.29843160757738,-87.60153164264848,-87.30735664542422,1,1,1,1,7,2,-15.0,0.0,-15.0,6,3,-30.0,3.0,-27.0,7,2,-15.0,6,2,-30.0,-38.21441464134351,-38.191029483430206,0,-8.788041791718591,-8.500353450002924,0.17911500739591396,0.19060507451522424,0.3697200819111382
724,79,0.0,-0.01,1.5,0.0,0.01,1.5,8.821625160244595,-2.8737039180368735,1.5,9.277890098314431,-18.04336909168957,4.827966184324216,16.60799018569127,6.065498142274302,-2.847615090202267,1.5,6.700684996019488,-25.149000561033983,4.260684434999771,19.437196593451013,7.105631469344413,-87.35689705189702,-84.52769064413728,-87.36269706409854,-84.53870843201287,1,1,1,1,7,2,-15.0,0.0,-15.0,6,3,-30.0,3.0,-27.0,7,1,-18.0,6,3,-27.0,-74.06093397278114,-73.98366397554447,0,-9.115328054557502,-6.083651877222408,0.16683552043844077,0.3177632697149495,0.48459879015339025
725,79,0.0,-0.01,1.5,0.0,0.01,1.5,9.31139534360517,-2.8765727475338085,1.5,9.745601778072315,-17.167506816876745,3.0364291098918423,16.18053151809535,5.195138638886916,-2.502554744927842,1.5,5.766476023414704,-25.720622282523674,4.661500787031954,20.742395678519063,8.553115465646929,-87.78435571949295,-83.22249155906923,-87.78961744968967,-83.23556298803545,1,1,1,1,7,2,-15.0,0.0,-15.0,6,3,-30.0,3.0,-27.0,7,2,-15.0,6,3,-27.0,-51.95633570792112,-51.95633570792112,1,-9.240490257602225,-4.736623110599575,0.1623528213875448,0.41791868073550054,0.5802715021230453
726,79,0.0,-0.01,1.5,0.0,0.01,1.5,2.2334502874230373,-0.717257276864483,1.5,2.3457958537786494,-17.80406597849451,1.1370261407606983,28.55953164247832,4.63136679329612,-2.1053759097695903,1.5,5.087451827337937,-24.446099498673878,3.231408882972154,21.831126260838435,6.642033520179368,-75.40535559510998,-82.13376097674987,-75.42799746460126,-82.14789310978563,1,1,1,1,7,2,-15.0,0.0,-15.0,6,3,-30.0,3.0,-27.0,7,2,-15.0,6,4,-24.0,-13.719338201472244,-13.66351724194498,0,0.5947357266878156,-4.178674954168639,1.1021627517737291,0.4668211064731174,1.5689838582468465
727,79,0.0,-0.01,1.5,0.0,0.01,1.5,5.816056105223805,-1.656840235828396,1.5,6.047448072217817,-15.900848066875344,2.657923306550704,20.326559712016397,7.5465227070983785,-3.616936049665182,1.5,8.368526235611562,-25.607706925869728,3.382873936401853,17.505580266069334,9.706858858994384,-83.6383275255719,-86.45930697151896,-83.64619805508902,-86.46827845754784,1,1,1,1,7,2,-15.0,0.0,-15.0,6,3,-30.0,3.0,-27.0,7,2,-15.0,6,3,-27.0,-29.620280667885744,-29.620280667885744,1,-5.029237876803094,-7.796221565309471,0.3940816368947073,0.22169539881102465,0.615777035705732
728,80,0.0,-0.01,1.5,0.0,0.01,1.5,1.845508406759752,1.407983317333492,1.5,2.3212751455418514,37.34089222997876,1.5275893568874164,28.662220092532532,2.512084405443131,-0.6736366776579576,1.5,2.600837256261264,-15.011186207451793,4.496288105676969,27.660408311322232,52.352078437430556,-75.3480581831804,-76.30447892626606,-75.30266714505575,-76.32177906485764,1,1,1,1,2,4,30.0,6.0,36.0,7,2,-15.0,0.0,-15.0,2,4,36.0,7,2,-15.0,-14.717710550203732,-14.717710550203732,1,3.5105259517166,2.635095306797898,1.6978421659431229,1.5030766708624104,3.200918836805533
729,80,0.0,-0.01,1.5,0.0,0.01,1.5,2.237197797061881,1.6414357143648504,1.5,2.7747729974848356,36.267558358312236,2.6289942836272404,27.10803085394266,2.563228924668412,-0.732984709282725,1.5,2.6659724500262687,-15.958488744896858,3.786088148984839,27.44587008620168,52.2260471032091,-76.89389370124988,-76.51901715138662,-76.85685638364563,-76.5369314078018,1,1,1,1,2,4,30.0,6.0,36.0,7,2,-15.0,0.0,-15.0,2,4,36.0,7,2,-15.0,-11.221936988261254,-11.221936988261254,1,2.0601116874444347,2.3711696181881607,1.3823809423111137,1.4469457780381878,2.8293267203493015
730,80,0.0,-0.01,1.5,0.0,0.01,1.5,3.194728252190069,2.306935184087526,1.5,3.9405886043740166,35.833308739935184,2.0274582485110026,24.05575285097256,7.0248330823168645,-1.5919923763715054,1.5,7.202966025245326,-12.768891039153278,1.182467431981879,18.806506941389486,48.602199779088465,-79.93494362444083,-85.1583802961988,-79.90913438661573,-85.16370929086827,1,1,1,1,2,4,30.0,6.0,36.0,7,2,-15.0,0.0,-15.0,2,4,36.0,7,3,-12.0,-3.2262553271337175,-3.159824443653531,0,-0.9750362837340637,-6.466261968982145,0.8471208181604672,0.29350942610478487,1.140630244265252
731,80,0.0,-0.01,1.5,0.0,0.01,1.5,2.12477903601366,1.6141614480909918,1.5,2.668370876093941,37.223369510332326,2.1506404967277746,27.448829370830357,2.7514961468261525,-0.6597558005382115,1.5,2.8294891345158018,-13.483854578551174,1.45584423857006,26.927026441028016,50.7072240888835,-76.55543918551867,-77.03786079656028,-76.51605786675793,-77.05217592779381,1,1,1,1,2,4,30.0,6.0,36.0,7,2,-15.0,0.0,-15.0,2,4,36.0,7,3,-12.0,1.7095359957258194,1.7111060602694015,0,2.321727770004224,1.782930078671886,1.436567646141695,1.3263209737379313,2.762888619879626
732,80,0.0,-0.01,1.5,0.0,0.01,1.5,6.525379407318091,4.764211227259866,1.5,8.07949782024848,36.13336338860499,2.4158709797510327,17.81272791343651,8.916094703579212,-2.374499298647007,1.5,9.226862504799147,-14.912661440899157,3.1628972398871715,16.655414344576485,51.04602482950415,-86.16483762136524,-87.30947289301182,-86.1521593241518,-87.31431843398246,1,1,1,1,2,4,30.0,6.0,36.0,7,2,-15.0,0.0,-15.0,2,4,36.0,7,2,-15.0,-26.51508185391547,-26.51508185391547,1,-7.201732096780457,-8.350475182214472,0.25153137579361445,0.19686096622053706,0.4483923420141515
733,80,0.0,-0.01,1.5,0.0,0.01,1.5,3.2167415801798542,2.4886573730469927,1.5,4.06704338728752,37.727609615370994,2.978249850708873,23.781563062113065,5.354671364060309,-1.3995383074614,1.5,5.534547216452256,-14.647594904072982,4.1115198183431305,21.096392862828388,52.375204519443976,-80.20946002548031,-82.8684943747599,-80.18332417547524,-82.87643285057436,1,1,1,1,2,4,30.0,6.0,36.0,7,2,-15.0,0.0,-15.0,3,0,39.0,7,2,-15.0,-34.55887049454098,-34.45901892807409,0,-1.4075791038350918,-3.9199591869491526,0.7850673915887166,0.4910961266468222,1.2761635182355389
734,80,0.0,-0.01,1.5,0.0,0.01,1.5,7.551390966020145,5.841090800089516,1.5,9.546823935559985,37.72237819003854,4.979679701803823,16.3624656652025,4.152944109101441,-0.9873826137266688,1.5,4.2687081417227475,-13.374039955789748,1.7256058747591996,23.352834310991355,51.09641814582829,-87.61355498489664,-80.61205292659693,-87.6024215723858,-80.62146624609248,1,1,1,1,2,4,30.0,6.0,36.0,7,2,-15.0,0.0,-15.0,3,0,39.0,7,3,-12.0,-47.171604465511805,-47.088871411970594,0,-8.808023207319714,-1.8010340089581867,0.17834159517759343,0.7316491417563392,0.9099907369339326
735,80,0.0,-0.01,1.5,0.0,0.01,1.5,2.7401239190901503,1.9866253735780002,1.5,3.384517612144143,35.94259886639507,2.7853338931424356,25.37919455005791,4.854498435061816,-1.1639326887879295,1.5,4.992083168382386,-13.482933010333102,2.968679200999108,21.992483919083497,49.42553187672817,-78.615821229419,-81.9724033185048,-78.58569268753038,-81.98051666874689,1,1,1,1,2,4,30.0,6.0,36.0,7,2,-15.0,0.0,-15.0,2,4,36.0,7,3,-12.0,-15.837599197074699,-15.831297899571538,0,0.3441530751415718,-3.140969432992099,1.0582947428065588,0.5706379732899703,1.628932716096529
736,80,0.0,-0.01,1.5,0.0,0.01,1.5,6.650215807802213,4.96837599235745,1.5,8.301212579604037,36.76340725465586,3.4017069815973886,17.57750827473767,3.7817796464052766,-0.9766570872821448,1.5,3.905856674291014,-14.480434977860304,2.6251387132807724,24.125288938126207,51.243842232516165,-86.39990432353392,-79.83959829946208,-86.38737896285063,-79.85072024924898,1,1,1,1,2,4,30.0,6.0,36.0,7,2,-15.0,0.0,-15.0,2,4,36.0,7,2,-15.0,-25.173146156987983,-25.173146156987983,1,-7.466992100860939,-0.9038289015194234,0.23778964296172916,0.8576738856082092,1.0954635285699383
737,80,0.0,-0.01,1.5,0.0,0.01,1.5,4.837260650289407,3.7332014257971133,1.5,6.1103096062648,37.65950240337782,2.4673224561175653,20.24149545715051,9.273971029893927,-2.315452586030116,1.5,9.558653636441974,-14.018564393656643,1.4157062574589392,16.348341192452054,51.67806679703446,-83.74076166988783,-87.61654604513623,-83.7233917804378,-87.62094881872584,1,1,1,1,2,4,30.0,6.0,36.0,7,2,-15.0,0.0,-15.0,3,0,39.0,7,2,-15.0,-10.985529264923546,-10.947043030824926,0,-4.924707595301238,-8.708201832098696,0.40245796711594356,0.18223688237589217,0.5846948494918357
738,81,0.0,-0.01,1.5,0.0,0.01,1.5,2.1990802541887144,-0.9468214370213385,1.5,2.394248274086431,-23.294458112508327,1.2535054323857762,28.384989364817027,4.148461912808314,-4.792322443630326,1.5,6.338461220654754,-49.118980606296454,1.7127439678564742,19.924763146464713,25.824522493788127,-75.57989787277126,-84.04012409112357,-75.60859027861764,-84.06084539258705,1,1,1,1,7,0,-15.0,-6.0,-21.0,5,1,-45.0,-3.0,-48.0,6,4,-24.0,5,1,-48.0,-1.5468654719228536,-1.4894637761829155,0,3.0938539877801574,-5.164316598812961,1.6035257387740933,0.3834822450009145,1.9870079837750079
739,81,0.0,-0.01,1.5,0.0,0.01,1.5,3.003374492495482,-1.2315035885543857,1.5,3.2460529001842877,-22.29558970555045,3.346483292335136,25.737088450021545,2.628820736088079,-2.7598253885496824,1.5,3.811474076754304,-46.39265694162668,2.6343022507222957,24.348721954911234,24.09706723607623,-78.22779878756675,-79.61616528267706,-78.24810347812382,-79.64916668655624,1,1,1,1,7,0,-15.0,-6.0,-21.0,5,1,-45.0,-3.0,-48.0,7,0,-21.0,5,2,-45.0,-14.24914712667718,-14.214080469978185,0,0.6421390255461223,-0.8262784886528546,1.1105959188033758,0.8692761216156104,1.9798720404189862
740,81,0.0,-0.01,1.5,0.0,0.01,1.5,7.258741708522356,-3.063258830598407,1.5,7.878634770966425,-22.880212669933055,2.3384653751016007,18.02933934033693,3.6003660829301722,-3.7815839826921023,1.5,5.221399558477345,-46.40625928639528,3.1113917502455855,21.61038843592641,23.526046616462228,-85.93554789725135,-82.35449880166188,-85.94412031805842,-82.37859525150483,1,1,1,1,7,0,-15.0,-6.0,-21.0,5,1,-45.0,-3.0,-48.0,6,4,-24.0,5,2,-45.0,-21.264380126615723,-21.170945699504813,0,-7.160722572050377,-3.5516296944095083,0.25371967116639077,0.5274755334287341,0.7811952045951249
741,81,0.0,-0.01,1.5,0.0,0.01,1.5,3.2741618078159314,-1.2644935798352988,1.5,3.509854634768394,-21.116747956198658,3.557070175633563,25.057184501530216,4.278771814224362,-5.0434623753547925,1.5,6.613955017220804,-49.68939808642427,2.937268420924526,19.55487011309167,28.57265013022561,-78.90770273605808,-84.41001712449662,-78.92553316547993,-84.43004718275874,1,1,1,1,7,0,-15.0,-6.0,-21.0,5,1,-45.0,-3.0,-48.0,7,0,-21.0,5,0,-51.0,-25.02235480460891,-24.97277312999697,0,0.052074799801517815,-5.619138795741363,1.008675364996615,0.3496050891700883,1.3582804541667033
742,81,0.0,-0.01,1.5,0.0,0.01,1.5,2.7292741979330835,-0.9971903961207403,1.5,2.9057402384966755,-20.070703422895384,1.0172644071983288,26.69916101679992,3.4149719595865604,-3.7852278808918722,1.5,5.098037229664339,-47.94372832904623,1.763008904468875,21.818670613064505,27.873024906150846,-77.26572622078837,-82.14621662452379,-77.28624289839597,-82.1715173295091,1,1,1,1,7,0,-15.0,-6.0,-21.0,5,1,-45.0,-3.0,-48.0,7,0,-21.0,5,1,-48.0,-1.0160111353383627,-1.0160111353383627,1,1.6465571605646834,-3.2088866698335696,1.2992555046123386,0.5633062548852481,1.8625617594975867
743,81,0.0,-0.01,1.5,0.0,0.01,1.5,8.376924002620859,-3.1020568384703378,1.5,8.932838987398465,-20.320083686417384,4.53475603858851,16.93766061089182,2.934479409209976,-3.3399463101485036,1.5,4.445943179770962,-48.69743551012129,2.107542825355994,23.009478598944128,28.377351823703904,-87.02722662669646,-80.95540863864416,-87.03398044134319,-80.98476165300008,1,1,1,1,7,0,-15.0,-6.0,-21.0,5,1,-45.0,-3.0,-48.0,7,0,-21.0,5,1,-48.0,-40.494053275721214,-40.494053275721214,1,-8.087756695791818,-2.048651017597511,0.20829114123356798,0.6994882083089919,0.9077793495425599
744,81,0.0,-0.01,1.5,0.0,0.01,1.5,7.734069950199974,-3.108303988831312,1.5,8.33530993314411,-21.895075069298834,2.3347694481983914,17.539524379912866,1.6412687165582072,-1.8732236507612643,1.5,2.4905280254845525,-48.77601962984211,4.796796226604615,28.054489922576693,26.880944560543277,-86.42536285767542,-75.91039731501161,-86.43313514254845,-75.9628600580828,1,1,1,1,7,0,-15.0,-6.0,-21.0,5,1,-45.0,-3.0,-48.0,7,0,-21.0,5,1,-48.0,-27.7722251406604,-27.7722251406604,1,-7.504128715268364,2.961033362894616,0.2359218139827171,1.574072483061064,1.809994297043781
745,81,0.0,-0.01,1.5,0.0,0.01,1.5,8.133680082890454,-2.7748150621925634,1.5,8.593971743040559,-18.837138769553878,2.1508207104292905,17.273457622027465,3.817621958029442,-4.086037667910749,1.5,5.591953257853115,-46.945070977259235,1.1344333964437312,21.01415913427264,28.107932207705357,-86.69142961556084,-82.95072810331564,-86.69795689542394,-82.97342908036244,1,1,1,1,7,0,-15.0,-6.0,-21.0,5,1,-45.0,-3.0,-48.0,7,1,-18.0,5,1,-48.0,-7.682762167568289,-7.596122964477165,0,-7.977622507997606,-4.069833225244094,0.21326398110203382,0.47690725731842165,0.6901712384204555
746,81,0.0,-0.01,1.5,0.0,0.01,1.5,5.053128277921973,-2.047560827175664,1.5,5.4522115452464766,-22.058115032368946,4.695983372351824,21.228596546938306,4.064331639803729,-4.775065976344082,1.5,6.270569890906929,-49.59699430004925,1.779601741274754,20.01848790549645,27.538879267680308,-82.73629069064998,-83.94639933209184,-82.74825652677751,-83.9674969668134,1,1,1,1,7,0,-15.0,-6.0,-21.0,5,1,-45.0,-3.0,-48.0,7,0,-21.0,5,0,-51.0,-38.22448698721053,-38.20850491191849,0,-3.8331378672836447,-5.1404765741499805,0.49947667268641416,0.3853346643528864,0.8848113370393005
747,81,0.0,-0.01,1.5,0.0,0.01,1.5,5.775831579312177,-2.468083120867482,1.5,6.281056019817907,-23.137608211340975,1.2878269788659074,19.998850348633354,5.686603154543423,-6.085643996457697,1.5,8.32901664597237,-46.94139702050455,2.6618449638128374,17.54982387767514,23.803788809163578,-83.96603688895495,-86.41506335991315,-83.97690380113133,-86.43030347101782,1,1,1,1,7,0,-15.0,-6.0,-21.0,5,1,-45.0,-3.0,-48.0,6,4,-24.0,5,1,-48.0,-12.827769190958977,-12.754532656031508,0,-5.247055371980353,-7.526170052998085,0.377113470695409,0.23481961489112907,0.6119330855865381
748,82,0.0,-0.01,1.5,0.0,0.01,1.5,4.464057709239109,-4.683757477502679,1.5,6.470347389397217,-46.37578753381928,4.515509545287259,19.74524426036683,7.840447524283101,-4.291026765608098,1.5,8.937870444585897,-28.69160573364436,4.17084586732131,16.934059169598193,17.68418180017492,-84.21964297722147,-87.0308280679901,-84.23907824573058,-87.0401579142993,1,1,1,1,5,1,-45.0,-3.0,-48.0,6,3,-30.0,3.0,-27.0,5,2,-45.0,6,3,-27.0,-65.39420439220746,-65.35553611605637,0,-5.408542730190962,-8.235259405311199,0.36494934209902735,0.2017997902413301,0.5667491323403575
749,82,0.0,-0.01,1.5,0.0,0.01,1.5,6.481707836307914,-6.6063577896742345,1.5,9.255079671210014,-45.54566507560078,2.696307332471959,16.63317521291523,2.2105664242556027,-1.131808919586649,1.5,2.4834643839809942,-27.112424051557674,1.936336459153603,28.068816050210504,18.433241024043106,-87.33171202467305,-75.89607118737779,-87.3451124657677,-75.92794899385086,1,1,1,1,5,1,-45.0,-3.0,-48.0,6,3,-30.0,3.0,-27.0,5,2,-45.0,6,3,-27.0,-11.124279737137426,-11.05568996393021,0,-8.698286871332373,2.9957329663472887,0.18262811875481072,1.5817382718843562,1.764366390639167
750,82,0.0,-0.01,1.5,0.0,0.01,1.5,5.058571200698554,-5.700884116268682,1.5,7.621628585785413,-48.41636200916518,2.57246857148697,18.321646962903916,7.830915550759596,-3.8494733182322567,1.5,8.725920191642285,-26.17752472816863,4.888236765255492,17.142240531210422,22.238837280996545,-85.64324027468437,-86.82264670637787,-85.66028857906772,-86.83142877444097,1,1,1,1,5,1,-45.0,-3.0,-48.0,6,3,-30.0,3.0,-27.0,5,1,-48.0,6,3,-27.0,-53.66171321083535,-53.66171321083535,1,-6.690892571304098,-7.904754260159654,0.28005957357708466,0.21661449600973454,0.4966740695868192
751,82,0.0,-0.01,1.5,0.0,0.01,1.5,4.290186358446362,-4.39326548729773,1.5,6.140560286495086,-45.680112212650386,1.3881717137535552,20.20003893465846,5.3328619484644655,-2.7281811620210856,1.5,5.990191066584348,-27.093339957103808,3.9923038795026433,20.411861316277257,18.586772255546578,-83.76484830292983,-83.55302592131103,-83.78508890452066,-83.56623432285443,1,1,1,1,5,1,-45.0,-3.0,-48.0,6,3,-30.0,3.0,-27.0,5,2,-45.0,6,3,-27.0,-26.582585781803143,-26.506600123000815,0,-5.1073602394058435,-4.6087234185069805,0.38792082260629634,0.4287224398694005,0.8166432624756969
752,82,0.0,-0.01,1.5,0.0,0.01,1.5,3.010484285814062,-3.1954569566192776,1.5,4.3902119307318115,-46.707237664190494,3.66382279306768,23.118769712648167,2.658299091027278,-1.2999625374818253,1.5,2.9591310643857325,-26.059577393292116,1.3638046752202082,26.543657808242386,20.647660270898378,-80.84611752494013,-77.42122942934591,-80.87491748858608,-77.44701915753191,1,1,1,1,5,1,-45.0,-3.0,-48.0,6,3,-30.0,3.0,-27.0,5,1,-48.0,6,3,-27.0,-15.544293683416994,-15.544293683416994,1,-1.9939588515131499,1.4541271128227011,0.7064957490077316,1.2616487320726966,1.968144481080428
753,82,0.0,-0.01,1.5,0.0,0.01,1.5,4.827223483360026,-5.546169760613878,1.5,7.3526924029127105,-48.964644996807394,2.9266628500049676,18.634061733468496,4.002218777278769,-2.0942910360240874,1.5,4.517057680036155,-27.622275189836213,3.329607078083105,22.865868259615752,21.34236980697118,-85.33082550411979,-81.09901897797255,-85.3486467184144,-81.11684911616445,1,1,1,1,5,1,-45.0,-3.0,-48.0,6,3,-30.0,3.0,-27.0,5,1,-48.0,6,3,-27.0,-26.879463173582753,-26.879463173582753,1,-6.418352025915218,-2.188581187427489,0.29645241893284563,0.6818054244879604,0.978257843420806
754,82,0.0,-0.01,1.5,0.0,0.01,1.5,4.540131958728519,-4.918119044662109,1.5,6.693331990879893,-47.28853582540384,4.655766531318367,19.450766720537064,7.070645331493387,-3.625008310350689,1.5,7.945735375274008,-27.14349853297633,3.7364732490629087,17.956378546326903,20.14503729242751,-84.51412051705123,-86.0085086912614,-84.5331913883594,-86.01848202158743,1,1,1,1,5,1,-45.0,-3.0,-48.0,6,3,-30.0,3.0,-27.0,5,1,-48.0,6,3,-27.0,-60.6134543741482,-60.6134543741482,1,-5.583868141419995,-7.058726639549244,0.3521345746528354,0.2592379357912638,0.6113725104440992
755,82,0.0,-0.01,1.5,0.0,0.01,1.5,2.583182782533808,-2.7326379714880837,1.5,3.760338225638435,-46.610456171361335,2.930820583715744,24.466327198486496,6.555974259344937,-3.3893923145990956,1.5,7.380296657415392,-27.33864395378818,3.8545073032360957,18.598002445956805,19.271812217573157,-79.49856003910179,-85.36688479163148,-79.5321312151893,-85.37769625227476,1,1,1,1,5,1,-45.0,-3.0,-48.0,6,3,-30.0,3.0,-27.0,5,1,-48.0,6,3,-27.0,-32.44116500316943,-32.44116500316943,1,-0.6702176964679476,-6.4241075083203105,0.8929698422474834,0.29609747368469025,1.1890673159321736
756,82,0.0,-0.01,1.5,0.0,0.01,1.5,2.9525031423398804,-3.4640751920602586,1.5,4.551603205659978,-49.55835654197597,2.3975693878041193,22.80531673998268,6.6007652375356685,-3.2138203608751947,1.5,7.3415763316222,-25.960803577497074,2.6323772400977594,18.643465000972345,23.597552964478894,-81.15957049760561,-85.32142223661594,-81.18861717849158,-85.33177962413774,1,1,1,1,5,1,-45.0,-3.0,-48.0,6,3,-30.0,3.0,-27.0,5,0,-51.0,6,3,-27.0,-15.966076536566842,-15.946869769749304,0,-2.329565008009756,-6.427213155991874,0.6643450814495202,0.2959061049565457,0.9602511864060659
757,82,0.0,-0.01,1.5,0.0,0.01,1.5,2.3288805731033793,-2.5612950643194483,1.5,3.4617794745311974,-47.7210386018333,1.1748542694534723,25.186657428987452,2.8074919379915886,-1.3758286659234216,1.5,3.1264861266067356,-26.107447823648965,3.1927763220481045,26.065144959014653,21.613590778184335,-78.77822980860084,-77.89974227857364,-78.81535749554692,-77.92419286666335,1,1,1,1,5,1,-45.0,-3.0,-48.0,6,3,-30.0,3.0,-27.0,5,1,-48.0,6,3,-27.0,-6.007681199465176,-6.007681199465176,1,0.1599079266529901,0.9829740600680187,1.026804604977915,1.1724872743508135,2.1992918793287286
758,83,0.0,-0.01,1.5,0.0,0.01,1.5,2.056304499049992,3.5616238681870533,1.5,4.112608998099983,60.0,3.3442291205191186,23.690033607238327,7.978157041453421,2.504560325397273,1.5,8.362045933959397,17.428490587467085,1.0489958956716157,17.51093245361217,42.57150941253292,-80.31143514858192,-86.46017716528686,-80.27485363034997,-86.45395478397612,1,1,1,1,4,2,60.0,0.0,60.0,1,2,15.0,0.0,15.0,4,2,60.0,1,3,18.0,-13.371792113851347,-13.309690466413159,0,-1.3497588134841676,-7.805457399747641,0.7931594577950675,0.22125877114262782,1.0144182289376953
759,83,0.0,-0.01,1.5,0.0,0.01,1.5,3.1707939833719454,5.142469129550051,1.5,6.041433872299107,58.34244000514924,2.3769707430581226,20.343521053014033,4.59876711591073,1.3849420823388592,1.5,4.802782897218548,16.759941662002905,1.7697353748878295,22.329417612600174,41.58249834314634,-83.6458421658432,-81.6458996871826,-83.62136618457426,-81.63546962498812,1,1,1,1,4,2,60.0,0.0,60.0,1,2,15.0,0.0,15.0,4,1,57.0,1,3,18.0,-9.438620470117144,-9.34773497933025,0,-4.82947778029335,-2.8386858210837134,0.4102229661674554,0.6042168876606818,1.0144398538281372
760,83,0.0,-0.01,1.5,0.0,0.01,1.5,4.251729001363064,7.36421065037491,1.5,8.503458002726127,60.0,3.7672138970614566,17.371015330219493,2.338012974469935,0.5952429758650729,1.5,2.412595877702368,14.283682601161885,1.9700584259968652,28.31320420162389,45.716317398838115,-86.61156540632376,-75.66944852976037,-86.5938719073688,-75.6516830359644,1,1,1,1,4,2,60.0,0.0,60.0,1,2,15.0,0.0,15.0,4,2,60.0,1,2,15.0,-23.378789837797818,-23.378789837797818,1,-7.64742780115818,3.2764789322582635,0.22884037680508126,1.6445089915879785,1.8733493683930598
761,83,0.0,-0.01,1.5,0.0,0.01,1.5,4.617800130076643,7.998264444490913,1.5,9.235600260153284,60.0,4.191961833245376,16.652922404156584,2.844356437812849,0.7821587982078707,1.5,2.9499382927345073,15.375516716178396,1.8477319361626652,26.565583249890334,44.624483283821604,-87.32825394816237,-77.41491688592183,-87.3119648334317,-77.39930398769796,1,1,1,1,4,2,60.0,0.0,60.0,1,2,15.0,0.0,15.0,4,2,60.0,1,2,15.0,-31.09700778879049,-31.09700778879049,1,-8.364002107020331,1.5518356101492832,0.19628857797187238,1.280658262278508,1.4769468402503805
762,83,0.0,-0.01,1.5,0.0,0.01,1.5,4.798353439225909,8.310991949412132,1.5,9.596706878451815,60.0,2.6389171084272784,16.31947287236481,8.114008088508744,2.3333319266676313,1.5,8.442841058576892,16.04356048127138,4.757328769090702,17.42714528552161,43.956439518728615,-87.66109023177646,-86.54342992137343,-87.64541436522349,-86.53774195206667,1,1,1,1,4,2,60.0,0.0,60.0,1,2,15.0,0.0,15.0,4,2,60.0,1,2,15.0,-52.654528703971536,-52.654528703971536,1,-8.696791434173786,-7.631893499690259,0.1826871958385076,0.22959845533768186,0.4122856511761894
763,83,0.0,-0.01,1.5,0.0,0.01,1.5,2.755549658410512,4.644139723612324,1.5,5.400100711320136,59.317687221319936,2.3982693032796285,21.31988095357409,3.8705683507320376,0.9638521159684239,1.5,3.9887730267771984,13.983428761638017,3.2001266576341845,23.942529107065276,45.33425845968192,-82.67267214779564,-80.03288240062041,-82.6450062840142,-80.02235813052302,1,1,1,1,4,2,60.0,0.0,60.0,1,2,15.0,0.0,15.0,4,2,60.0,1,2,15.0,-17.070347748348336,-17.070347748348336,1,-3.734560242413294,-1.1161705066755983,0.5091367529838312,0.826487241308825,1.3356239942926562
764,83,0.0,-0.01,1.5,0.0,0.01,1.5,2.569737743985083,4.272544474131125,1.5,4.9857986678455,58.975038846822784,3.6977909569424905,22.014321234300333,5.067226066541969,1.4466218355250797,1.5,5.269676910822935,15.933299745416193,2.5494149643998436,21.522909632919802,43.04173910140659,-81.98042598740683,-82.45102614506054,-81.95056600328796,-82.44197760466848,1,1,1,1,4,2,60.0,0.0,60.0,1,2,15.0,0.0,15.0,4,2,60.0,1,2,15.0,-26.513821445613974,-26.513821445613974,1,-3.0739434707915168,-3.5256514682034465,0.5779495633624064,0.5301237390185816,1.108073302380988
765,83,0.0,-0.01,1.5,0.0,0.01,1.5,2.1303352784807097,3.6898489394849814,1.5,4.2606705569614185,60.0,1.5993583061213537,23.38218600582291,7.124229746175118,2.0895449108322217,1.5,7.424341547280218,16.346474644230476,1.5149894194085398,18.54420449153415,43.653525355769524,-80.61801296353083,-85.42726725505538,-80.58270123176538,-85.42068274605414,1,1,1,1,4,2,60.0,0.0,60.0,1,2,15.0,0.0,15.0,4,2,60.0,1,2,15.0,-3.4102850358210484,-3.4102850358210484,1,-1.656116980274584,-6.553801110179344,0.7509914964187724,0.28820008710035816,1.0391915835191305
766,83,0.0,-0.01,1.5,0.0,0.01,1.5,4.433055635827307,7.510842619782261,1.5,8.721510140421664,59.450011262917364,3.812309764941044,17.15082382646027,9.508663991339384,2.1802022451217193,1.5,9.755407358477042,12.913897272368938,2.441440893135354,16.171156479470746,46.53611399054843,-86.83121678137438,-87.79771206638527,-86.81406341112802,-87.79373075811755,1,1,1,1,4,2,60.0,0.0,60.0,1,2,15.0,0.0,15.0,4,2,60.0,1,1,12.0,-35.78737016178464,-35.7164669247875,0,-7.883230180770518,-9.062305859706907,0.21761347925382368,0.16876951525962788,0.3863829945134516
767,83,0.0,-0.01,1.5,0.0,0.01,1.5,1.9593675888577482,3.3937242146053457,1.5,3.9187351777154955,60.0,1.3418446414997827,24.110369403790067,3.3461678761443263,0.9007144117723133,1.5,3.46527429028563,15.065663187477243,2.595511302919241,25.16580961460056,44.93433681252276,-79.89290775514961,-78.81210749192888,-79.85451783379823,-78.79907762298774,1,1,1,1,4,2,60.0,0.0,60.0,1,2,15.0,0.0,15.0,4,2,60.0,1,2,15.0,-3.516735397869242,-3.516735397869242,1,-0.9315575935158726,0.1610827546867618,0.8535530474482425,1.0270033449226397,1.8805563923708821
768,84,0.0,-0.01,1.5,0.0,0.01,1.5,5.377404512388106,-2.4093691429493096,1.5,5.8924985326131605,-24.134970020060017,2.8783695603950585,20.55410755346786,3.523460153795917,2.5680124226826595,1.5,4.359983859882971,36.08578338404602,4.127935887642476,23.176108236737697,60.220753404106034,-83.41077968412044,-80.81224799350483,-83.42283433757244,-80.7887790008506,1,1,1,1,6,4,-30.0,6.0,-24.0,2,4,30.0,6.0,36.0,6,4,-24.0,2,4,36.0,-33.811428383335866,-33.811428383335866,1,-4.44842300029767,-1.8271228866944536,0.44260096448850517,0.7282079573812568,1.170808921869762
769,84,0.0,-0.01,1.5,0.0,0.01,1.5,4.417482128416829,-1.953682093496412,1.5,4.830219671746886,-23.857959643321283,4.469067529689156,22.282001793081374,5.705787648147297,4.088153001863589,1.5,7.019188532330253,35.6213068973139,3.753475177720023,19.035544522858462,59.47926654063518,-81.68288544450691,-84.94375765539353,-81.69743310415667,-84.92934271472983,1,1,1,1,6,4,-30.0,6.0,-24.0,2,4,30.0,6.0,36.0,6,4,-24.0,2,4,36.0,-52.23145781107493,-52.23145781107493,1,-2.721392195839447,-5.973226268768304,0.6176680666347129,0.3250892947954517,0.9427573614301645
770,84,0.0,-0.01,1.5,0.0,0.01,1.5,5.658709951486216,-2.721002188761139,1.5,6.278921183315813,-25.680669113184962,2.0533738291365253,20.00236463745459,4.311647946574207,3.1993506422444997,1.5,5.368999212816842,36.57633944295716,2.0673076974739386,21.365847570956102,62.257008556142125,-83.9625226001337,-82.6183197411417,-83.97451189261852,-82.59903966663218,1,1,1,1,6,4,-30.0,6.0,-24.0,2,4,30.0,6.0,36.0,6,3,-27.0,2,4,36.0,-9.473871768838533,-9.439124416456602,0,-5.150170617268376,-3.6538010131458614,0.3845804772098241,0.5171663918186318,0.9017468690284558
771,84,0.0,-0.01,1.5,0.0,0.01,1.5,5.120948327537552,-2.0310249551564743,1.5,5.509008453594713,-21.633826541681163,1.1583934953970836,21.138410289333102,5.991626587588847,4.216429296261157,1.5,7.3265179434347205,35.13482925311851,1.2936578569143844,18.66294692353405,56.76865579479967,-82.82647694825519,-85.31558835065583,-82.83810174377832,-85.30194031405424,1,1,1,1,6,4,-30.0,6.0,-24.0,2,4,30.0,6.0,36.0,7,0,-21.0,2,4,36.0,-2.1642630255522928,-2.067087773679071,0,-4.162996146710513,-6.378117380115915,0.46826280934529885,0.29894444328228204,0.7672072526275808
772,84,0.0,-0.01,1.5,0.0,0.01,1.5,6.4821610181546525,-2.895464981197546,1.5,7.09944567713741,-24.069458164722118,3.1355464243019098,18.934573476481855,3.691336259124062,2.78703015793714,1.5,4.625310852167143,37.05350925039852,2.441877373392823,22.662569655246493,61.12296741512064,-85.03031376110643,-81.32494977659427,-85.04029405853066,-81.3023175823418,1,1,1,1,6,4,-30.0,6.0,-24.0,2,4,30.0,6.0,36.0,6,4,-24.0,2,4,36.0,-21.2724764497944,-21.2724764497944,1,-6.066756698469044,-2.3993487278051386,0.3188745134319573,0.6558337798453269,0.9747082932772841
773,84,0.0,-0.01,1.5,0.0,0.01,1.5,6.571125432997629,-3.154587645744414,1.5,7.289109182257566,-25.644176543555282,4.882228773486052,18.70574075552299,2.888602958121079,2.1980996251463143,1.5,3.6298304384274225,37.269536705972875,4.255502100816881,24.770833040973113,62.91371324952816,-85.2591464820653,-79.22303553194374,-85.26946136197957,-79.19405419661518,1,1,1,1,6,4,-30.0,6.0,-24.0,2,4,30.0,6.0,36.0,6,3,-27.0,2,4,36.0,-62.72043911526829,-62.6651688235662,0,-6.439948024884736,-0.31951105828872567,0.2951225524215827,0.9479062270666004,1.2430287794881831
774,84,0.0,-0.01,1.5,0.0,0.01,1.5,3.782278357501301,-1.8133351347100226,1.5,4.194498049158749,-25.614425094959792,2.6349629518627875,23.509415273150083,3.9309383488669183,2.935460329997705,1.5,4.9060374694434215,36.75083693663086,4.5625967692687635,22.150047925318304,62.36526203159065,-80.4554719644382,-81.83602456411187,-80.47337622574196,-81.81483931227,1,1,1,1,6,4,-30.0,6.0,-24.0,2,4,30.0,6.0,36.0,6,3,-27.0,2,4,36.0,-37.13791172997188,-37.09550560212479,0,-1.633135775883211,-2.8823638984821,0.7540943608684278,0.599268539298372,1.3533629001668
775,84,0.0,-0.01,1.5,0.0,0.01,1.5,2.8518695920109924,-1.3175755250618462,1.5,3.141522789043387,-24.797132016103582,2.6529187616474044,26.022840633219605,6.357981093286971,4.264650891456081,1.5,7.655793284081783,33.85195117016778,1.0160222273914954,18.28059090789746,58.64908318627136,-77.94204660436868,-85.69693603193053,-77.96523857706094,-85.68429632969084,1,1,1,1,6,4,-30.0,6.0,-24.0,2,4,30.0,6.0,36.0,6,4,-24.0,2,3,33.0,-4.07631402686741,-4.029295146090792,0,0.9833716807634805,-6.96726163272388,1.1725607615330609,0.26427939642466286,1.4368401579577237
776,84,0.0,-0.01,1.5,0.0,0.01,1.5,6.962607331229751,-3.0646354742384707,1.5,7.60722626447085,-23.756996802269647,2.5951968260430753,18.334146031380477,7.24661212669699,5.31499821791964,1.5,8.986801064410006,36.25803297388598,1.724658449242555,16.88768987762191,60.01502977615563,-85.63074120620782,-87.08862870379014,-85.63994145678006,-87.07719735996639,1,1,1,1,6,4,-30.0,6.0,-24.0,2,4,30.0,6.0,36.0,6,4,-24.0,2,4,36.0,-14.826551956975898,-14.826551956975898,1,-6.6699478976823725,-8.116542225457405,0.2812896461427483,0.20700927902061403,0.4882989251633624
777,84,0.0,-0.01,1.5,0.0,0.01,1.5,7.927211322851727,-3.4639238813971,1.5,8.650979598476798,-23.603704656584235,2.0571362256463637,17.216788815981175,7.555122648776577,6.069080612973011,1.5,9.690903865214104,38.77514627824907,1.494750311582905,16.232404412475496,62.3788509348333,-86.74809842160712,-87.74371022161917,-86.75613958751501,-87.73248282511278,1,1,1,1,6,4,-30.0,6.0,-24.0,2,4,30.0,6.0,36.0,6,4,-24.0,3,0,39.0,-9.88913147514552,-9.792959027486242,0,-7.792338084061315,-9.180324371769222,0.22187922984822028,0.16449328576011313,0.3863725156083334
778,85,0.0,-0.01,1.5,0.0,0.01,1.5,4.060976668293379,1.0134673083340955,1.5,4.185528340064746,14.012646250666684,4.155023824782685,23.524076734638,7.4646431288780954,-2.87477091475516,1.5,7.999075249916654,-21.06261008308055,4.325105623489543,17.89717953073297,35.075256333747234,-80.45086201757113,-86.06770770685532,-80.44081050295028,-86.07551191038917,1,1,1,1,1,2,15.0,0.0,15.0,7,0,-15.0,-6.0,-21.0,1,2,15.0,7,0,-21.0,-55.049265363668205,-55.049265363668205,1,-1.5412367796008686,-7.111680633006284,0.7665998827399275,0.2563594369279552,1.0229593196678828
779,85,0.0,-0.01,1.5,0.0,0.01,1.5,7.660013624198206,1.9992148792522384,1.5,7.916607155614435,14.627530075192126,3.9462348116891643,17.986060229012303,4.039438225698696,-1.688093396522551,1.5,4.377981326435606,-22.680196854680418,1.8918708230633539,23.13623398767861,37.307726929872544,-85.98436895655026,-80.82865324990968,-85.97882700857599,-80.84395313244826,1,1,1,1,1,2,15.0,0.0,15.0,7,0,-15.0,-6.0,-21.0,1,2,15.0,6,4,-24.0,-29.034459398608668,-28.991752214402794,0,-7.027769929596448,-2.032972718160369,0.260934332276175,0.7014914794831669,0.9624258117593419
780,85,0.0,-0.01,1.5,0.0,0.01,1.5,6.06239504087471,1.4560327420534533,1.5,6.234794702117623,13.505186889215379,3.4194920228377153,20.060878602148186,7.175585990737827,-2.8373977621107414,1.5,7.716207641769628,-21.57502352251527,3.8473694944981958,18.210133759770542,35.08021041173065,-83.91051636962467,-85.75475347781774,-83.9040086354401,-85.76303201001019,1,1,1,1,1,2,15.0,0.0,15.0,7,0,-15.0,-6.0,-21.0,1,2,15.0,7,0,-21.0,-43.23364552173003,-43.23364552173003,1,-5.066602342038743,-6.816749488585656,0.3911244896306478,0.2727701904211297,0.6638946800517775
781,85,0.0,-0.01,1.5,0.0,0.01,1.5,5.711727225665296,1.6963240089935978,1.5,5.958300348580482,16.540875853354482,3.248173237199293,20.45576974625132,7.006098204134019,-2.753741732549353,1.5,7.527848668481177,-21.457271610833345,1.3050586004461735,18.424875702839362,37.998147464187824,-83.51741728636995,-85.54001153474893,-83.50911749133698,-85.54845356166852,1,1,1,1,1,2,15.0,0.0,15.0,7,0,-15.0,-6.0,-21.0,1,3,18.0,7,0,-21.0,-17.337938663206536,-17.32430616346559,0,-4.681119108456526,-6.5957119548657985,0.42257800382096833,0.28568898884893223,0.7082669926699006
782,85,0.0,-0.01,1.5,0.0,0.01,1.5,8.320401426448393,1.9293278228855657,1.5,8.54115833745077,13.05498175484491,1.459291705468663,17.326034205800532,5.706102167246116,-2.0213525516914173,1.5,6.053550039545409,-19.50638629877658,2.419192343475968,20.318656583908368,32.56136805362149,-86.64344699500666,-83.64623065367992,-86.63885303178776,-83.65581183964473,1,1,1,1,1,2,15.0,0.0,15.0,7,0,-15.0,-6.0,-21.0,1,1,12.0,7,0,-21.0,-10.514045812345685,-10.473905263755672,0,-7.881759509015883,-4.8117911323159035,0.2176818921560995,0.41167931018583476,0.6293612023419343
783,85,0.0,-0.01,1.5,0.0,0.01,1.5,6.182208307174072,1.516110030032423,1.5,6.365397801901859,13.779143472569709,2.97760729468411,19.880807065944662,5.576444778373002,-2.1976464459261846,1.5,5.993862383099525,-21.509129007091158,2.1168203140534354,20.405247691449002,35.28827247966087,-84.09058066489104,-83.55963954613928,-84.08408017164363,-83.57026691293999,1,1,1,1,1,2,15.0,0.0,15.0,7,0,-15.0,-6.0,-21.0,1,2,15.0,7,0,-21.0,-18.39142850165331,-18.39142850165331,1,-5.20679516143491,-4.620759216294974,0.3802008362444456,0.4276956363621028,0.8078964726065484
784,85,0.0,-0.01,1.5,0.0,0.01,1.5,9.072191472091777,2.255269727854351,1.5,9.348309989065992,13.960264597439082,3.103723292811895,16.541653899192447,8.32572016127459,-3.1004585188109535,1.5,8.884281582138287,-20.425090982843173,1.3164144055561544,16.985039992125056,34.38535558028225,-87.42771686406556,-86.97984724546323,-87.42323333839585,-86.98667178747,1,1,1,1,1,2,15.0,0.0,15.0,7,0,-15.0,-6.0,-21.0,1,2,15.0,7,0,-21.0,-19.028775925428842,-19.028775925428842,1,-8.521302887424193,-8.04015871435503,0.18974560256231354,0.21042694709594856,0.4001725496582621
785,85,0.0,-0.01,1.5,0.0,0.01,1.5,6.946625520058753,1.8295471556096103,1.5,7.183512296260845,14.755038893556911,3.352402703503674,18.830412646626325,7.818246637519557,-2.982048738677425,1.5,8.367651711497885,-20.877935349118815,4.416337839172004,17.50570017611222,35.63297424267573,-85.1406328751414,-86.45918706147606,-85.13447459096197,-86.46658457943234,1,1,1,1,1,2,15.0,0.0,15.0,7,0,-15.0,-6.0,-21.0,1,2,15.0,7,0,-21.0,-52.89785724007592,-52.89785724007592,1,-6.180005936549996,-7.503267967438218,0.311491738301247,0.2359649530047206,0.5474566913059675
786,85,0.0,-0.01,1.5,0.0,0.01,1.5,5.754804848566069,1.3868732516934275,1.5,5.919560478730007,13.549569583491436,1.6696760900497485,20.511715455519493,8.961200359540992,-3.434411039505712,1.5,9.596785455146755,-20.96950320808508,1.368927040097304,16.314797662672152,34.51907279157652,-83.46004779256631,-87.65008957491615,-83.45317178206881,-87.65656788905405,1,1,1,1,1,2,15.0,0.0,15.0,7,0,-15.0,-6.0,-21.0,1,2,15.0,7,0,-21.0,-5.282125277787697,-5.282125277787697,1,-4.609290509959342,-8.692318231574896,0.42867401241870073,0.18286401624797657,0.6115380286666773
787,85,0.0,-0.01,1.5,0.0,0.01,1.5,8.889970176566399,2.3491147288354766,1.5,9.195102487165208,14.801706657271303,3.067711333345119,16.685355596186014,5.691836507978082,-2.081277585829464,1.5,6.060422363402426,-20.08545036213951,3.902562157794372,20.308932629068387,34.887157019410814,-87.28435883689224,-83.6559546085199,-87.27953164140229,-83.66579817247654,1,1,1,1,1,2,15.0,0.0,15.0,7,0,-15.0,-6.0,-21.0,1,2,15.0,7,0,-21.0,-40.152400382243705,-40.152400382243705,1,-8.322216038246271,-4.747146505106824,0.19806177437038966,0.41704029788237634,0.615102072252766
788,86,0.0,-0.01,1.5,0.0,0.01,1.5,8.178077116936832,2.0743896000722915,1.5,8.437063324608506,14.233035538670528,2.1339314776908376,17.432778949138715,4.105347715960594,-1.4361600761744546,1.5,4.34930289050329,-19.281197902792922,1.1093720550952657,23.19226107437752,33.514233441463446,-86.53717061037361,-80.77262616321077,-86.53210828844959,-80.78581596592153,1,1,1,1,1,1,15.0,-3.0,12.0,7,1,-15.0,-3.0,-18.0,1,2,15.0,7,1,-18.0,-6.699942978638204,-6.602352661644957,0,-7.8399006897847245,-1.9116375642233938,0.21963745923598257,0.7171457263040134,0.936783185539996
789,86,0.0,-0.01,1.5,0.0,0.01,1.5,3.5061113873633127,0.8261409218657716,1.5,3.602127965991758,13.258690091627447,2.9240193735074222,24.828395793457396,3.642585511083364,-1.219273273130464,1.5,3.8412311203733536,-18.50680681011056,4.64937811028834,24.271822260909374,31.765496901738008,-79.1475515616082,-79.69306497667893,-79.1364914441309,-79.70741909608746,1,1,1,1,1,1,15.0,-3.0,12.0,7,1,-15.0,-3.0,-18.0,1,1,12.0,7,1,-18.0,-34.34167884836982,-34.34167884836982,1,-0.27162314722965186,-0.7599487133331208,0.9555896796400515,0.8792900690322385,1.8348797486722899
790,86,0.0,-0.01,1.5,0.0,0.01,1.5,8.61356545259633,1.4138184327992485,1.5,8.728825371553949,9.321331023730043,1.1924667087923622,17.136567587314243,5.386626679351944,-1.6357968392620499,1.5,5.629527358672828,-16.892350877889058,1.352034527398715,20.94911066592857,26.2136819016191,-86.83154128373656,-83.01577657165973,-86.82831965027405,-83.02474143445794,1,1,1,1,1,1,15.0,-3.0,12.0,7,1,-15.0,-3.0,-18.0,1,0,9.0,7,1,-18.0,-2.843383427580564,-2.759587288642196,0,-8.251359085024752,-4.127221283503913,0.20110278843578477,0.47156650524029525,0.6726692936760801
791,86,0.0,-0.01,1.5,0.0,0.01,1.5,9.632636915148277,1.8207126702464629,1.5,9.803197874503672,10.703486160332254,2.7514362572575157,16.12836380615954,8.971807674964127,-3.237860980636324,1.5,9.53819043039467,-19.844149290902745,1.353574915471142,16.367846596014992,30.547635451235,-87.83981579092882,-87.5970406415733,-87.83652343142876,-87.60322394234258,1,1,1,1,1,1,15.0,-3.0,12.0,7,1,-15.0,-3.0,-18.0,1,1,12.0,7,0,-21.0,-15.717787687468896,-15.693270191844745,0,-8.965450028690698,-8.820935091794087,0.17235701958715893,0.1778434901734848,0.35020050976064376
792,86,0.0,-0.01,1.5,0.0,0.01,1.5,4.17992469198504,0.8686496065308192,1.5,4.269229739612566,11.739804081396706,4.222816226554011,23.351205901221462,6.599346567105732,-2.2664549636422664,1.5,6.977692542308587,-18.95433039258827,3.2514091658676736,19.083877276588154,30.694134473984974,-80.62196119536151,-84.88100996100015,-80.61368133636684,-84.88909618044404,1,1,1,1,1,1,15.0,-3.0,12.0,7,1,-15.0,-3.0,-18.0,1,1,12.0,7,1,-18.0,-40.17360628295537,-40.17360628295537,1,-1.6636671231652223,-5.974060886355997,0.7499742213818954,0.3250333628156184,1.0750075841975137
793,86,0.0,-0.01,1.5,0.0,0.01,1.5,8.148702121075067,1.6785687479634652,1.5,8.319792022620092,11.639669491623216,2.2593372991671017,17.55393026397676,2.367429916079646,-0.7228694939826084,1.5,2.47533123296248,-16.979492351940486,3.3269625302056864,28.091598487671664,28.619161843563703,-86.41516938530728,-75.87328874991663,-86.41095697361153,-75.89378294255928,1,1,1,1,1,1,15.0,-3.0,12.0,7,1,-15.0,-3.0,-18.0,1,1,12.0,7,1,-18.0,-12.422218221668086,-12.422218221668086,1,-7.4580124964102374,3.006529338394141,0.2382433203973229,1.584127573387613,1.8223708937849359
794,86,0.0,-0.01,1.5,0.0,0.01,1.5,7.7946892761467375,1.620320992395269,1.5,7.961320306963772,11.743118146118256,3.6471243616247184,17.936591707940124,3.46132213400539,-1.0186860798255963,1.5,3.608112005548895,-16.399445133144567,4.6796427036399315,24.815247189020653,28.142563279262824,-86.03273809703217,-79.14964004856765,-86.02829552964818,-79.16323290973185,1,1,1,1,1,1,15.0,-3.0,12.0,7,1,-15.0,-3.0,-18.0,1,1,12.0,7,2,-15.0,-49.66200275501575,-49.579754075445365,0,-7.072236205637977,-0.33960288038577807,0.2585007852079666,0.9446956049591514,1.2031963901671179
795,86,0.0,-0.01,1.5,0.0,0.01,1.5,4.5307363522538795,0.9671512255082342,1.5,4.6328126863318,12.04976135753132,3.442057073397176,22.641078442346057,4.975509581353784,-1.5129754876661632,1.5,5.200460596949272,-16.913705141795106,4.43588787767492,21.63808777667419,28.963466499326426,-81.33163633510377,-82.3267994609141,-81.32380879524223,-82.33651751513206,1,1,1,1,1,1,15.0,-3.0,12.0,7,1,-15.0,-3.0,-18.0,1,1,12.0,7,1,-18.0,-44.65410108153511,-44.65410108153511,1,-2.369403736269416,-3.436783768695057,0.6594754765591314,0.53926613524135,1.1987416118004814
796,86,0.0,-0.01,1.5,0.0,0.01,1.5,4.847551486756086,1.1697814941867575,1.5,4.9866967183590525,13.566892255597281,4.5528095521389105,22.00188951233502,5.172796788889152,-1.6551801817381648,1.5,5.43115531477058,-17.74351825801785,4.010868182880909,21.26109638168215,31.310410513615132,-81.97117032937746,-82.70379085590613,-81.96299772525327,-82.71353954000064,1,1,1,1,1,1,15.0,-3.0,12.0,7,1,-15.0,-3.0,-18.0,1,2,15.0,7,1,-18.0,-55.186589333119706,-55.14706927286689,0,-3.1398510901847665,-3.7540084703327463,0.5707593475894048,0.5072186786993786,1.0779780262887835
797,86,0.0,-0.01,1.5,0.0,0.01,1.5,6.004484602188234,1.431671306559491,1.5,6.172804716491633,13.410846856821259,4.767298643733413,20.147680010873692,2.980652874575647,-0.9013811374855535,1.5,3.1139652396471638,-16.82587504196018,3.4986399420578,26.095839416722054,30.23672189878144,-83.82373401601714,-77.86904782086624,-83.8172072267146,-77.88519603794623,1,1,1,1,1,1,15.0,-3.0,12.0,7,1,-15.0,-3.0,-18.0,1,1,12.0,7,1,-18.0,-47.38024822266149,-47.38024822266149,1,-4.966791294007404,1.0003292214347141,0.39906726828940814,1.1756975860982015,1.5747648543876096
798,87,0.0,-0.01,1.5,0.0,0.01,1.5,8.691552725082023,4.681762451703064,1.5,9.872283850612147,28.309420264807773,2.629195438140431,16.069894534305806,2.3296806294750594,-2.724144621602455,1.5,3.584463105509233,-49.46303363754415,3.3140768049044467,24.884016721415684,77.77245390235193,-87.90333659815403,-79.08087051617261,-87.89499270328248,-79.11770239431333,1,1,1,1,2,2,30.0,0.0,30.0,5,0,-45.0,-6.0,-51.0,2,1,27.0,5,1,-48.0,-22.139580321860283,-22.095323241067614,0,-9.091958138274132,-0.283461649993972,0.16768535264131712,0.9536861562295845,1.1213715088709018
799,87,0.0,-0.01,1.5,0.0,0.01,1.5,6.290250173190882,3.8602706504519007,1.5,7.380307360541853,31.537070805077455,2.687054240644719,18.59874103225411,5.014450642027578,-7.159195211811681,1.5,8.740640212373352,-54.99179420869013,4.744018593094308,17.131354242854698,86.52886501376759,-85.37845809922987,-86.8335329947336,-85.36614620533419,-86.84981245007396,1,1,1,1,2,2,30.0,0.0,30.0,5,0,-45.0,-6.0,-51.0,2,3,33.0,5,0,-51.0,-52.67294014117429,-52.66533002224315,0,-6.541002606478172,-8.738388145345176,0.288970877870677,0.1810505907847171,0.47002146865539407
800,87,0.0,-0.01,1.5,0.0,0.01,1.5,3.0594565725813676,1.672067731860121,1.5,3.4865577608063774,28.65768186680666,3.7384054038802357,25.118068450346392,5.90312878141065,-6.917990854148135,1.5,9.094257906393244,-49.5258391826722,4.019474669311626,16.785999263154643,78.18352104947886,-78.87071289421708,-87.17888797443365,-78.8468187872419,-87.19341937857628,1,1,1,1,2,2,30.0,0.0,30.0,5,0,-45.0,-6.0,-51.0,2,2,30.0,5,0,-51.0,-43.03549876281876,-43.03549876281876,1,-0.006712888160389917,-8.345486572922244,0.9988854442696522,0.19707245082985575,1.195957895099508
801,87,0.0,-0.01,1.5,0.0,0.01,1.5,7.0132406181854545,4.2599345370514055,1.5,8.20564355968072,31.275045602155128,3.099516197647329,17.677316428898497,5.252202647052925,-6.976343669966424,1.5,8.732411101591033,-53.02541109262468,4.255134734889278,17.139343469029235,84.30045669477981,-86.29856088948854,-86.82554376855906,-86.2875708086898,-86.84143722378701,1,1,1,1,2,2,30.0,0.0,30.0,5,0,-45.0,-6.0,-51.0,2,2,30.0,5,0,-51.0,-48.66498814393391,-48.66498814393391,1,-7.421481950744612,-8.096800657729558,0.24009717426192073,0.20788760733840894,0.4479847816003297
802,87,0.0,-0.01,1.5,0.0,0.01,1.5,4.480782709234917,2.7207398565722496,1.5,5.242121617677272,31.266204156291185,3.745653278581725,21.572529426256647,2.0308202014983485,-2.6487360491083103,1.5,3.3376688494606075,-52.522150706074314,2.9435167059130287,25.505876186262228,83.7883548623655,-82.40955606057442,-78.45901105132606,-82.39235781133164,-78.50031593357339,1,1,1,1,2,2,30.0,0.0,30.0,5,0,-45.0,-6.0,-51.0,2,2,30.0,5,0,-51.0,-26.22104247997208,-26.22104247997208,1,-3.5324424344252674,0.3357000438552981,0.5294304116368953,1.0568358058013199,1.5862662174382152
803,87,0.0,-0.01,1.5,0.0,0.01,1.5,3.5863675234063765,2.1310150517416893,1.5,4.171721127267932,30.718728030869656,1.0706860572450645,23.558395590711925,3.468325462494448,-4.626115779230144,1.5,5.78188798893834,-53.14010203431374,2.1516032865959303,20.724709050246666,83.8588300651834,-80.4277619567044,-83.24017818734163,-80.40649164687636,-83.26421906302265,1,1,1,1,2,2,30.0,0.0,30.0,5,0,-45.0,-6.0,-51.0,2,2,30.0,5,0,-51.0,-4.869444636878924,-4.869444636878924,1,-1.4936347796117577,-4.546061562781945,0.7731390109963039,0.4341025311947492,1.2072415421910532
804,87,0.0,-0.01,1.5,0.0,0.01,1.5,4.621523618019825,2.660532003650172,1.5,5.332627034995215,29.928297283689844,4.765028857117177,21.4233720279076,5.784645311659706,-6.587198366353671,1.5,8.766601604920751,-48.71153785203123,1.2080346441472267,17.10489888573094,78.63983513572107,-82.55776800383353,-86.85998835185735,-82.54151520968068,-86.87487863172657,1,1,1,1,2,2,30.0,0.0,30.0,5,0,-45.0,-6.0,-51.0,2,2,30.0,5,1,-48.0,-37.27884355379114,-37.22210401262219,0,-3.59506148505458,-8.190965248162962,0.5230726032897686,0.2037290429364996,0.7268016462262682
805,87,0.0,-0.01,1.5,0.0,0.01,1.5,6.221150044613293,3.444479279874835,1.5,7.111057965385956,28.972090134725462,2.464965409418636,18.921305973536786,1.8625037437824143,-2.466623549470907,1.5,3.090817356365135,-52.9441927388304,1.9276200410667799,26.175049215090915,81.91628287355587,-85.05541466013102,-77.78983802249738,-85.04358126405151,-77.83469048761845,1,1,1,1,2,2,30.0,0.0,30.0,5,0,-45.0,-6.0,-51.0,2,2,30.0,5,0,-51.0,-8.956811466881412,-8.956811466881412,1,-6.148144004152529,0.9222221337457068,0.31355320887842414,1.1612943542025587,1.4748475630809827
806,87,0.0,-0.01,1.5,0.0,0.01,1.5,6.872696934694298,4.261684634878551,1.5,8.086774331172865,31.80260130642366,1.7756116087919822,17.80422976706103,2.810874824988642,-3.584920783488375,1.5,4.555510323294398,-51.90061491189183,1.3016636822244365,22.798346380297065,83.70321621831549,-86.17197964564505,-81.16654085729122,-86.16065747052727,-81.1965493229117,1,1,1,1,2,2,30.0,0.0,30.0,5,0,-45.0,-6.0,-51.0,2,3,33.0,5,0,-51.0,-4.5864644401744075,-4.550600599783825,0,-7.381815471749663,-2.2776847584703472,0.24212517816234014,0.6707289415339855,0.9128541196963257
807,87,0.0,-0.01,1.5,0.0,0.01,1.5,5.862276849685059,3.204282067377158,1.5,6.680846759930077,28.660726754991778,4.760828679222039,19.463679130462612,2.8684920892242203,-3.585283784369275,1.5,4.591569086968332,-51.337608970687185,3.1192594547209693,22.72963199690087,79.99833572567897,-84.51368099603147,-81.23525524068742,-84.50120810712568,-81.26479932989868,1,1,1,1,2,2,30.0,0.0,30.0,5,0,-45.0,-6.0,-51.0,2,2,30.0,5,0,-51.0,-49.96491135113908,-49.96491135113908,1,-5.645997323447128,-2.308585947575991,0.3476896738153371,0.666920771506809,1.014610445322146
808,88,0.0,-0.01,1.5,0.0,0.01,1.5,6.350095574181027,1.5824025570906193,1.5,6.544288475756581,13.992744487442366,2.5764747232589387,19.640029216769022,2.2266106262513423,1.95397901676759,1.5,2.9624025517986974,41.26881509319725,4.228686842023191,26.540529641275743,27.27607060575488,-84.33127682418133,-77.46303669527984,-84.32485802081928,-77.42435759631255,1,1,1,1,1,2,15.0,0.0,15.0,3,1,45.0,-3.0,42.0,1,2,15.0,3,1,42.0,-25.642669095161793,-25.642669095161793,1,-5.421949358909317,1.5057852169289012,0.3639551408312011,1.27167692055711,1.635632061388311
809,88,0.0,-0.01,1.5,0.0,0.01,1.5,6.889587140903675,1.6033594333656158,1.5,7.073695812280012,13.100806920472294,1.6271990177350104,18.96392578782186,6.10384038159362,5.845147079665837,1.5,8.451189962774414,43.75975103985924,1.6237698589134801,17.42282759699689,30.658944119386945,-85.00652848330455,-86.55627544634166,-85.00096144976644,-86.54205964059139,1,1,1,1,1,2,15.0,0.0,15.0,3,1,45.0,-3.0,42.0,1,1,12.0,3,2,45.0,-6.8665310314975745,-6.788184941962171,0,-6.2357532846533426,-7.743654193182277,0.30791407484299615,0.2241957556718463,0.5321098305148424
810,88,0.0,-0.01,1.5,0.0,0.01,1.5,7.1397505769297105,1.81307331644947,1.5,7.3663609164627015,14.248550050290184,2.560116239516405,18.611913268832375,5.41466677282124,4.81330965773828,1.5,7.244761288128891,41.63515022531408,4.298698492897584,18.761561075126536,27.386600175023894,-85.3587785037,-85.2192584278205,-85.35297396875592,-85.20332616246176,1,1,1,1,1,2,15.0,0.0,15.0,3,1,45.0,-3.0,42.0,1,2,15.0,3,1,42.0,-41.51261816496952,-41.51261816496952,1,-6.42510830194595,-6.246591502054455,0.2960357930219752,0.3072228113397938,0.6032586043617689
811,88,0.0,-0.01,1.5,0.0,0.01,1.5,4.906397394584007,1.3300872678059643,1.5,5.083489700349581,15.167898625071714,4.812752024902739,21.83529604192082,3.801097898306799,3.4874071895280925,1.5,5.158522476260484,42.53556206962089,2.7572008573911586,21.714952952752242,27.367663444549173,-82.1385330614184,-82.2727010866946,-82.12959119566747,-82.24993428483606,1,1,1,1,1,2,15.0,0.0,15.0,3,1,45.0,-3.0,42.0,1,2,15.0,3,1,42.0,-44.65171580974583,-44.65171580974583,1,-3.177249570828981,-3.3024242169801066,0.5667118753917147,0.5533350664391048,1.1200469418308194
812,88,0.0,-0.01,1.5,0.0,0.01,1.5,4.697187125610294,1.308258057916925,1.5,4.8759723173028435,15.563555043745058,4.645330425492688,22.197617945781364,2.626269832686611,2.37341007736309,1.5,3.5398260733273927,42.10472201490635,4.956944226630657,24.990888523335393,26.541166971161292,-81.776829042455,-79.00690341161804,-81.76726929180694,-78.9739987142529,1,1,1,1,1,2,15.0,0.0,15.0,3,1,45.0,-3.0,42.0,1,2,15.0,3,1,42.0,-62.39631672227311,-62.39631672227311,1,-2.8312156845104983,-0.013997378249852272,0.6050664758350104,0.9976769591046408,1.6027434349396512
813,88,0.0,-0.01,1.5,0.0,0.01,1.5,2.658639542043862,0.7904614517821973,1.5,2.7736606716166303,16.55816241615762,2.6552911814836664,27.101889226869748,3.7532880769234223,3.5095887937449044,1.5,5.1385197177353845,43.07821280805548,1.6972302074152634,21.748861973555627,26.52005039189786,-76.88084765730017,-82.23911447034317,-76.86299801071854,-82.21602526403267,1,1,1,1,1,2,15.0,0.0,15.0,3,1,45.0,-3.0,42.0,1,3,18.0,3,1,42.0,-4.070890680772793,-4.047488434348233,0,1.947067819981441,-3.315396143890221,1.3593489028101846,0.5519637433139776,1.9113126461241623
814,88,0.0,-0.01,1.5,0.0,0.01,1.5,7.301550411881312,1.861230762109467,1.5,7.535039373955968,14.300655040423134,1.9616694735466669,18.41520833458106,2.9521390686963755,2.683973853105293,1.5,3.9898421930041765,42.27593173279426,1.5277224128528748,23.94960430594768,27.97527669237113,-85.55537447650529,-80.0445704299799,-85.54967890300723,-80.01528293164063,1,1,1,1,1,2,15.0,0.0,15.0,3,1,45.0,-3.0,42.0,1,2,15.0,3,1,42.0,-5.467037052554332,-5.467037052554332,1,-6.617614602878557,-1.0578560323768134,0.28438457215491214,0.8349672069036789,1.119351779058591
815,88,0.0,-0.01,1.5,0.0,0.01,1.5,6.407688584834948,1.687105855902516,1.5,6.626069662269229,14.750854924937297,1.5992494033739826,19.532286840106025,7.366325232555034,6.253385316471916,1.5,9.662689860905376,40.3284327438516,1.2410305976056,16.25793390211195,25.577577818914303,-84.43927596704665,-87.71858785827625,-84.43260039748226,-87.70695333547634,1,1,1,1,1,2,15.0,0.0,15.0,3,1,45.0,-3.0,42.0,1,2,15.0,3,0,39.0,-4.810155152087823,-4.7990912126818,0,-5.478943636726714,-8.892176987357448,0.35975512868478826,0.1751186012312932,0.5348737299160815
816,88,0.0,-0.01,1.5,0.0,0.01,1.5,8.464436867917346,2.309199791015342,1.5,8.77377314305446,15.259636032464117,2.6523430779432724,17.09295189391781,5.162003551465634,4.760995412154944,1.5,7.022347042115212,42.68582274087854,1.5182554865027562,19.032816730589733,27.426186708414427,-86.87714824990636,-84.94884130305147,-86.87193534367049,-84.93207050699857,1,1,1,1,1,2,15.0,0.0,15.0,3,1,45.0,-3.0,42.0,1,2,15.0,3,1,42.0,-14.184821464337274,-14.184821464337274,1,-7.916571746420552,-5.993449678670006,0.21606782759032844,0.32373643376136735,0.5398042613516958
817,88,0.0,-0.01,1.5,0.0,0.01,1.5,5.217636653402133,1.4522467102575516,1.5,5.415972004578614,15.553703540831421,2.1608466056305433,21.2848367634381,2.0042643104798086,1.744202005808346,1.5,2.656937346519289,41.03127440687973,2.5421763712676344,27.48790409468841,25.47757086604831,-82.68865045520265,-76.51990536474571,-82.68005047415019,-76.47698314289988,1,1,1,1,1,2,15.0,0.0,15.0,3,1,45.0,-3.0,42.0,1,2,15.0,3,1,42.0,-5.838352309006639,-5.838352309006639,1,-3.742016458217927,2.430063635576802,0.5084006725610692,1.4593646386137586,1.967765311174828
818,89,0.0,-0.01,1.5,0.0,0.01,1.5,8.170899667328579,-1.729698717879512,1.5,8.351973361319127,-11.952494051430582,4.448836852082213,17.52044475930559,7.766032005311854,4.778478258043055,1.5,9.118393913958656,31.604193134055535,1.1892468507158296,16.760700808570352,43.55668718548612,-86.4444424782827,-87.21417133385168,-86.44875093875476,-87.20418642901794,1,1,1,1,7,3,-15.0,3.0,-12.0,2,3,30.0,3.0,33.0,7,3,-12.0,2,3,33.0,-37.01163520357341,-37.01163520357341,1,-7.480451120000586,-8.344213902822563,0.23711113967329017,0.19712643770635752,0.4342375773796477
819,89,0.0,-0.01,1.5,0.0,0.01,1.5,7.9281382413218955,-1.510156349807641,1.5,8.070684492307636,-10.78454041876681,2.752650268558624,17.817877287780764,2.0277096348686903,1.3464043530715537,1.5,2.434011307555769,33.58426157674242,4.324469074303502,28.247337609179638,44.36880199550923,-86.14700994980753,-75.75703001709385,-86.15103546966506,-75.71754962840865,1,1,1,1,7,3,-15.0,3.0,-12.0,2,3,30.0,3.0,33.0,7,3,-12.0,2,3,33.0,-25.16419461772201,-25.16419461772201,1,-7.262014897160071,3.219988522074079,0.24834600016503808,1.6317721858352139,1.880118186000252
820,89,0.0,-0.01,1.5,0.0,0.01,1.5,6.987164200019405,-1.3413458352039922,1.5,7.114750326445188,-10.867025139849584,4.979871905312206,18.913178279616872,7.961209708863463,5.224081545900732,1.5,9.52217874368689,33.27256222237945,1.4559584120433127,16.384353623666925,44.13958736222904,-85.05170895797143,-87.59054247892576,-85.05631107330571,-87.58053361392136,1,1,1,1,7,3,-15.0,3.0,-12.0,2,3,30.0,3.0,33.0,7,3,-12.0,2,3,33.0,-46.287463396282845,-46.287463396282845,1,-6.156585184289041,-8.620218043180085,0.3130058773539434,0.18573628356039734,0.49874216091434076
821,89,0.0,-0.01,1.5,0.0,0.01,1.5,6.102577441411316,-1.2166495177899985,1.5,6.22267526692185,-11.27502749456097,2.0595418733786537,20.077253874322132,6.78579672291746,4.2961336206381855,1.5,8.031425854176524,32.33817632002122,3.864486242363788,17.864007106848433,43.61320381458219,-83.88763336326616,-86.11245074570579,-83.89309123213206,-86.10088013073985,1,1,1,1,7,3,-15.0,3.0,-12.0,2,3,30.0,3.0,33.0,7,3,-12.0,2,3,33.0,-30.927544928344147,-30.927544928344147,1,-4.9522696008125635,-7.160271164312629,0.40023447487770575,0.25374385519615444,0.6539783300738602
822,89,0.0,-0.01,1.5,0.0,0.01,1.5,8.713373920910122,-1.5140845691675036,1.5,8.843943530359507,-9.857606362150264,1.2588091367020398,17.0228354103861,1.873778274776494,1.1992795811304624,1.5,2.22470594388131,32.62057681734968,4.4425306585021325,29.029634853244414,42.47818317949994,-86.94205182720219,-74.97734493005896,-86.9454152928691,-74.93525238434388,1,1,1,1,7,3,-15.0,3.0,-12.0,2,3,30.0,3.0,33.0,7,4,-9.0,2,3,33.0,-14.02432241176361,-13.976657317548568,0,-8.223488413702063,4.011066384863625,0.2023108142574228,1.8148765380537952,2.0171873523112183
823,89,0.0,-0.01,1.5,0.0,0.01,1.5,6.6979082615624685,-1.3839156669985735,1.5,6.839385765817782,-11.674123171016447,2.941147735840487,19.256297080387377,3.04019524062229,1.9433534148824194,1.5,3.608241898243185,32.58752481109283,3.695825100954345,24.821115353305338,44.261647982109274,-84.70859015720092,-79.16970185618949,-84.71372915347956,-79.14377188428296,1,1,1,1,7,3,-15.0,3.0,-12.0,2,3,30.0,3.0,33.0,7,3,-12.0,2,3,33.0,-27.097075182450435,-27.097075182450435,1,-5.750541828823998,-0.19213061862206407,0.3403222035797061,0.9684407128995093,1.3087629164792154
824,89,0.0,-0.01,1.5,0.0,0.01,1.5,7.810147767398743,-1.5454323309150253,1.5,7.961580825316102,-11.19280942366034,2.0098419936062464,17.936204116299184,2.939684985272307,1.737544003780863,1.5,3.4147923769550435,30.58583443171802,1.0209657332988629,25.299716767399797,41.77864385537836,-86.0286831212891,-78.69105533382677,-86.03291990181097,-78.66517047018849,1,1,1,1,7,3,-15.0,3.0,-12.0,2,3,30.0,3.0,33.0,7,3,-12.0,2,2,30.0,-4.89168407675767,-4.84107060433363,0,-7.099517856314899,-0.016810655294832312,0.257017992110626,0.9972105125916396,1.2542285047022657
825,89,0.0,-0.01,1.5,0.0,0.01,1.5,4.094020277793127,-0.7320513899625497,1.5,4.158954348454358,-10.13791273799275,1.4820692413980825,23.578047029976137,7.16625478609187,4.729411703249953,1.5,8.586183245075908,33.42304872572598,1.893465368925363,17.28364495348839,43.560961463718726,-80.38684020761215,-86.69238811328,-80.39419226995194,-86.68124228409991,1,1,1,1,7,3,-15.0,3.0,-12.0,2,3,30.0,3.0,33.0,7,4,-9.0,2,3,33.0,-5.636380919233562,-5.574896540354026,0,-1.6106381297292756,-7.72666571689503,0.7571413813580908,0.225009366694312,0.9821507480524029
826,89,0.0,-0.01,1.5,0.0,0.01,1.5,6.214758230127174,-1.099996838158684,1.5,6.311355868820308,-10.037256710818532,1.1101297618389276,19.954011869596968,4.368664190337195,2.7537638363575736,1.5,5.164149695193326,32.22505934662611,1.5091702777441425,21.703062438669058,42.26231605744464,-84.01087536799132,-82.27976291135009,-84.0156711008457,-82.26182479891924,1,1,1,1,7,3,-15.0,3.0,-12.0,2,3,30.0,3.0,33.0,7,4,-9.0,2,3,33.0,-1.9879798296472868,-1.9430373111324466,0,-5.253509984517919,-3.3310998829285987,0.376620542226288,0.5503073617970468,0.9269279040233347
827,89,0.0,-0.01,1.5,0.0,0.01,1.5,5.351625498527775,-1.0470568765036885,1.5,5.4530930286513835,-11.070199626249842,2.0901392947495103,21.224264570471433,1.8548896517098232,1.1916921495862953,1.5,2.204709912756278,32.71911703042771,1.4404732740394777,29.108306696266624,43.789316656677556,-82.74062266711687,-74.89917029070372,-82.74673920850418,-74.85658054132166,1,1,1,1,7,3,-15.0,3.0,-12.0,2,3,30.0,3.0,33.0,7,3,-12.0,2,3,33.0,-2.719849731148008,-2.719849731148008,1,-3.8238195743770294,4.093023288614264,0.5003832083238993,1.8344158891826425,2.334799097506542
828,90,0.0,-0.01,1.5,0.0,0.01,1.5,1.8584842469206364,-1.0144715189196134,1.5,2.1173370442022765,-28.628344194067715,4.819706935826796,29.45788040145212,3.208574219561541,1.1238856369983719,1.5,3.399715789222121,19.304118461843693,2.2687528947667657,25.333641828855022,47.93246265591141,-74.50700683613617,-78.64813624519984,-74.54631596525645,-78.63124540873328,1,1,1,1,6,2,-30.0,0.0,-30.0,1,4,15.0,6.0,21.0,6,2,-30.0,1,3,18.0,-17.25327043742005,-17.189781342033086,0,4.345196303284454,0.1750587551773994,1.8951829404476037,1.0293696208011507,2.9245525612487544
829,90,0.0,-0.01,1.5,0.0,0.01,1.5,8.50775060629128,-5.198701422219988,1.5,9.970371951749932,-31.4272143807607,1.0721603714113614,15.984390797182709,6.924956724080272,2.4004116059865823,1.5,7.329188325356339,19.117953201832954,1.8313203369197608,18.656835755699277,50.54516758259365,-87.98049644040559,-85.31581561325511,-87.98958087947364,-85.30805148188902,1,1,1,1,6,2,-30.0,0.0,-30.0,1,4,15.0,6.0,21.0,6,2,-30.0,1,3,18.0,-5.939605527917314,-5.886008784760999,0,-9.12516264556311,-6.533730947534167,0.16647910768386617,0.2894096430531728,0.45588875073703894
830,90,0.0,-0.01,1.5,0.0,0.01,1.5,2.183937476046217,-1.2516868104943788,1.5,2.517201376696889,-29.81844868671172,2.6697589810407742,27.95284124771384,2.98211248686829,1.1565478041176938,1.5,3.198530554417956,21.19770530709271,3.311717814029297,25.86485663697402,51.01615399380443,-76.01204598987445,-78.11967074226776,-76.04636210253591,-78.10003060061428,1,1,1,1,6,2,-30.0,0.0,-30.0,1,4,15.0,6.0,21.0,6,2,-30.0,1,4,21.0,-9.050315283648288,-9.050315283648288,1,2.942581348470954,0.8574920068721098,1.5700044525808396,1.1494452854245627,2.7194497380054026
831,90,0.0,-0.01,1.5,0.0,0.01,1.5,4.814885198511275,-2.759325442724552,1.5,5.549504155662018,-29.816258224822086,4.734170482181966,21.076770301584165,4.518917300824167,1.7343689299344758,1.5,4.840314985288668,20.99689578943398,2.3712990335571105,22.26302312399126,50.81315401425607,-82.88811693600414,-81.7147243233404,-82.90368267328822,-81.70186411359703,1,1,1,1,6,2,-30.0,0.0,-30.0,1,4,15.0,6.0,21.0,6,2,-30.0,1,4,21.0,-41.077373567131175,-41.077373567131175,1,-3.926789611262625,-2.7392824682031702,0.4904418456203019,0.6156010297736977,1.1060428753939995
832,90,0.0,-0.01,1.5,0.0,0.01,1.5,4.112844371507427,-2.490993134025956,1.5,4.808381808675844,-31.20169239534824,1.9792585938733103,22.323448823823085,8.163650908376196,3.0546001263725926,1.5,8.716408554322529,20.514383626674544,4.849036133704269,17.150813639278205,51.71607602202278,-81.64143841376521,-86.82105697472005,-81.66015530493148,-86.8140735983101,1,1,1,1,6,2,-30.0,0.0,-30.0,1,4,15.0,6.0,21.0,6,2,-30.0,1,4,21.0,-45.77978065797459,-45.77978065797459,1,-2.756166593341672,-7.862518212371477,0.613655333448587,0.21857879881432096,0.832234132262908
833,90,0.0,-0.01,1.5,0.0,0.01,1.5,3.4684670876837176,-1.9461068461625355,1.5,3.97713411831005,-29.29615429963097,1.9340134018469937,23.97334576388578,5.142873660650261,2.002625762256948,1.5,5.519027036812326,21.27584919836783,1.1899067260793075,21.122527729340348,50.5720034979988,-79.99154147370251,-82.85378174624299,-80.01291496886526,-82.84235950824794,1,1,1,1,6,2,-30.0,0.0,-30.0,1,4,15.0,6.0,21.0,6,2,-30.0,1,4,21.0,-2.052063129948397,-2.052063129948397,1,-1.056576661125255,-3.8833178835378366,0.8351539682073224,0.4946184857956286,1.329772454002951
834,90,0.0,-0.01,1.5,0.0,0.01,1.5,8.518128479120954,-4.969509010540455,1.5,9.861771270550449,-30.259451907122703,4.950955188954341,16.079416413405742,5.176524560585885,2.1725416600381875,1.5,5.613941911967951,22.767362812902988,2.22011945632279,20.974696996966543,53.02681472002569,-87.88547082418255,-83.00216482596053,-87.89434894785865,-82.99019024062176,1,1,1,1,6,2,-30.0,0.0,-30.0,1,4,15.0,6.0,21.0,6,2,-30.0,2,0,24.0,-51.159578220225654,-51.096194939474024,0,-8.92474172319671,-4.194179273535369,0.17388617082838861,0.4653991467160939,0.6392853175444825
835,90,0.0,-0.01,1.5,0.0,0.01,1.5,6.236011130965305,-3.480559500607953,1.5,7.141577505201177,-29.167579391832447,4.767626846843612,18.884117957414254,7.656559880517607,2.7389271010747076,1.5,8.131705286651336,19.68329511347218,4.299712445215992,17.75403861466168,48.85087450530463,-85.08076928017404,-86.21804578731103,-85.09262482891049,-86.21084862292662,1,1,1,1,6,2,-30.0,0.0,-30.0,1,4,15.0,6.0,21.0,6,2,-30.0,1,4,21.0,-72.01955868881919,-72.01955868881919,1,-6.154024024789254,-7.339560859729284,0.3131718541049285,0.2443028001606605,0.557474654265589
836,90,0.0,-0.01,1.5,0.0,0.01,1.5,5.171571735728917,-2.827976806176974,1.5,5.894285964734416,-28.671214887328947,1.648181201594523,20.55251723412919,9.26919700091856,3.720373675557578,1.5,9.987952409158718,21.869024900072585,2.4678403484174383,15.96778347026006,50.54023978740153,-83.4123700034591,-88.00358244033914,-83.42651003638132,-87.99710376732824,1,1,1,1,6,2,-30.0,0.0,-30.0,1,4,15.0,6.0,21.0,6,2,-30.0,1,4,21.0,-12.919335070819523,-12.919335070819523,1,-4.543529472193704,-9.073174237644091,0.4343211457797315,0.16837137480633385,0.6026925205860654
837,90,0.0,-0.01,1.5,0.0,0.01,1.5,8.517301139917508,-4.433488376426105,1.5,9.602095494835774,-27.498211262871813,1.5251524806127699,16.310930768316123,6.728183670141839,2.772681894259587,1.5,7.277102471857755,22.39654013376137,4.219826193714269,18.719450014096356,49.89475139663318,-87.65395646927217,-85.25453236200603,-87.66230880712435,-85.24543722349193,1,1,1,1,6,2,-30.0,0.0,-30.0,1,4,15.0,6.0,21.0,6,3,-27.0,1,4,21.0,-33.957663295495294,-33.87908156422169,0,-9.024611965625345,-6.385944804940941,0.17015723935444754,0.29845816146761667,0.4686154008220642
838,91,0.0,-0.01,1.5,0.0,0.01,1.5,8.29380502828366,2.7332674831282096,1.5,8.732579972809258,18.23991017935091,2.835138849877074,17.134335191931886,1.464604576028194,-1.6454412105813585,1.5,2.2028489148378227,-48.327771806327725,3.5286392247476512,29.123847118108085,66.56768198567863,-86.83677851491555,-74.84104011948021,-86.8305520456564,-74.89994502654861,1,1,1,1,1,3,15.0,3.0,18.0,5,1,-45.0,-3.0,-48.0,1,3,18.0,5,1,-48.0,-17.471445013585658,-17.471445013585658,1,-7.875681393354359,4.0479826344018655,0.21796484613769482,1.8236648575534702,2.041629703691165
839,91,0.0,-0.01,1.5,0.0,0.01,1.5,5.070324401325945,1.4511215112449751,1.5,5.2738926017770975,15.971065951256314,1.232576966276108,21.51597094190108,2.6141976079784848,-2.905096561650286,1.5,3.90814728049913,-48.017029732570315,2.6724662430416712,24.131184146011964,63.98809568382663,-82.45797931952768,-79.83370309157633,-82.44891629568721,-79.86674670835745,1,1,1,1,1,3,15.0,3.0,18.0,5,1,-45.0,-3.0,-48.0,1,2,15.0,5,1,-48.0,-6.261435203772305,-6.195715219131964,0,-3.7153430819951727,-0.9054290532584784,0.5110379757352147,0.8574356872377565,1.3684736629729712
840,91,0.0,-0.01,1.5,0.0,0.01,1.5,7.052500259805943,2.131314705253777,1.5,7.36751398284346,16.815182669919317,4.838018048671528,18.611062453244635,3.2513220656951716,-3.7221857592155843,1.5,4.9422426084707345,-48.86284991446305,1.3322594909382817,22.08883503090618,65.67803258438236,-85.36064593137199,-81.87605220668212,-85.35382478434366,-81.90252418149106,1,1,1,1,1,3,15.0,3.0,18.0,5,1,-45.0,-3.0,-48.0,1,3,18.0,5,1,-48.0,-41.536613803596104,-41.536613803596104,1,-6.471881989083076,-2.9797015119688264,0.2931659334239974,0.5883586586067856,0.881524592030783
841,91,0.0,-0.01,1.5,0.0,0.01,1.5,6.1509437336655175,1.9816832240755513,1.5,6.4622888526667985,17.857667595992652,4.568374234331234,19.750462358600295,2.631703317017731,-2.801044186557287,1.5,3.84339835091921,-46.785353846745615,2.7910412240589064,24.276241482397687,64.64302144273827,-84.22266690322787,-79.6886457551906,-84.214424878988,-79.7215867382605,1,1,1,1,1,3,15.0,3.0,18.0,5,1,-45.0,-3.0,-48.0,1,3,18.0,5,1,-48.0,-41.30811720984374,-41.30811720984374,1,-5.260160308923265,-0.8393305273193769,0.3761132574166271,0.8673154485530309,1.243428705969658
842,91,0.0,-0.01,1.5,0.0,0.01,1.5,6.567546586207657,1.9698733211139352,1.5,6.856607693549653,16.696117483770784,3.5335973074860463,19.235524002141887,6.01203749411561,-6.979470674579538,1.5,9.211818806726914,-49.25876035316564,4.283878559958809,16.674316843533962,65.95487783693642,-84.73664159416957,-87.29057039405433,-84.72936323544641,-87.30486008861186,1,1,1,1,1,3,15.0,3.0,18.0,5,1,-45.0,-3.0,-48.0,1,3,18.0,5,1,-48.0,-53.426923783777475,-53.426923783777475,1,-5.863889717370077,-8.425406992746009,0.3324910563057407,0.19370973044590795,0.5262007867516487
843,91,0.0,-0.01,1.5,0.0,0.01,1.5,7.843331226649142,2.8373047782486727,1.5,8.340751952648052,19.88745954197009,3.446097514870982,17.533511612201064,3.953246300201586,-4.336446737325242,1.5,5.867957618773015,-47.646678098944456,4.685657309728686,20.59527874224652,67.53413764091455,-86.43846086856335,-83.36960849534178,-86.43137562538723,-83.3914863537599,1,1,1,1,1,3,15.0,3.0,18.0,5,1,-45.0,-3.0,-48.0,1,4,21.0,5,1,-48.0,-56.027535862801976,-55.94277235784286,0,-7.665004359637564,-4.434854743646656,0.22798542109125938,0.4437931255975972,0.6717785466888566
844,91,0.0,-0.01,1.5,0.0,0.01,1.5,6.142282436931171,1.7989044660197222,1.5,6.40028833826249,16.3238467673278,1.2778765250436868,19.833891829833266,1.8448726039315357,-2.1398395735033935,1.5,2.825326233387626,-49.23357909873322,3.15277720784269,26.955997921654,65.55742586606102,-84.138623786457,-77.00888931593428,-84.13099540775504,-77.05545760345554,1,1,1,1,1,3,15.0,3.0,18.0,5,1,-45.0,-3.0,-48.0,1,2,15.0,5,1,-48.0,-6.555186855942528,-6.535402997338256,0,-5.3254120664402365,1.8211843532993308,0.3711675237014402,1.3339745153105396,1.7051420390119798
845,91,0.0,-0.01,1.5,0.0,0.01,1.5,5.6314920855935,1.915525710190305,1.5,5.948356231472885,18.785496637767594,1.23642513810139,20.470831994719852,4.552870927655831,-5.178375029394498,1.5,6.89523035358139,-48.67779311583077,4.642829695922517,19.19256515996133,67.46328975359836,-83.5034604319322,-84.77232207762697,-83.49405524286844,-84.79124448471546,1,1,1,1,1,3,15.0,3.0,18.0,5,1,-45.0,-3.0,-48.0,1,3,18.0,5,1,-48.0,-37.67396792454969,-37.67396792454969,1,-4.573123456743432,-5.852083096375498,0.4317719581282668,0.33329923223885116,0.7650711903671179
846,91,0.0,-0.01,1.5,0.0,0.01,1.5,3.902916417985921,1.2459411016310962,1.5,4.096965437310615,17.70481739396142,1.4880641773529355,23.711257662305087,2.807698645741632,-3.1405140857075393,1.5,4.21260019558311,-48.202484322054204,2.659695309841076,23.478446585678,65.90730171601562,-80.26652299458682,-80.48644065191029,-80.25362957528321,-80.51718244830792,1,1,1,1,1,3,15.0,3.0,18.0,5,1,-45.0,-3.0,-48.0,1,3,18.0,5,1,-48.0,-6.5714241366329365,-6.5714241366329365,1,-1.3095254198213553,-1.5575476511635928,0.7988270176506383,0.7643689081604749,1.5631959258111132
847,91,0.0,-0.01,1.5,0.0,0.01,1.5,7.5159541211835315,2.456850615033154,1.5,7.90731821139914,18.101777917939764,2.9565344303827863,17.996903073023546,1.3616886413585652,-1.54159482149927,1.5,2.0568691134047157,-48.54588236168317,3.008258297344856,29.721606733055815,66.64766027962293,-85.97481134781839,-74.24328050453248,-85.96798416456474,-74.30657933009564,1,1,1,1,1,3,15.0,3.0,18.0,5,1,-45.0,-3.0,-48.0,1,3,18.0,5,1,-48.0,-14.473549179914869,-14.473549179914869,1,-7.011344300803183,4.6294988738857965,0.2618385470798224,1.9648375967683451,2.2266761438481675
848,92,0.0,-0.01,1.5,0.0,0.01,1.5,7.185812010459035,-5.813118953192335,1.5,9.242740189663522,-38.971880658504276,1.1408053042960167,16.64397234459076,2.7948056535145827,1.6717642739912049,1.5,3.256644658035386,30.886527945555137,3.9188147659649006,25.71234151713071,69.8584086040594,-87.32091489299754,-78.27992809791331,-87.33273644423929,-78.25254572045758,1,1,1,1,5,3,-45.0,3.0,-42.0,2,2,30.0,0.0,30.0,5,4,-39.0,2,2,30.0,-16.292929214510163,-16.197710246729873,0,-8.847379411637725,0.665199342428298,0.17682741866240356,1.1147138613486038,1.2915412800110073
849,92,0.0,-0.01,1.5,0.0,0.01,1.5,4.5845536443634485,-4.213159468839897,1.5,6.226463268013508,-42.582702295814904,4.196478398738089,20.078687352166096,6.213528630227279,3.4597431835221495,1.5,7.111804337478786,29.10941541256797,1.4026715236825331,18.92041877766981,71.69211770838288,-83.88619988542219,-85.05635185184022,-83.90507875632136,-85.04446845991849,1,1,1,1,5,3,-45.0,3.0,-42.0,2,2,30.0,0.0,30.0,5,3,-42.0,2,2,30.0,-30.45793015355159,-30.45793015355159,1,-4.940875906814873,-6.123095335472572,0.4011523358137629,0.3151824274236972,0.7163347632374601
850,92,0.0,-0.01,1.5,0.0,0.01,1.5,4.186035935969273,-3.9124238545012484,1.5,5.729743211915919,-43.064958388283344,2.3416627102210072,20.801725472453143,5.89731621301456,3.633964864156785,1.5,6.927051259389556,31.641647481170015,4.449048079720014,19.149684792110268,74.70660586945336,-83.16316176513516,-84.82835957505995,-83.18386414870875,-84.81520244547802,1,1,1,1,5,3,-45.0,3.0,-42.0,2,2,30.0,0.0,30.0,5,3,-42.0,2,3,33.0,-40.342119140868746,-40.28878435442679,0,-4.260613104069479,-5.995667960380384,0.45934775116415744,0.32358834607061476,0.7829360972347722
851,92,0.0,-0.01,1.5,0.0,0.01,1.5,4.884140595604205,-4.102851251393219,1.5,6.378731672416383,-40.031450170872326,1.9458749457943174,19.86814806089267,7.596777563061376,4.167182012246788,1.5,8.664665906186222,28.746794739455552,2.3008982230657886,17.203859072981803,68.77824491032789,-84.09673917669564,-86.770669650206,-84.11425700711123,-86.76102816460649,1,1,1,1,5,3,-45.0,3.0,-42.0,2,2,30.0,0.0,30.0,5,4,-39.0,2,2,30.0,-13.058094557000462,-12.974665640662668,0,-5.34056496768847,-7.880909486224692,0.37002720445366083,0.21772144271426386,0.5877486471679247
852,92,0.0,-0.01,1.5,0.0,0.01,1.5,3.3296094585784735,-3.1289324528918208,1.5,4.56908277900662,-43.220303038950945,1.014888399403663,22.770513513174656,6.169065231544065,3.4689943454145573,1.5,7.077519876310062,29.349957955510185,2.879501135125727,18.962466962837002,72.57026099446114,-81.19437372441365,-85.01444968515108,-81.22040955319024,-85.0024202747513,1,1,1,1,5,3,-45.0,3.0,-42.0,2,2,30.0,0.0,30.0,5,3,-42.0,2,2,30.0,-12.366820876796803,-12.366820876796803,1,-2.311762809637365,-6.061225045567049,0.6665302303738969,0.3192390997954906,0.9857693301693875
853,92,0.0,-0.01,1.5,0.0,0.01,1.5,5.297452815375229,-4.778367216179687,1.5,7.134129209916775,-42.05084612991536,4.0828114380557,18.895412633597278,6.2175997090640305,3.6931822530353586,1.5,7.231745383812157,30.709821531875598,4.413524979586935,18.77534527829579,72.76066766179096,-85.06947460399103,-85.20181009836007,-85.08578486049143,-85.18954195929251,1,1,1,1,5,3,-45.0,3.0,-42.0,2,2,30.0,0.0,30.0,5,3,-42.0,2,2,30.0,-61.4796506558392,-61.4796506558392,1,-6.105786543543449,-6.252651657711842,0.31631264924287444,0.3068369007584734,0.6231495500013479
854,92,0.0,-0.01,1.5,0.0,0.01,1.5,6.876793018909189,-6.454813193587906,1.5,9.431590300104997,-43.18704565130186,4.460696700198396,16.468683992324,4.624207288492953,2.8002815285972975,1.5,5.406003115644179,31.197842830727375,4.316186261224171,21.30486800787841,74.38488848202923,-87.4962032452643,-82.67666461027117,-87.50881014749935,-82.66001922970987,1,1,1,1,5,3,-45.0,3.0,-42.0,2,2,30.0,0.0,30.0,5,3,-42.0,2,2,30.0,-64.8962593611071,-64.8962593611071,1,-8.60733205962067,-3.7737660556138013,0.18625405766583472,0.505276272601201,0.6915303302670357
855,92,0.0,-0.01,1.5,0.0,0.01,1.5,3.101260006095638,-2.769978242500579,1.5,4.158195893573908,-41.77053783380995,3.139064192453299,23.589891483958148,7.350347655411961,4.150398173898301,1.5,8.441173831720235,29.451389049841534,3.6442351440219247,17.43107754885897,71.22192688365148,-80.37499575363015,-86.54392854985045,-80.40282627680921,-86.53380968872932,1,1,1,1,5,3,-45.0,3.0,-42.0,2,2,30.0,0.0,30.0,5,3,-42.0,2,2,30.0,-33.36654007900654,-33.36654007900654,1,-1.416044012598402,-7.585787810011721,0.7838879400489496,0.23186208797625293,1.0157500280252025
856,92,0.0,-0.01,1.5,0.0,0.01,1.5,2.2950208179996414,-2.1458555715622096,1.5,3.141944730426734,-43.0762069601932,3.8529261828554597,26.028986137679976,1.9449755800513933,1.123653661871665,1.5,2.2462251799037993,30.01593780782848,3.191096679218155,28.9443113339386,73.09214476802168,-77.93590109990832,-75.05926084332214,-77.97366332542425,-75.02057590364969,1,1,1,1,5,3,-45.0,3.0,-42.0,2,2,30.0,0.0,30.0,5,3,-42.0,2,2,30.0,-15.33662998252949,-15.33662998252949,1,0.9615492647245737,3.9336363514551334,1.168532015901402,1.7965124474904053,2.9650444633918074
857,92,0.0,-0.01,1.5,0.0,0.01,1.5,2.656200058389286,-2.3213516661194613,1.5,3.527615668972861,-41.15141379096345,2.754191507036633,25.020651943731348,2.4124238710969323,1.344747389142526,1.5,2.7619077599449167,29.13642479190505,4.52054970517636,27.145177113139475,70.2878385828685,-78.94423529385693,-76.8503330530891,-78.97664256071786,-76.81971012444882,1,1,1,1,5,3,-45.0,3.0,-42.0,2,2,30.0,0.0,30.0,5,3,-42.0,2,2,30.0,-23.391998520462092,-23.391998520462092,1,-0.022214217059185026,2.098205243833778,0.9963150166245553,1.3901944182888968,2.386509434913452
858,93,0.0,-0.01,1.5,0.0,0.01,1.5,6.879565247186594,-6.890112753702476,1.5,9.736635545661091,-45.043888280431226,1.1898044773339573,16.192211390634085,2.0979283736932746,-0.15413796809596544,1.5,2.103583127512688,-4.202057371864753,1.504675848550833,29.497811950398116,40.84183090856647,-87.77267584695421,-74.46707528719018,-87.78530099969433,-74.4731249424755,1,1,1,1,5,1,-45.0,-3.0,-48.0,0,1,0.0,-3.0,-3.0,5,2,-45.0,0,1,-3.0,-0.046302152077619674,0.041198830759285876,0,-9.276017006172541,4.402217424572646,0.1611013041744648,1.9090569806847328,2.0701582848591977
859,93,0.0,-0.01,1.5,0.0,0.01,1.5,5.784638632810132,-6.41620538900029,1.5,8.638850369466752,-47.963224577667525,2.9210327811494796,17.232428099377934,3.715869967379184,-0.28252898535287874,1.5,3.7265952613659437,-4.348007994871837,3.5152139648217164,24.529569742510787,43.61521658279569,-86.73245913821036,-79.4353174950775,-86.747395669948,-79.43885158241864,1,1,1,1,5,1,-45.0,-3.0,-48.0,0,1,0.0,-3.0,-3.0,5,1,-48.0,0,1,-3.0,-27.026838728853956,-27.026838728853956,1,-7.768367875839433,-0.5751057923635127,0.22301702405348636,0.9076370483894893,1.1306540724429757
860,93,0.0,-0.01,1.5,0.0,0.01,1.5,4.141789556428207,-4.445040478562127,1.5,6.075590965971425,-47.02260670066114,1.142703568260953,20.29276809322969,2.9530208618302773,-0.11804733404273951,1.5,2.95537939755278,-2.2891862323865535,1.5820636315194885,26.54293733625883,44.73342046827459,-83.67211914435859,-77.42194990132946,-83.69303786299555,-77.42429748359103,1,1,1,1,5,1,-45.0,-3.0,-48.0,0,1,0.0,-3.0,-3.0,5,1,-48.0,0,1,-3.0,0.4394277558138153,0.4394277558138153,1,-4.759817867861773,1.5073591293394406,0.415984738389305,1.2719832360783772,1.687967974467682
861,93,0.0,-0.01,1.5,0.0,0.01,1.5,2.1035766869421386,-2.415013549630948,1.5,3.2027059376014426,-48.94278779104747,1.6637847127304575,25.864192119142988,9.32397689348565,-0.6910784618971639,1.5,9.349552639070623,-4.238921921355184,4.945753269001303,16.538942535014066,44.70386586969229,-78.1006951184453,-87.42594470257423,-78.14159517455121,-87.42731715143243,1,1,1,1,5,1,-45.0,-3.0,-48.0,0,1,0.0,-3.0,-3.0,5,1,-48.0,0,1,-3.0,-44.47445715744288,-44.47445715744288,1,0.8113778148720342,-8.545192715067571,1.1410523185687018,0.1887699240519354,1.3298222426206372
862,93,0.0,-0.01,1.5,0.0,0.01,1.5,2.5294852340654845,-2.8796621741752304,1.5,3.8328513911617987,-48.70404069060518,3.1104001866807898,24.30066673050558,5.30913410520579,-0.16529763446346385,1.5,5.311706717714985,-1.7833036763544081,1.596690132530008,21.449890476056517,46.920737014250776,-79.66422050708272,-82.51499676153176,-79.69827092522816,-82.51601420317583,1,1,1,1,5,1,-45.0,-3.0,-48.0,0,1,0.0,-3.0,-3.0,5,1,-48.0,0,1,-3.0,-10.832703858426024,-10.832703858426024,1,-0.7295265335287343,-3.6322672744485756,0.8839108917598627,0.5193251258493059,1.4032360176091685
863,93,0.0,-0.01,1.5,0.0,0.01,1.5,2.728604688930066,-3.2041158766456075,1.5,4.208520179281976,-49.58249574613232,4.965674395003721,23.48720821932651,2.7723879998863357,-0.14884130841714352,1.5,2.7763805497454923,-3.0730906125279143,4.4940466723167525,27.08611787078325,46.5094051336044,-80.47767901826178,-76.87876936680505,-80.50910758350129,-76.8821231053043,1,1,1,1,5,1,-45.0,-3.0,-48.0,0,1,0.0,-3.0,-3.0,5,0,-51.0,0,1,-3.0,-52.701300299843915,-52.63739601905458,0,-1.6498549813560608,2.0754629502451625,0.7518360098682656,1.385526528715783,2.1373625385840485
864,93,0.0,-0.01,1.5,0.0,0.01,1.5,5.942183708047959,-6.873331621720614,1.5,9.085826038524791,-49.15568612035519,1.2345794300978663,16.794023768564188,2.333677802624759,-0.09322657687261135,1.5,2.3355391842353894,-2.2876554179246344,1.2929188975447192,28.587738700631494,46.86803070243056,-87.17086346902411,-75.3771485369568,-87.18532866150456,-75.3801159274336,1,1,1,1,5,1,-45.0,-3.0,-48.0,0,1,0.0,-3.0,-3.0,5,1,-48.0,0,1,-3.0,-0.2345704043329646,-0.2345704043329646,1,-8.278107546006105,3.5477054563195325,0.19994972831658206,1.7063971069665114,1.9063468352830935
865,93,0.0,-0.01,1.5,0.0,0.01,1.5,5.233376044760618,-6.145079980863766,1.5,8.07156941350856,-49.58106336889874,2.9804900502229064,17.82311258642615,2.381612823435164,-0.1287899076283509,1.5,2.3850925518850907,-3.095355283561469,2.5649365490790283,28.405863892124206,46.48570808533727,-86.14177465116214,-75.55902334546408,-86.15816078574916,-75.56295688365057,1,1,1,1,5,1,-45.0,-3.0,-48.0,0,1,0.0,-3.0,-3.0,5,0,-51.0,0,1,-3.0,-14.640334357614172,-14.624127934532323,0,-7.311494487166732,3.3919399894674758,0.2457591402731398,1.6707067322815055,1.9164658725546453
866,93,0.0,-0.01,1.5,0.0,0.01,1.5,5.509925859917475,-6.010707160012921,1.5,8.154010273798894,-47.48897815898679,2.1980314117752906,17.734505478295027,7.741671339409118,-0.41042558519075634,1.5,7.752543085233886,-3.0347012723115707,2.4894326919001193,18.165779168668138,44.45427688667522,-86.23038175929327,-85.79910806892016,-86.24608558433094,-85.80029402587195,1,1,1,1,5,1,-45.0,-3.0,-48.0,0,1,0.0,-3.0,-3.0,5,1,-48.0,0,1,-3.0,-16.9281070580918,-16.9281070580918,1,-7.2802821104381845,-6.836371386461094,0.247388072808774,0.27164937978661274,0.5190374525953867
867,93,0.0,-0.01,1.5,0.0,0.01,1.5,6.237616941604404,-7.1489069985573765,1.5,9.487609624358125,-48.894412181209724,2.332518528113969,16.4178412553286,6.333338615263108,-0.13404956058760573,1.5,6.334757082972997,-1.2125243768777567,2.7870373682611755,19.919757297507065,47.681887804331964,-87.54704598225969,-84.04512994008122,-87.56084272966353,-84.04570956655057,1,1,1,1,5,1,-45.0,-3.0,-48.0,0,1,0.0,-3.0,-3.0,5,1,-48.0,0,2,0.0,-20.276982874232115,-20.20148917351883,0,-8.625570473064922,-5.25315907318535,0.18552161327470373,0.37664732626457526,0.562168939539279
868,94,0.0,-0.01,1.5,0.0,0.01,1.5,8.63458334492436,-0.7778214884573611,1.5,8.669546459207147,-5.147431291086913,1.3987514964632242,17.19504409317657,8.4436152789328,-4.588022861872391,1.5,9.609609396832482,-28.518411746936508,3.6788646268941596,16.304276180924113,23.370980455849594,-86.76984314441172,-87.66061105666418,-86.77164121335932,-87.66924289854987,1,1,1,1,0,0,0.0,-6.0,-6.0,6,3,-30.0,3.0,-27.0,0,0,-6.0,6,2,-30.0,-26.903619890502014,-26.899862177158926,0,-7.8458573491906725,-8.828875367525693,0.21935818575458704,0.1775378255835753,0.3968960113381623
869,94,0.0,-0.01,1.5,0.0,0.01,1.5,5.852476981258257,-0.5583496689976144,1.5,5.879051043240525,-5.449751646273569,4.140195498861757,20.56932381778801,5.750486752965102,-2.6894352692001378,1.5,6.348319459766084,-25.064941092212155,1.1913270922284882,19.90669302604677,19.615189445938586,-83.39556341980028,-84.05819421154152,-83.39836949451508,-84.06978921923587,1,1,1,1,0,0,0.0,-6.0,-6.0,6,3,-30.0,3.0,-27.0,0,0,-6.0,6,4,-24.0,-27.87933323216912,-27.857929661232703,0,-4.451994063314108,-5.3205154612045575,0.4422876518660613,0.37153667197810275,0.813824323844164
870,94,0.0,-0.01,1.5,0.0,0.01,1.5,9.933520909738851,-0.5691203056012069,1.5,9.94981083169256,-3.2790571838382894,1.5562675119617326,15.998276886266158,6.624821342144901,-3.60018333253331,1.5,7.539865903528339,-28.521362304738524,2.1975763511131197,18.412301914132122,25.242305120900234,-87.96661035132215,-85.55258532345617,-87.96760913403135,-85.56358673328242,1,1,1,1,0,0,0.0,-6.0,-6.0,6,3,-30.0,3.0,-27.0,0,1,-3.0,6,2,-30.0,-10.850509127279073,-10.754791037700967,0,-9.398480067164305,-6.724404297511278,0.15685679718260523,0.27810157846680683,0.4349583756494121
871,94,0.0,-0.01,1.5,0.0,0.01,1.5,4.179373290387008,-0.401864548571226,1.5,4.198649332320893,-5.4923480864592635,2.7915462013417147,23.493841381294914,4.372071935818312,-2.024841749431568,1.5,4.818194384020965,-24.850313846284653,1.4429603997208496,22.30395595143781,19.35796575982539,-80.47104585629339,-81.66093128615047,-80.47500594802844,-81.67608374796293,1,1,1,1,0,0,0.0,-6.0,-6.0,6,3,-30.0,3.0,-27.0,0,0,-6.0,6,4,-24.0,-8.296710283519422,-8.23671905458774,0,-1.5301998285615985,-2.9876848458635905,0.7681122957688346,0.5874710423398595,1.3555833381086941
872,94,0.0,-0.01,1.5,0.0,0.01,1.5,3.156761521918721,-0.3863402678723211,1.5,3.1803147814086357,-6.97744593110392,4.29311094534682,25.907952500758576,4.753413368451436,-2.2510580526443156,1.5,5.259486762769504,-25.340674419769286,3.595660132205976,21.542269898540205,18.363228488665367,-78.05693473682972,-82.42261733904809,-78.06357015396337,-82.43675457146733,1,1,1,1,0,0,0.0,-6.0,-6.0,6,3,-30.0,3.0,-27.0,0,0,-6.0,6,3,-27.0,-37.128569513400926,-37.128569513400926,1,0.8187581210143392,-3.6386796778564987,1.1423928552213327,0.5186815078427056,1.6610743630640383
873,94,0.0,-0.01,1.5,0.0,0.01,1.5,5.593860221881147,-0.4724839443981779,1.5,5.613778875201468,-4.828013346205873,4.22628669708038,20.970260888890564,6.568229405658727,-3.614172654530665,1.5,7.496924803018716,-28.821819475383705,2.4771477265067112,18.461995971991747,23.993806129177834,-82.99462634869772,-85.50289126559655,-82.99723104261025,-85.5140622080884,1,1,1,1,0,0,0.0,-6.0,-6.0,6,3,-30.0,3.0,-27.0,0,0,-6.0,6,2,-30.0,-37.09039041325728,-37.027545127944556,0,-4.107260024763338,-6.7283699078021995,0.47341841591660266,0.27787070214316784,0.7512891180597705
874,94,0.0,-0.01,1.5,0.0,0.01,1.5,9.465312234956052,-1.2054195667799044,1.5,9.541759378499574,-7.25762319748751,1.0002822070898643,16.362653603795014,6.71923164787494,-3.107304559549523,1.5,7.402932902816385,-24.818152400873903,1.1596352651711834,18.57092165919553,17.560529203386395,-87.60223363379328,-85.39396557839275,-87.604532762016,-85.40381453933897,1,1,1,1,0,0,0.0,-6.0,-6.0,6,3,-30.0,3.0,-27.0,0,0,-6.0,6,4,-24.0,-2.4306078824504533,-2.3742002063660435,0,-8.726860912947384,-6.706253574087588,0.18150274151370538,0.279160528028203,0.4606632695419084
875,94,0.0,-0.01,1.5,0.0,0.01,1.5,8.341524107482265,-0.8286330876980209,1.5,8.382580582955093,-5.673055230507167,1.6491405023816919,17.48754244892663,2.345317138800646,-1.1501758483041626,1.5,2.612167101005265,-26.123968671247656,4.100846563642953,27.62866107022742,20.45091344074049,-86.47734478866167,-76.33622616736088,-86.47939482658168,-76.36550890036803,1,1,1,1,0,0,0.0,-6.0,-6.0,6,3,-30.0,3.0,-27.0,0,0,-6.0,6,3,-27.0,-16.077451896528665,-16.077451896528665,1,-7.521009845976382,2.5045207309239186,0.23507723031441283,1.4751530980883585,1.7102303284027713
876,94,0.0,-0.01,1.5,0.0,0.01,1.5,2.6381542967546143,-0.2893715209849105,1.5,2.6539770101946916,-6.25958494746601,3.689130176024816,27.479643522404125,5.905214856765094,-3.2215924695845835,1.5,6.726828416471115,-28.61469329491761,1.9164876777792816,19.404048821342286,22.3551083474516,-76.48524371518417,-84.56083841624601,-76.49238125547964,-84.57320564689327,1,1,1,1,0,0,0.0,-6.0,-6.0,6,3,-30.0,3.0,-27.0,0,0,-6.0,6,2,-30.0,-13.095873593456487,-13.013215039169186,0,2.4379273562901846,-5.7500417263115615,1.4610274962817458,0.34035711500987637,1.801384611291622
877,94,0.0,-0.01,1.5,0.0,0.01,1.5,5.744630668790989,-0.7289379949417524,1.5,5.790693578603837,-7.231632228238151,1.5767664755258703,20.701341672646553,2.40692713964704,-1.171949144045319,1.5,2.67708106933616,-25.961764789606146,2.078360174918325,27.41501320321025,18.730132561367995,-83.26354556494174,-76.54987403437804,-83.2673208737966,-76.57828115853044,1,1,1,1,0,0,0.0,-6.0,-6.0,6,3,-30.0,3.0,-27.0,0,0,-6.0,6,3,-27.0,-1.5264245999131179,-1.5264245999131179,1,-4.392885903793011,2.273452743109322,0.4474980473574254,1.4264764638799208,1.8739745112373463
878,95,0.0,-0.01,1.5,0.0,0.01,1.5,7.844603517822473,-0.6333465975811601,1.5,7.8701291135851354,-4.615854343512958,4.054341805501222,18.03532178613096,5.7771854779941645,5.499780192940395,1.5,7.976431170505149,43.59084901970898,2.232042194762875,17.925413415717497,48.20670336322194,-85.92956545145734,-86.05448984425833,-85.93134152168236,-86.0394738218708,1,1,1,1,0,0,0.0,-6.0,-6.0,3,1,45.0,-3.0,42.0,0,0,-6.0,3,2,45.0,-36.15229873713122,-36.13845279024276,0,-7.0680813475435595,-7.210874785795891,0.25872729134775496,0.25104587661968636,0.5097731679674413
879,95,0.0,-0.01,1.5,0.0,0.01,1.5,9.4080360783537,-1.3044872925102673,1.5,9.498043479997637,-7.894110952309078,4.76231273331164,16.40264608127793,6.251772463113542,5.407814612478729,1.5,8.266142861908644,40.85997020676699,2.9781538313908813,17.61489319564348,48.754081159076065,-87.56224115631036,-86.36374291776043,-87.56475312965637,-86.34999404194481,1,1,1,1,0,0,0.0,-6.0,-6.0,3,1,45.0,-3.0,42.0,7,4,-9.0,3,1,42.0,-56.60814616903331,-56.512111569787486,0,-8.789951995408956,-7.455450832265425,0.17904093397862642,0.23837288947555013,0.41741382345417655
880,95,0.0,-0.01,1.5,0.0,0.01,1.5,5.092034094424876,-0.4887228358913412,1.5,5.115433630603278,-5.482336847205432,4.620431786673862,21.778035400676234,3.5703490601058725,3.1389645063146827,1.5,4.75399732676642,41.32115287009914,4.748038750108275,22.42496199518996,46.80348971730457,-82.18685183691206,-81.56405430280815,-82.19009583878814,-81.53992524239833,1,1,1,1,0,0,0.0,-6.0,-6.0,3,1,45.0,-3.0,42.0,0,0,-6.0,3,1,42.0,-65.67029471340265,-65.67029471340265,1,-3.238371817672885,-2.6020865985645014,0.5601473631512162,0.631595023981664,1.19174238713288
881,95,0.0,-0.01,1.5,0.0,0.01,1.5,7.380235395686887,-0.9770334035604124,1.5,7.444626838695303,-7.541257522078066,1.7862374195583701,18.518742538014905,7.618291722831913,6.362526239828979,1.5,9.92572964203043,39.867431776284995,3.1025466453602912,16.024436821270662,47.40868929836306,-85.44614469957338,-87.951669046018,-85.44920683518953,-87.94045041631763,1,1,1,1,0,0,0.0,-6.0,-6.0,3,1,45.0,-3.0,42.0,7,4,-9.0,3,0,39.0,-21.34093469972416,-21.24155136253896,0,-6.609360093990361,-9.2194961651289,0.28487553724342013,0.1630967022673376,0.4479722395107577
882,95,0.0,-0.01,1.5,0.0,0.01,1.5,2.449437953941578,-0.19277089169039813,1.5,2.4570117840361725,-4.499905707447735,2.763891347960237,28.148635692315374,4.818622136494235,4.2939645001423035,1.5,6.4542428233522955,41.70483042223185,1.5261014347596675,19.766124276805016,46.20473612967959,-75.81625154527292,-84.21666953268003,-75.82179866225384,-84.19876296078328,1,1,1,1,0,0,0.0,-6.0,-6.0,3,1,45.0,-3.0,42.0,0,1,-3.0,3,1,42.0,-3.443587467009188,-3.443549168699781,0,3.0192622072342044,-5.239834157500302,1.5869479800165915,0.3776656122972309,1.9646135923138224
883,95,0.0,-0.01,1.5,0.0,0.01,1.5,5.906112786964398,-0.8218839486416386,1.5,5.963024524297979,-7.922299794865257,1.1568202783153159,20.446741598140243,1.6801649209790555,1.5482232497462871,1.5,2.2847208566351185,42.65966923829022,4.6884510927272025,28.803169924901017,50.581969033155474,-83.51814563944805,-75.21324067937522,-83.5221615779561,-75.16171731268727,1,1,1,1,0,0,0.0,-6.0,-6.0,3,1,45.0,-3.0,42.0,7,4,-9.0,3,1,42.0,-16.097427058559923,-16.05241306495482,0,-4.75253479843128,3.769591072316305,0.41659115617911474,1.7579172538135857,2.1745084099927006
884,95,0.0,-0.01,1.5,0.0,0.01,1.5,6.053841542660073,-0.5238660483356028,1.5,6.076465507203645,-4.945740290604511,1.3768326072126,20.282278098903397,3.6755512689182126,3.1686169754397793,1.5,4.85281471596551,40.763947657777884,1.3440401608690156,22.245888712701316,45.709687948382395,-83.6826091386849,-81.74237197363183,-83.6850735056226,-81.71899852488698,1,1,1,1,0,0,0.0,-6.0,-6.0,3,1,45.0,-3.0,42.0,0,0,-6.0,3,1,42.0,-1.928288084018383,-1.928288084018383,1,-4.778667987144164,-2.8381655214781594,0.41441873686681835,0.6042760308647193,1.0186947677315377
885,95,0.0,-0.01,1.5,0.0,0.01,1.5,2.1087906641730902,-0.18747510534703452,1.5,2.1171076922132386,-5.080336945925794,4.050098516527115,29.442755941279536,6.712391939641719,6.3059627367918685,1.5,9.209851876614234,43.211823430454956,2.2815946931216695,16.675482478021696,48.29216037638075,-74.52213129630876,-87.30231936858797,-74.52939677707734,-87.28940475956661,1,1,1,1,0,0,0.0,-6.0,-6.0,3,1,45.0,-3.0,42.0,0,0,-6.0,3,1,42.0,-15.814507347545174,-15.814507347545174,1,4.385449896622015,-8.40374408629449,1.904972148952884,0.1946158823602949,2.099588031313179
886,95,0.0,-0.01,1.5,0.0,0.01,1.5,8.68767164654312,-1.0783973387482748,1.5,8.754346318164972,-7.075908947712125,3.3050898758418095,17.11081988894669,6.408746500108911,5.592012987792784,1.5,8.505447722389539,41.10663512268072,2.324102260181347,17.36684720521345,48.182544070392844,-86.8540673486416,-86.61146773468658,-86.85651034500856,-86.59804003237484,1,1,1,1,0,0,0.0,-6.0,-6.0,3,1,45.0,-3.0,42.0,0,0,-6.0,3,1,42.0,-27.454447583759897,-27.454447583759897,1,-7.951835325063442,-7.676610913136371,0.21444415328540528,0.22742247455717177,0.441866627842577
887,95,0.0,-0.01,1.5,0.0,0.01,1.5,4.761537981782509,-0.4834200666462524,1.5,4.786014930272755,-5.797149600511593,1.0368158100043359,22.35641269952092,4.003597115482708,3.69153207299406,1.5,5.445750536798879,42.677723490801256,3.172540955937116,21.24373499235923,48.47487309131285,-81.60847453806737,-82.74277685737019,-81.61214132222216,-82.72115224522906,1,1,1,1,0,0,0.0,-6.0,-6.0,3,1,45.0,-3.0,42.0,0,0,-6.0,3,1,42.0,-13.444553187085155,-13.444553187085155,1,-2.6481495673109956,-3.7826648990824423,0.6261885161206354,0.5044034411703419,1.1305919572909773
888,96,0.0,-0.01,1.5,0.0,0.01,1.5,6.7641121223243035,-5.189996784560887,1.5,8.525800808553232,-37.49845919790624,2.8154368345888323,17.34557402858511,4.069283121439309,0.3117642831339562,1.5,4.081208410589794,4.381103470120774,4.394922531880609,23.739903302193422,41.87956266802702,-86.6193132090032,-80.22823710650061,-86.63171631444898,-80.22498393539487,1,1,1,1,5,4,-45.0,6.0,-39.0,0,3,0.0,3.0,3.0,6,0,-36.0,0,3,3.0,-38.40841047408157,-38.40814318174949,0,-7.7758286005410415,-1.3654220073137904,0.22266230865063566,0.7909612042396105,1.0136235128902462
889,96,0.0,-0.01,1.5,0.0,0.01,1.5,3.468036270959911,-2.7130621200258394,1.5,4.403178584138125,-38.036249840178904,4.416411673925232,23.090901021678437,9.718000740242802,0.17690602114364962,1.5,9.719610801244901,1.042894443340991,1.8548343216038212,16.201258799049448,39.079144283519895,-80.87398621590985,-87.76395343807002,-80.89829432924455,-87.76362843853886,1,1,1,1,5,4,-45.0,6.0,-39.0,0,3,0.0,3.0,3.0,5,4,-39.0,0,2,0.0,-32.25468417346522,-32.211970015439846,0,-1.9615874832520932,-9.00429580707674,0.7106689593812271,0.17090964343531498,0.8815786028165421
890,96,0.0,-0.01,1.5,0.0,0.01,1.5,3.207102529668098,-2.5497443807246625,1.5,4.097157922614224,-38.485770781769745,4.195871576799368,23.717612259670872,4.869989144475003,0.23837130810326593,1.5,4.875819433472823,2.8022194932571223,4.0686543182036115,22.193978092145805,41.287990275026864,-80.24727497791743,-81.77264957356529,-80.27366168039633,-81.77090914544249,1,1,1,1,5,4,-45.0,6.0,-39.0,0,3,0.0,3.0,3.0,5,4,-39.0,0,3,3.0,-45.61341482524202,-45.61341482524202,1,-1.299750967451788,-2.8103898614928866,0.8002084833081397,0.6074401006087189,1.4076485839168584
891,96,0.0,-0.01,1.5,0.0,0.01,1.5,6.57573560825232,-5.37005716783285,1.5,8.489865297837799,-39.23670372972824,4.581726091115801,17.38253182964247,7.903182134696054,0.701218678391267,1.5,7.934229356976244,5.070354807853192,1.363926518148003,17.964943365409283,44.30705853758143,-86.58235540794581,-86.00187877885958,-86.59529782345803,-85.99994387217902,1,1,1,1,5,4,-45.0,6.0,-39.0,0,3,0.0,3.0,3.0,5,4,-39.0,0,4,6.0,-39.88445346439617,-39.83117836761407,0,-7.6212160111106915,-7.26530695836873,0.2301208627405337,0.24817311470381243,0.4782939774443461
892,96,0.0,-0.01,1.5,0.0,0.01,1.5,6.167466118793521,-4.853652051293439,1.5,7.848284943953744,-38.20192070876834,1.6257842649439649,18.065424634899156,7.362904410776014,0.5179117471302681,1.5,7.38109706886723,4.023597167368282,3.748168737006839,18.59247797964065,42.22551787613662,-85.89946260268914,-85.37406218576021,-85.91315054062832,-85.37240925794764,1,1,1,1,5,4,-45.0,6.0,-39.0,0,3,0.0,3.0,3.0,5,4,-39.0,0,3,3.0,-27.01824164329285,-27.01824164329285,1,-6.969538450729473,-6.464586634430431,0.26415282327969547,0.2936118918685471,0.5577647151482426
893,96,0.0,-0.01,1.5,0.0,0.01,1.5,6.3168333107840215,-4.819480359856428,1.5,7.94542472214497,-37.342121183846906,3.293002012392816,17.958364469024858,9.783657525343774,0.36699015927831896,1.5,9.790538103200609,2.1481877893847,1.8631296962118253,16.13827533763629,39.490308973231606,-86.00652276856344,-87.82727638986223,-86.01978496656554,-87.82661189995198,1,1,1,1,5,4,-45.0,6.0,-39.0,0,3,0.0,3.0,3.0,6,0,-36.0,0,3,3.0,-23.767320718813323,-23.731610273480985,0,-7.189584366015355,-8.901119649150544,0.252177779619048,0.17477934534696618,0.42695712496601423
894,96,0.0,-0.01,1.5,0.0,0.01,1.5,3.6645431801593293,-2.7759672903426713,1.5,4.597267788187315,-37.14468212725047,2.199283704082743,22.71548583019596,7.472601108389903,0.585149653170054,1.5,7.495476465289918,4.477467688784919,4.477227555199802,18.458991196538083,41.62214981603539,-81.24940140739234,-85.50770580025072,-81.27221996489764,-85.5058960410502,1,1,1,1,5,4,-45.0,6.0,-39.0,0,3,0.0,3.0,3.0,6,0,-36.0,0,3,3.0,-39.08989728287523,-38.99069515422016,0,-2.4712809593863785,-6.658793043568726,0.6471508186165813,0.28194676157154225,0.9290975801881236
895,96,0.0,-0.01,1.5,0.0,0.01,1.5,4.183784563537382,-3.4019392253150555,1.5,5.39233194145454,-39.115417535921054,2.3663296901666775,21.328703986872068,7.14474981088877,0.2316876222161793,1.5,7.14850536927009,1.8573180550055044,2.9313111739882483,18.87015851085628,40.97273559092656,-82.63618325071621,-85.0955160808854,-82.65650707240948,-85.09472872673201,1,1,1,1,5,4,-45.0,6.0,-39.0,0,3,0.0,3.0,3.0,5,4,-39.0,0,3,3.0,-19.769255485974835,-19.769255485974835,1,-3.673864709795216,-6.200777533984088,0.5151617472664287,0.31015435995087887,0.8253161072173076
896,96,0.0,-0.01,1.5,0.0,0.01,1.5,3.7386345551989555,-2.7836726800147065,1.5,4.661139552382867,-36.670239670100585,1.152182891334765,22.595359196279414,4.0585133216386176,0.15255857816530216,1.5,4.061379630333755,2.152721572015299,4.021764540187877,23.781383604958584,38.82296124211588,-81.36952804130887,-80.18510942013363,-81.39178520048601,-80.18350363262971,1,1,1,1,5,4,-45.0,6.0,-39.0,0,3,0.0,3.0,3.0,6,0,-36.0,0,3,3.0,-19.82415311213397,-19.727467225288763,0,-2.69759942098204,-1.2603127377026562,0.6204256873964625,0.8058006128050667,1.4262263002015292
897,96,0.0,-0.01,1.5,0.0,0.01,1.5,7.603985781491608,-6.252460998575686,1.5,9.844484156309898,-39.429127996224054,2.5207393090136763,16.095822118645927,7.880097119294117,0.18799226013291484,1.5,7.8823392276263595,1.3666227965013373,3.9770780472976455,18.02123154584913,40.79575079272539,-87.86906511894237,-85.944181716119,-87.88027315870795,-85.94365569173917,1,1,1,1,5,4,-45.0,6.0,-39.0,0,3,0.0,3.0,3.0,5,4,-39.0,0,2,0.0,-38.27791953688899,-38.24106162428053,0,-8.914590444565418,-7.122416688138528,0.17426947347610808,0.25577941338157184,0.43004888685767995
898,97,0.0,-0.01,1.5,0.0,0.01,1.5,8.219577522302375,0.9310103117402677,1.5,8.272136050966834,6.462203217590406,1.140609608226121,17.602900154197528,9.130130108313985,3.2296946610405746,1.5,9.684534237550896,19.480737605915955,1.8889483143277368,16.235490945311565,13.018534388325548,-86.36435159461269,-87.73537804965727,-86.36198708339077,-87.72939629227673,1,1,1,1,0,4,0.0,6.0,6.0,1,3,15.0,3.0,18.0,0,4,6.0,1,4,21.0,-7.12858226265721,-7.109010523324061,0,-7.561593539676653,-8.942819893349212,0.23305815844693856,0.1732055199317744,0.40626367837871297
899,97,0.0,-0.01,1.5,0.0,0.01,1.5,3.7570367747077027,0.3668362418672055,1.5,3.774903198077179,5.576670323873974,1.9442593735859757,24.41816846777989,6.4462939402036925,1.92161649610323,1.5,6.72661248486955,16.599125020735595,3.1060526410591653,19.40183062843876,11.022454696861622,-79.55119167632719,-84.57043391807018,-79.54671876980841,-84.56305660914953,1,1,1,1,0,4,0.0,6.0,6.0,1,3,15.0,3.0,18.0,0,4,6.0,1,3,18.0,-16.840530801289464,-16.840530801289464,1,-1.1288757751937992,-5.992572946130103,0.8246481586644948,0.3237949791958786,1.1484431378603734
900,97,0.0,-0.01,1.5,0.0,0.01,1.5,9.863648023623163,0.8928870684673439,1.5,9.90397898074109,5.172488424818405,4.2989122945520775,16.038669757037752,7.55942181935303,2.5064521308847985,1.5,7.964117058866452,18.34379918387867,2.6527304016429563,17.93475275560856,13.171310759060265,-87.92779940897515,-86.03699974541311,-87.92621748055055,-86.03013448197973,1,1,1,1,0,4,0.0,6.0,6.0,1,3,15.0,3.0,18.0,0,4,6.0,1,3,18.0,-45.232357030858616,-45.232357030858616,1,-9.071579834665545,-7.200015167455049,0.1684297269756796,0.25162264474469853,0.4200523717203781
901,97,0.0,-0.01,1.5,0.0,0.01,1.5,7.715903402148933,1.0578774017156223,1.5,7.788085124621718,7.806779368562837,4.529392747405612,18.126972478498324,2.1089232017013853,0.6579639768663192,1.5,2.2091794099909956,17.3274250752838,1.6909270553649507,29.08109340603676,9.520645706720963,-85.84094445024861,-74.90721042676907,-85.83791475908997,-74.88379383155153,1,1,1,1,0,4,0.0,6.0,6.0,1,3,15.0,3.0,18.0,0,4,6.0,1,3,18.0,-35.16789085410698,-35.16789085410698,1,-7.291928396731247,2.2278467888544693,0.24677911427912347,1.4169814654086426,1.6637605796877661
902,97,0.0,-0.01,1.5,0.0,0.01,1.5,8.961887162168221,1.1765702507596625,1.5,9.038790796473178,7.4793575922737645,3.1001274676977304,16.833116887232755,6.320211345919242,2.0995700112544893,1.5,6.659824749139086,18.376452997828125,2.5279175734939767,19.48892664284689,10.89709540555436,-87.134273019318,-84.48418528658878,-87.13177035035554,-84.4759605947414,1,1,1,1,0,4,0.0,6.0,6.0,1,3,15.0,3.0,18.0,0,4,6.0,1,3,18.0,-25.910999733201457,-25.910999733201457,1,-8.452626700368947,-5.699391530814635,0.192576728141502,0.34390941526514707,0.536486143406649
903,97,0.0,-0.01,1.5,0.0,0.01,1.5,9.588927932893675,0.8416821649501796,1.5,9.625796993964904,5.01636395124812,1.0259453847190945,16.286127731919493,7.915789470967523,2.2103621181713464,1.5,8.218602292490324,15.601571138495444,1.3473728072095597,17.66095488273592,10.585207187247324,-87.68033746133304,-86.30961719325306,-87.67875950566881,-86.30393235485236,1,1,1,1,0,4,0.0,6.0,6.0,1,3,15.0,3.0,18.0,0,3,3.0,1,2,15.0,-3.6024164239684646,-3.532358284384116,0,-8.839775327821055,-7.8965846173125716,0.17711903052822794,0.21699316693512868,0.39411219746335663
904,97,0.0,-0.01,1.5,0.0,0.01,1.5,8.018090830374328,1.2197295669438197,1.5,8.110334196604345,8.649645540281595,2.8936732042160105,17.774907126733595,6.438413992465081,2.095342416082506,1.5,6.770792758533126,18.027161267411252,3.6458297194201634,19.345250117150027,9.377515727129657,-86.19320151390794,-84.62757780023601,-86.18998011085469,-84.61963712043827,1,1,1,1,0,4,0.0,6.0,6.0,1,3,15.0,3.0,18.0,0,4,6.0,1,3,18.0,-35.70990996445656,-35.70990996445656,1,-7.87551471155168,-5.848723014857683,0.21797261045876182,0.33352955243046295,0.5515021628892247
905,97,0.0,-0.01,1.5,0.0,0.01,1.5,7.33863473868534,1.0631597035434603,1.5,7.415245672469515,8.243181406365451,1.0813334673938337,18.553238569160897,9.066712562617143,2.836515218130656,1.5,9.500057645920172,17.372258791456964,3.3074441730156714,16.402278593001213,9.129077385091513,-85.41500832626717,-87.56806796585111,-85.4116486684274,-87.56260864458709,1,1,1,1,0,4,0.0,6.0,6.0,1,3,15.0,3.0,18.0,0,4,6.0,1,3,18.0,-20.449741511497766,-20.449741511497766,1,-7.013752591739548,-8.738851549273939,0.26170579447108616,0.18103243608673134,0.44273823055781747
906,97,0.0,-0.01,1.5,0.0,0.01,1.5,5.153259718526367,0.5933591102370914,1.5,5.187307660076448,6.568253287349867,1.7626829434267925,21.657137346824875,3.566261469128046,1.0620211799668862,1.5,3.72103612625376,16.583361973028502,1.7428847897050925,24.547436328948827,10.015108685678635,-82.31157972693951,-79.43077484506264,-82.3077498907634,-79.41745090863947,1,1,1,1,0,4,0.0,6.0,6.0,1,3,15.0,3.0,18.0,0,4,6.0,1,3,18.0,-3.7165242792649704,-3.7165242792649704,1,-3.7483516931938468,-1.4446441015649385,0.507775953495572,0.7799128370802263,1.2876887905757983
907,97,0.0,-0.01,1.5,0.0,0.01,1.5,7.419918273492296,1.0076076152369842,1.5,7.488021119867949,7.733328123850788,4.971519524673646,18.468290249980864,2.9470076971493033,0.7567227745692774,1.5,3.0426113331493827,14.401090800397855,1.2016024576734314,26.29620779502643,6.667762676547067,-85.49971920791594,-77.68288046474241,-85.49659698760743,-77.66867944256187,1,1,1,1,0,4,0.0,6.0,6.0,1,3,15.0,3.0,18.0,0,4,6.0,1,2,15.0,-43.569879967148395,-43.56847851284531,0,-6.951288002142294,-1.336470659381266,0.26516895940680596,0.7950279768056393,1.0601969362124453
908,98,0.0,-0.01,1.5,0.0,0.01,1.5,1.8578317710830374,-2.3976571512032336,1.5,3.0331994171767773,-52.22957904085436,3.3496503650637295,26.338706303232268,5.854987840847972,7.568835265969787,1.5,9.569124824134416,52.27571001281301,2.745408674983562,16.34381463085213,104.50528905366737,-77.62618093435603,-87.63543279493379,-77.67145266263319,-87.62107260673616,1,1,1,1,5,0,-45.0,-6.0,-51.0,4,0,60.0,-6.0,54.0,5,0,-51.0,3,4,51.0,-20.82817907158958,-20.796663299744704,0,1.2519510000054632,-8.815888966823364,1.2228791233226468,0.1780380000011257,1.4009171233237725
909,98,0.0,-0.01,1.5,0.0,0.01,1.5,2.466284325620188,-2.9206520337764323,1.5,3.8226648659282487,-49.82127061862543,4.301530557645969,24.324119175445627,2.59029453673565,3.780717047439716,1.5,4.582951797678417,55.583664896402716,3.56920919560575,22.746814877706896,105.40493551502814,-79.64076806214267,-81.2493432907913,-79.67548803089034,-81.2180723598814,1,1,1,1,5,0,-45.0,-6.0,-51.0,4,0,60.0,-6.0,54.0,5,0,-51.0,4,1,57.0,-38.836017653322415,-38.794666488544024,0,-0.7539225987611846,-2.3899697957215387,0.8802039798776438,0.6569726670299725,1.5371766469076162
910,98,0.0,-0.01,1.5,0.0,0.01,1.5,2.564440519645819,-3.1739542686721216,1.5,4.08048292220704,-51.06303965144939,4.837388597813959,23.756409123346266,4.61103363462199,6.778686235147769,1.5,8.19830581609378,55.77547310627878,1.3984612642332301,17.688359371154597,106.83851275772817,-80.20847811424203,-86.29404961615988,-80.24159187638045,-86.2765278664337,1,1,1,1,5,0,-45.0,-6.0,-51.0,4,0,60.0,-6.0,54.0,5,0,-51.0,4,1,57.0,-34.12981776445733,-34.104501804426825,0,-1.2470391302506765,-7.48114397629172,0.8076892881594978,0.23707625928405207,1.04476554744355
911,98,0.0,-0.01,1.5,0.0,0.01,1.5,5.088843484345149,-6.361554746512555,1.5,8.146515009563199,-51.34239025564873,3.7248148044257055,17.742968505045695,4.6264771041609105,6.498516435172381,1.5,7.977155273249398,54.55186396620055,4.754118295001021,17.92598984499151,105.89425422184928,-86.22191873254259,-86.05663706790006,-86.23857090161636,-86.03889739259678,1,1,1,1,5,0,-45.0,-6.0,-51.0,4,0,60.0,-6.0,54.0,5,0,-51.0,4,0,54.0,-64.10716360983734,-64.10716360983734,1,-7.264118819002105,-7.091157127355582,0.2482354981531646,0.2574715808781659,0.5057070790313305
912,98,0.0,-0.01,1.5,0.0,0.01,1.5,1.7222407651801208,-2.4414953217727002,1.5,2.9878106799939967,-54.80070086834638,4.529505483210392,26.470787970555104,4.620626305429975,6.069068371568405,1.5,7.6278292032008315,52.71652017260079,4.797546108343751,18.315121133272108,107.51722104094716,-77.49409926703319,-85.6678869799923,-77.54160862643768,-85.64976610431617,1,1,1,1,5,0,-45.0,-6.0,-51.0,4,0,60.0,-6.0,54.0,5,0,-51.0,4,0,54.0,-62.764856273729315,-62.764856273729315,1,0.6917024629547617,-6.773965364652264,1.119459080474142,0.27522861445682795,1.39468769493097
913,98,0.0,-0.01,1.5,0.0,0.01,1.5,3.7175743239081918,-5.010879560462241,1.5,6.239332722594598,-53.428259821888794,1.2479172665827862,20.06249892099511,5.335265629124666,6.754415349148573,1.5,8.607391361041559,51.69503824722801,1.8866547115152796,17.264567760938874,105.1232980691168,-83.90238831659317,-86.71615788019439,-83.9247489585432,-86.70031947664941,1,1,1,1,5,0,-45.0,-6.0,-51.0,4,0,60.0,-6.0,54.0,5,0,-51.0,3,4,51.0,-6.5442215002971516,-6.452063301545335,0,-5.254443776794357,-8.020485827162611,0.37654927670533345,0.21131563216436963,0.5878649088697031
914,98,0.0,-0.01,1.5,0.0,0.01,1.5,2.021275970368168,-2.449597008189597,1.5,3.1758592618249324,-50.472380564396325,4.720369044433443,25.937956936672254,2.045035308127812,2.7715952404664645,1.5,3.4444026461007393,53.578054602087526,3.0741090838591703,25.232102199164956,104.05043516648385,-78.02693030091604,-78.77336810064074,-78.06912209526092,-78.73278503842334,1,1,1,1,5,0,-45.0,-6.0,-51.0,4,0,60.0,-6.0,54.0,5,0,-51.0,4,0,54.0,-31.450963599783314,-31.450963599783314,1,0.9177244033201631,0.21803786333667646,1.1604684667574026,1.0366698054822048,2.1971382722396076
915,98,0.0,-0.01,1.5,0.0,0.01,1.5,3.8830392293779252,-5.191844637478155,1.5,6.483305051946775,-53.20677064166682,3.846754487331438,19.728880679898907,3.3874633212338527,4.96283482981628,1.5,6.008713448047116,55.68387584989829,2.8363503939206645,20.39039160282936,108.89064649156512,-84.23600655768938,-83.5983746802684,-84.25746520717695,-83.57449563475893,1,1,1,1,5,0,-45.0,-6.0,-51.0,4,0,60.0,-6.0,54.0,5,0,-51.0,4,1,57.0,-35.320626333375046,-35.267951471506805,0,-5.533019356092844,-4.762844983966568,0.35580970348119106,0.41573291260717526,0.7715426160883663
916,98,0.0,-0.01,1.5,0.0,0.01,1.5,6.513666536993836,-7.584767655458189,1.5,9.997827371106084,-49.34458939135487,1.7038586820821617,15.96255692570874,5.550267683891621,7.422264077112234,1.5,9.267981192969826,53.211362026891145,1.878124234643233,16.621882040331702,102.55595141824602,-88.00233031187956,-87.3580153397431,-88.0155126453805,-87.34300519725659,1,1,1,1,5,0,-45.0,-6.0,-51.0,4,0,60.0,-6.0,54.0,5,1,-48.0,4,0,54.0,-10.052373088377017,-10.039538535177604,0,-9.184639069809515,-8.412031199010501,0.16433890317655156,0.19426876862287343,0.358607671799425
917,98,0.0,-0.01,1.5,0.0,0.01,1.5,3.86835119414295,-4.52593698966525,1.5,5.95384301066524,-49.47924844670316,4.3066630079088215,20.469222958741632,5.870045066479019,7.704139261267284,1.5,9.685617731435341,52.69499452307918,4.6999517653225364,16.23866697699428,102.17424296978234,-83.49566427884666,-87.74048817275772,-83.5178443119022,-87.72622026059402,1,1,1,1,5,0,-45.0,-6.0,-51.0,4,0,60.0,-6.0,54.0,5,1,-48.0,4,0,54.0,-70.45927031355436,-70.44993643841568,0,-4.656065725610915,-8.85304932844303,0.4246957334820287,0.17661027466225854,0.6013060081442873
918,99,0.0,-0.01,1.5,0.0,0.01,1.5,2.993931938742222,-3.2494066269433044,1.5,4.418401507450836,-47.343211032671306,4.130080437495073,23.06323309462883,8.18074571489511,0.5018642588058837,1.5,8.196125193409474,3.510525055796106,4.384447556561604,17.682548899095675,50.853736088467414,-80.90165414295946,-86.2836364393805,-80.93056984205694,-86.28233833849262,1,1,1,1,5,1,-45.0,-3.0,-48.0,0,3,0.0,3.0,3.0,5,1,-48.0,0,3,3.0,-56.70663150055458,-56.70663150055458,1,-1.9626134608448018,-7.3322045395512045,0.710536401566665,0.24468374563875647,0.9552201472054215
919,99,0.0,-0.01,1.5,0.0,0.01,1.5,4.173400229244578,-4.738307987658807,1.5,6.314177069054205,-48.6270916317407,1.4239149160152333,19.95806775535176,7.36708503992174,0.14783680007682778,1.5,7.368568226249633,1.1496118121581125,2.177038912192682,18.60664360380251,49.77670344389881,-84.00681948223652,-85.35871623681743,-84.02746645312317,-85.35824363378579,1,1,1,1,5,1,-45.0,-3.0,-48.0,0,3,0.0,3.0,3.0,5,1,-48.0,0,2,0.0,-8.600710955403887,-8.542508556620437,0,-5.064330761865085,-6.577589509748515,0.3913037170562976,0.2867723624117856,0.6780760794680831
920,99,0.0,-0.01,1.5,0.0,0.01,1.5,1.9914994239644894,-2.308391940238674,1.5,3.048728145540327,-49.214952704857076,1.4850230556088313,26.29328248613337,8.020151497523349,0.5784864461507525,1.5,8.040987290849685,4.125549345370992,1.915324152795871,17.84866135079176,53.34050205022807,-77.67160475145492,-86.11777938508409,-77.71474921825515,-86.11622588679653,1,1,1,1,5,1,-45.0,-3.0,-48.0,0,3,0.0,3.0,3.0,5,1,-48.0,0,3,3.0,-4.223852558052356,-4.223852558052356,1,1.2084985886972524,-7.219973037747057,1.2146463973019808,0.25056358898693243,1.4652099862889132
921,99,0.0,-0.01,1.5,0.0,0.01,1.5,2.1258506475058705,-2.460187550754992,1.5,3.2514248815543896,-49.16966955939887,1.2865439280377222,25.732822525020648,3.953370217753838,0.22047638149525015,1.5,3.959513343003186,3.1920344949839583,4.511469838447491,24.00243579793001,52.36170405438283,-78.23206471256765,-79.96489458182643,-78.27249168575578,-79.96245143965828,1,1,1,1,5,1,-45.0,-3.0,-48.0,0,3,0.0,3.0,3.0,5,1,-48.0,0,3,3.0,-25.019833065376098,-25.019833065376098,1,0.6545146360410934,-1.0029860896771716,1.1128046075678963,0.8430047812830882,1.9558093888509847
922,99,0.0,-0.01,1.5,0.0,0.01,1.5,1.4583359400860918,-1.6315395648949853,1.5,2.188301868107895,-48.20836941542547,1.3323955244716696,29.181536738725477,3.8173415878653576,0.25301271080224047,1.5,3.825717217761123,3.792007623626626,4.304088918731749,24.301292561694673,52.0003770390521,-74.78335049886282,-79.66659755939415,-74.84253759606977,-79.66359467589362,1,1,1,1,5,1,-45.0,-3.0,-48.0,0,3,0.0,3.0,3.0,5,1,-48.0,0,3,3.0,-20.6733334121673,-20.6733334121673,1,4.168006959504981,-0.7359704422248694,1.852383585986009,0.8829306603012396,2.7353142462872486
923,99,0.0,-0.01,1.5,0.0,0.01,1.5,4.416350697925708,-5.062208134045328,1.5,6.717894363523705,-48.89803924632556,2.527087158820191,19.419158373011285,8.864820527549673,0.5460801559392758,1.5,8.881624092606978,3.525012389009418,3.9470358559656793,16.98482591021232,52.42305163533498,-84.545728864577,-86.98126471219673,-84.56521413436991,-86.98006132737596,1,1,1,1,5,1,-45.0,-3.0,-48.0,0,3,0.0,3.0,3.0,5,1,-48.0,0,3,3.0,-36.84464958019441,-36.84464958019441,1,-5.625197165125097,-8.030610921221673,0.3491722238961141,0.21085781600525252,0.5600300399013666
924,99,0.0,-0.01,1.5,0.0,0.01,1.5,5.485965603362394,-5.732748934669026,1.5,7.934748196964045,-46.26015893184532,2.9116685336672186,17.971324096408647,9.972819399304258,0.650451399545255,1.5,9.994008895048559,3.731683810854836,1.6811937114468445,15.959845808632684,49.99184274270016,-85.99356314117964,-88.00617399802461,-86.00938079978421,-88.00504142895561,1,1,1,1,5,1,-45.0,-3.0,-48.0,0,3,0.0,3.0,3.0,5,2,-45.0,0,3,3.0,-18.30271409454799,-18.25465942552042,0,-7.191530305201636,-9.069346356350128,0.2520741303398518,0.16851150016850674,0.42058563050835857
925,99,0.0,-0.01,1.5,0.0,0.01,1.5,1.8578007049607783,-2.139018498670562,1.5,2.833164943487694,-49.024721074519,3.1774717677735462,26.931794697876047,9.426639085136303,0.19916066344887096,1.5,9.428742726964439,1.2103325444111928,4.392704253202798,16.465191995205387,50.235053618930195,-77.03309253971224,-87.50008567498837,-77.07938494272827,-87.4996952423829,1,1,1,1,5,1,-45.0,-3.0,-48.0,0,3,0.0,3.0,3.0,5,1,-48.0,0,2,0.0,-40.65578115720118,-40.58975330781522,0,1.8689007413904093,-8.706824798897356,1.3435586857075728,0.18229117194193079,1.5258498576495034
926,99,0.0,-0.01,1.5,0.0,0.01,1.5,1.657043310578491,-1.903237583645548,1.5,2.5235106167666244,-48.95571974495743,2.4102711522290856,27.939944342043507,7.981805071785847,0.5615433460072249,1.5,8.00153379880578,4.024295046636404,3.8049805914442256,17.891367910787967,52.98001479159383,-76.02494289554478,-86.07504355934465,-76.07686318503136,-86.07351932680032,1,1,1,1,5,1,-45.0,-3.0,-48.0,0,3,0.0,3.0,3.0,5,1,-48.0,0,3,3.0,-24.873089244007396,-24.873089244007396,1,2.8826258612765754,-7.165625236496204,1.5568265436214421,0.253457148194786,1.8102836918162282
927,99,0.0,-0.01,1.5,0.0,0.01,1.5,5.053865272175106,-5.817051651407213,1.5,7.705818847107485,-49.01582786625728,4.632856193563639,18.226211677460636,6.48995840592755,0.4280718429648322,1.5,6.504060701854571,3.7737119862958357,3.497164286788666,19.691254562941396,52.78953985255312,-85.73867556012766,-84.27538988103535,-85.75569402786246,-84.2736326746469,1,1,1,1,5,1,-45.0,-3.0,-48.0,0,3,0.0,3.0,3.0,5,1,-48.0,0,3,3.0,-56.95127715300068,-56.95127715300068,1,-6.829921472822478,-5.3420604083570336,0.2720173388698207,0.36991483305826495,0.6419321719280857
928,100,0.0,-0.01,1.5,0.0,0.01,1.5,8.467757068076788,2.8670544535259763,1.5,8.93996146543415,18.70532281425096,3.6309597473994066,16.930477635542942,4.443163065068305,4.673558533769133,1.5,6.448553899236127,46.44765622744919,1.8823559949637372,19.774593929839426,27.742333413198228,-87.04064281292955,-84.2098175311587,-87.03440960204534,-84.19029330774887,1,1,1,1,1,3,15.0,3.0,18.0,3,3,45.0,3.0,48.0,1,3,18.0,3,2,45.0,-27.443294630319638,-27.43439851292695,0,-8.103056277031982,-5.355666309855357,0.2076089122781726,0.3688938239899666,0.5765027362681392
929,100,0.0,-0.01,1.5,0.0,0.01,1.5,3.79102385737601,1.1565200123450607,1.5,3.963508600488802,16.96526959856728,3.378494160051611,23.998853812768807,4.504835342272569,5.032632014568538,1.5,6.754326498996639,48.16747699719496,3.028773869663612,19.37201989462777,31.20220739862768,-79.97882226915893,-84.61203108297211,-79.96603342481949,-84.59286734296052,1,1,1,1,1,3,15.0,3.0,18.0,3,3,45.0,3.0,48.0,1,3,18.0,3,3,48.0,-26.147446431446276,-26.147446431446276,1,-1.07468076666854,-5.630664234628133,0.8325140185842211,0.34878201317309526,1.1812960317573165
930,100,0.0,-0.01,1.5,0.0,0.01,1.5,2.1757595347035226,0.7405611473772514,1.5,2.2983386099219585,18.796983642884744,1.5251266485681745,28.737909102659962,3.5675515023215714,3.8526034989781697,1.5,5.250712089046184,47.19998762298312,1.1892858000432986,21.561851810744173,28.40300398009838,-75.25133208156842,-82.42730901124793,-75.22697813492833,-82.40303542684413,1,1,1,1,1,3,15.0,3.0,18.0,3,3,45.0,3.0,48.0,1,3,18.0,3,3,48.0,1.4147460818401663,1.4147460818401663,1,3.669304435868688,-3.4743561129166256,1.7345333634181026,0.5353850638943466,2.269918427312449
931,100,0.0,-0.01,1.5,0.0,0.01,1.5,7.057324223374767,2.4204534877573494,1.5,7.460859218630852,18.930452078469216,2.818620225968921,18.50207145254932,5.467644251124093,5.989237091924676,1.5,8.109629744947465,47.606682031532884,1.3057979547140484,17.781968275259935,28.676229953063668,-85.4703680468229,-86.19874033526683,-85.46281578503897,-86.18291896232836,1,1,1,1,1,3,15.0,3.0,18.0,3,3,45.0,3.0,48.0,1,3,18.0,3,3,48.0,-14.49562602995794,-14.49562602995794,1,-6.552784811629754,-7.227131694325698,0.2882612257954321,0.2501847135607842,0.5384459393562163
932,100,0.0,-0.01,1.5,0.0,0.01,1.5,6.820977413366527,2.422173988687626,1.5,7.238277399017755,19.550285480812043,1.7994672455986818,18.765381373677506,5.97361598324399,6.921712243084655,1.5,9.142985742706594,49.20496086372997,4.070185612931487,16.739508828027798,29.65467538291793,-85.20753493493405,-87.23976154702197,-85.19950586391079,-87.22537840956049,1,1,1,1,1,3,15.0,3.0,18.0,3,3,45.0,3.0,48.0,1,4,21.0,3,3,48.0,-34.00194596735004,-33.99490211558954,0,-6.372301724699103,-8.338839386282826,0.2993062047233313,0.19735457783652277,0.4966607825598541
933,100,0.0,-0.01,1.5,0.0,0.01,1.5,9.05563785680056,2.7870697917381984,1.5,9.474826384559194,17.10688854896916,2.865831819767607,16.425344117214685,2.7872274708905556,3.166011845977838,1.5,4.2180881905620415,48.64062808302598,3.770658944947843,23.467224803430454,31.53373953405682,-87.5449367948888,-80.52857510103352,-87.53954312037362,-80.49766243415783,1,1,1,1,1,3,15.0,3.0,18.0,3,3,45.0,3.0,48.0,1,3,18.0,3,3,48.0,-31.493137293377035,-31.493137293377035,1,-8.623339805087424,-1.557767331897326,0.18561105056218366,0.7643388942213458,0.9499499447835295
934,100,0.0,-0.01,1.5,0.0,0.01,1.5,9.308147809930396,2.68771563577521,1.5,9.688417362516056,16.106004752756178,1.9073515881670526,16.23150440411961,5.599486753282809,5.81320457159459,1.5,8.071406277186021,46.07281425505402,1.134768891985087,17.82284484278709,29.966809502297842,-87.73835655313948,-86.15754370576579,-87.73338283346868,-86.1420423948012,1,1,1,1,1,3,15.0,3.0,18.0,3,3,45.0,3.0,48.0,1,2,15.0,3,2,45.0,-7.198535779491026,-7.127987918579297,0,-8.966021106942915,-7.376746484107093,0.17233565812996404,0.24238546803296446,0.4147211261629285
935,100,0.0,-0.01,1.5,0.0,0.01,1.5,9.25325959707749,2.65929700058318,1.5,9.62780731569849,16.034137358044518,3.6442855742639946,16.286018389942058,2.5492647972730738,2.9621773771874618,1.5,3.9081000269359683,49.28454702358893,1.1362755070704909,24.13161364952545,33.25040966554441,-87.68385205509378,-79.86696517391087,-87.67886884764623,-79.83327358806284,1,1,1,1,1,3,15.0,3.0,18.0,3,3,45.0,3.0,48.0,1,2,15.0,3,3,48.0,-23.22976203744159,-23.14459255192877,0,-8.92636924292927,-0.9602187069692137,0.1738247910621691,0.8493089158887889,1.023133706950958
936,100,0.0,-0.01,1.5,0.0,0.01,1.5,9.026982232571704,2.9279831839128745,1.5,9.48996805855751,17.97093885897052,3.4074599782384127,16.41160223949799,5.4443221790160825,6.0124262461424465,1.5,8.111098159573029,47.83879202875307,1.501494849759021,17.780423978818213,29.86785316978255,-87.55893241193398,-86.20033971826902,-87.5532849980903,-86.18446325877008,1,1,1,1,1,3,15.0,3.0,18.0,3,3,45.0,3.0,48.0,1,3,18.0,3,3,48.0,-23.438682390672835,-23.438682390672835,1,-8.594691427024514,-7.221787532742092,0.18676328687679883,0.2504675062683439,0.43723079314514274
937,100,0.0,-0.01,1.5,0.0,0.01,1.5,4.585295762330898,1.4620804895101096,1.5,4.812755612521356,17.685550432166444,2.126473972754709,22.311669175246045,5.379682615952684,6.189487973865832,1.5,8.200655243760298,49.00399264665061,3.4952324300755655,17.685100945184722,31.318442214484165,-81.66418230267782,-86.29577449332835,-81.65321806234225,-86.27978629240357,1,1,1,1,1,3,15.0,3.0,18.0,3,3,45.0,3.0,48.0,1,3,18.0,3,3,48.0,-24.83806680905949,-24.83806680905949,1,-2.706924637603303,-7.369646584981549,0.6193437076301629,0.242750476185121,0.8620941838152839
938,102,0.0,-0.01,1.5,0.0,0.01,1.5,3.814047822483434,1.567731791964548,1.5,4.123680851342281,22.344694598857796,4.844235943359459,23.656366884744227,1.9384482675526755,-1.7629208576511597,1.5,2.6202045027668106,-42.284936834751505,3.978219292991305,27.609671515798013,64.6296314336093,-80.32453567352078,-76.35521572179029,-80.30852035284406,-76.39982266292462,1,1,1,1,1,4,15.0,6.0,21.0,5,3,-45.0,3.0,-42.0,1,4,21.0,5,3,-42.0,-43.23572748395333,-43.23572748395333,1,-1.4596031768647901,2.552806362584829,0.7778397494409359,1.4854441915151129,2.2632839409560486
939,102,0.0,-0.01,1.5,0.0,0.01,1.5,8.300371905798519,3.26284346528673,1.5,8.918650192351624,21.45959390829025,4.865974492781942,16.9516536226164,1.9644876701271958,-1.752228948892548,1.5,2.6323977844199122,-41.73143408583284,4.583313539850108,27.569004347708823,63.19102799412309,-87.02035801744168,-76.39588288987947,-87.0132336149719,-76.43981039890184,1,1,1,1,1,4,15.0,6.0,21.0,5,3,-45.0,3.0,-42.0,1,4,21.0,5,3,-42.0,-60.98276758213963,-60.98276758213963,1,-8.067455511319498,2.5133772449447123,0.20919961577773696,1.4770376105221557,1.6862372262998926
940,102,0.0,-0.01,1.5,0.0,0.01,1.5,4.964130826042179,1.8506151768785164,1.5,5.297864795458195,20.44532549244237,2.8138198654893807,21.47777575233153,7.17508420798996,-6.255137577732282,1.5,9.51885389677273,-41.08146058233602,2.8855517039548686,16.38838008209663,61.52678607477839,-82.49856522596983,-87.57650715549167,-82.48711148525675,-87.58849895617425,1,1,1,1,1,4,15.0,6.0,21.0,5,3,-45.0,3.0,-42.0,1,4,21.0,5,3,-42.0,-24.343154302980867,-24.343154302980867,1,-3.5520726529197653,-8.669362177026676,0.527430473657242,0.18377397024693362,0.7112044439041757
941,102,0.0,-0.01,1.5,0.0,0.01,1.5,2.6561350797699927,0.9996521480547702,1.5,2.838020080812548,20.624125042824495,1.586236403157569,26.904508543361153,2.6943873642601694,-2.5133258014430018,1.5,3.684634290249708,-43.00874472411469,4.97082910697007,24.642267448581165,63.63286976693919,-77.08193974736885,-79.32261978900713,-77.06037869422714,-79.35477835178374,1,1,1,1,1,4,15.0,6.0,21.0,5,3,-45.0,3.0,-42.0,1,4,21.0,5,3,-42.0,-30.54465789618605,-30.54465789618605,1,1.868658383704505,-0.44834533214596317,1.3435099013198717,0.9274525456207597,2.2709624469406315
942,102,0.0,-0.01,1.5,0.0,0.01,1.5,6.228784453760992,2.3797119696499633,1.5,6.667892082953197,20.909395915949368,4.201985743304577,19.478947918628144,2.2520693609314972,-2.0826628334042825,1.5,3.06745837528237,-42.76195124826977,1.9749553589189195,26.237724839420316,63.671347164219135,-84.49523727390256,-77.72716239816798,-84.48593931896015,-77.76561275530258,1,1,1,1,1,4,15.0,6.0,21.0,5,3,-45.0,3.0,-42.0,1,4,21.0,5,3,-42.0,-29.205885239098414,-29.205885239098414,1,-5.532007276594029,1.1624332287836285,0.35588319429720594,1.205957283024625,1.561840477321831
943,102,0.0,-0.01,1.5,0.0,0.01,1.5,6.146098490244719,2.4186407309819717,1.5,6.604873173449542,21.480856426822776,4.531674890800279,19.561596582802043,3.39748342727825,-2.970210548934145,1.5,4.512764600954723,-41.161202079326664,2.943085306140471,22.877889701265342,62.64205850614944,-84.41292219339155,-81.08699753632295,-84.40329065478625,-81.11233388413933,1,1,1,1,1,4,15.0,6.0,21.0,5,3,-45.0,3.0,-42.0,1,4,21.0,5,3,-42.0,-43.971556753171036,-43.971556753171036,1,-5.461650497990473,-2.1877632731809533,0.36102496109020416,0.6819077588511105,1.0429327199413148
944,102,0.0,-0.01,1.5,0.0,0.01,1.5,1.9356092312733169,0.7897304333270588,1.5,2.0905160256533373,22.19550690597053,1.6407507179053806,29.564632383223493,3.6283821555132314,-3.315318085278429,1.5,4.91492533748185,-42.41850740599316,4.581410455239037,22.13565849434105,64.61401431196369,-74.43164538794332,-81.82922874324724,-74.4002548543648,-81.8530699470184,1,1,1,1,1,4,15.0,6.0,21.0,5,3,-45.0,3.0,-42.0,1,4,21.0,5,3,-42.0,-29.22959571500124,-29.22959571500124,1,4.444348314313624,-2.899801142955667,1.9193392477370732,0.5973022009558904,2.5166414486929636
945,102,0.0,-0.01,1.5,0.0,0.01,1.5,8.371748587625623,3.4880122890363343,1.5,9.069311117327496,22.618603640646395,4.084870273459035,16.806270410841712,2.480205833571445,-2.3608844956049517,1.5,3.4242074380022123,-43.5880814679668,3.857317523496031,25.28036311538722,66.2066851086132,-87.1659844684981,-78.68452412220107,-87.15861682674658,-78.71950203724366,1,1,1,1,1,4,15.0,6.0,21.0,5,3,-45.0,3.0,-42.0,2,0,24.0,5,2,-45.0,-45.13982654668252,-45.05416344349811,0,-8.341962001873704,0.1057864958599395,0.19722199753608607,1.017677752168209,1.214899749704295
946,102,0.0,-0.01,1.5,0.0,0.01,1.5,8.84609663670706,3.261336458341852,1.5,9.42813561635967,20.237679726271658,3.8070528659212206,16.468744403419052,3.573301236877318,-3.177652951579071,1.5,4.781836468361099,-41.6459442674967,2.701401282339474,22.3742510956776,61.88362399376836,-87.50251690759922,-81.5906361419107,-87.49614283416925,-81.61477581727,1,1,1,1,1,4,15.0,6.0,21.0,5,3,-45.0,3.0,-42.0,1,4,21.0,5,3,-42.0,-34.0089517172839,-34.0089517172839,1,-8.569338814081336,-2.6589690278598215,0.18778855246244514,0.6249239870780987,0.8127125395405439
947,102,0.0,-0.01,1.5,0.0,0.01,1.5,6.72470908453804,2.448945216256851,1.5,7.156748210178682,20.010165683376158,1.2440832403350854,18.86390842588821,2.067647896365104,-1.774736081254637,1.5,2.7248588920254395,-40.64067145804139,1.6030178672419777,27.26795019762281,60.65083714141755,-85.10928259827351,-76.69693703996548,-85.10097881170009,-76.73846017015691,1,1,1,1,1,4,15.0,6.0,21.0,5,3,-45.0,3.0,-42.0,1,4,21.0,5,3,-42.0,-0.1254623322299926,-0.1254623322299926,1,-6.197886387514631,2.1202257831665965,0.310340197468886,1.3947230621553404,1.7050632596242263
948,103,0.0,-0.01,1.5,0.0,0.01,1.5,5.8508069150319795,2.6306192636752534,1.5,6.414990200102052,24.209469469364876,1.0624408700481127,19.815704057591663,5.631872173046469,3.43449097866948,1.5,6.596492435840217,31.376138953927576,2.7829063253957864,19.57466803191892,7.1666694845627,-84.16028804025339,-84.4039312780056,-84.14918317999663,-84.39021920566937,1,1,1,1,1,4,15.0,6.0,21.0,2,3,30.0,3.0,33.0,1,4,21.0,2,3,33.0,-12.519831242007758,-12.519831242007758,1,-6.227026357008077,-5.883939265978255,0.3084716936187367,0.33112263466376407,0.6395943282825007
949,103,0.0,-0.01,1.5,0.0,0.01,1.5,2.123716042956917,0.8453239851653491,1.5,2.2857695577219532,21.70453519161013,1.6200737549250248,28.787420410302186,4.662922809267404,3.0342718271213145,1.5,5.563241379452121,33.05298520551588,2.5819696759649564,21.056028558899236,11.348450013905751,-75.20557116482014,-82.92588723073538,-75.17746682728611,-82.90885867868906,1,1,1,1,1,4,15.0,6.0,21.0,2,3,30.0,3.0,33.0,1,4,21.0,2,3,33.0,-7.284124769273204,-7.284124769273204,1,1.9819194611674953,-4.225997044456501,1.3664249985937835,0.4624925120472313,1.828917510641015
950,103,0.0,-0.01,1.5,0.0,0.01,1.5,5.17512807605963,2.1133041428672974,1.5,5.589991503024018,22.213034333084057,3.294849149726526,21.011718836263338,8.07588897057389,5.009133475173155,1.5,9.503231073542162,31.809582879040875,1.6687187215703179,16.401467863312106,9.596548545956818,-82.96491637838558,-87.57305544705244,-82.95316840132494,-87.5634193742762,1,1,1,1,1,4,15.0,6.0,21.0,2,3,30.0,3.0,33.0,1,4,21.0,2,4,36.0,-20.121047656238247,-20.080482902371006,0,-4.473558241173943,-8.813893804902573,0.44039971161318525,0.17811496138671243,0.6185146729998977
951,103,0.0,-0.01,1.5,0.0,0.01,1.5,5.486932795270923,2.274813805621506,1.5,5.939798763431787,22.518285497499765,3.901622186740075,20.484236122153256,5.020544602830452,3.145104718763574,1.5,5.924318678210929,32.06495978747443,4.193210013975339,20.509089023049917,9.546674289974664,-83.49185375733643,-83.47136634284851,-83.48065111543504,-83.45579821453838,1,1,1,1,1,4,15.0,6.0,21.0,2,3,30.0,3.0,33.0,1,4,21.0,2,3,33.0,-52.47145302441691,-52.47145302441691,1,-5.029763030543619,-4.86536572457114,0.394039940113743,0.40728158641313,0.8013215265268729
952,103,0.0,-0.01,1.5,0.0,0.01,1.5,5.661459575289698,2.106636288827353,1.5,6.0406987158807794,20.41029779098807,1.320959626167003,20.337340500912493,4.66125703759709,3.2516030983599964,1.5,5.683329999200533,34.898885015951166,1.0835266249596267,20.870760229701652,14.488587224963094,-83.63757740013253,-83.111615333274,-83.6275467366758,-83.09412700788664,1,1,1,1,1,4,15.0,6.0,21.0,2,3,30.0,3.0,33.0,1,4,21.0,2,4,36.0,-1.6613039431332135,-1.5707891680242652,0,-4.896870773565619,-4.474145698766781,0.4047144918370055,0.4403483763543845,0.84506286819139
953,103,0.0,-0.01,1.5,0.0,0.01,1.5,7.097468436459919,3.103353719857974,1.5,7.746280560185071,23.617256628695166,2.8675016123280597,18.17670003265237,7.429573235799911,4.496824835944773,1.5,8.684468439189821,31.184849795401,4.315098660819578,17.184389696619007,7.567593166705834,-85.79717017548334,-86.79085571818,-85.78818720493592,-86.7804975409693,1,1,1,1,1,4,15.0,6.0,21.0,2,3,30.0,3.0,33.0,2,0,24.0,2,3,33.0,-47.20843686672169,-47.12075334813635,0,-7.493650499054084,-8.187037488427928,0.23644745599104625,0.20390094480303744,0.44034840079408366
954,103,0.0,-0.01,1.5,0.0,0.01,1.5,8.96224975025749,3.848066153526738,1.5,9.75343702024617,23.236937227593792,3.833911441611958,16.174433812801922,8.01309479115303,5.0263673078687425,1.5,9.459072705377388,32.09878093309434,2.1212563031710188,16.441982814435075,8.861843705500547,-87.7974791883802,-87.53266263658696,-87.79045342478638,-87.52290442315322,1,1,1,1,1,4,15.0,6.0,21.0,2,3,30.0,3.0,33.0,2,0,24.0,2,3,33.0,-34.161679500259446,-34.07258708866671,0,-9.27275777819958,-8.731871655371732,0.16121573754470298,0.18130606724931836,0.34252180479402133
955,103,0.0,-0.01,1.5,0.0,0.01,1.5,5.183495472570039,2.2382610593551804,1.5,5.646099351231775,23.35494503181313,1.7140641308657005,20.925196775724366,5.889932494044409,3.751226295094968,1.5,6.983051159873606,32.492564208947336,3.6001080002571357,19.07985178885386,9.137619177134205,-83.05188818056713,-84.89839932736695,-83.03969046186393,-84.88503544873444,1,1,1,1,1,4,15.0,6.0,21.0,2,3,30.0,3.0,33.0,1,4,21.0,2,3,33.0,-24.309598301615523,-24.309598301615523,1,-4.892834632420049,-6.146220994733445,0.40504258012958705,0.3136780178158681,0.7187205979454552
956,103,0.0,-0.01,1.5,0.0,0.01,1.5,2.6157442195366714,1.094219947593925,1.5,2.8353897643449235,22.70056743120907,1.4074703153358952,26.91360812278075,6.434223226187033,3.826333053483202,1.5,7.485990459557289,30.739294790174224,3.3042431383873065,18.475019208159203,8.038727358965154,-77.07492413846607,-85.50172834232136,-77.05127911480754,-85.48986802942909,1,1,1,1,1,4,15.0,6.0,21.0,2,3,30.0,3.0,33.0,1,4,21.0,2,3,33.0,-17.547282180245027,-17.547282180245027,1,0.21107674121949874,-7.088167502679229,1.0354850332590426,0.2576339522895832,1.2931189855486258
957,103,0.0,-0.01,1.5,0.0,0.01,1.5,7.652189720067125,3.088900176696887,1.5,8.252109537172846,21.982070303897174,4.824026945890802,17.62671211374893,3.4958847168070624,2.259325450907947,1.5,4.162422545384549,32.87383644771256,2.8144034741374773,23.578471205222392,10.891766143815389,-86.3460526292825,-80.40906988592036,-86.33817512383936,-80.3864160323659,1,1,1,1,1,4,15.0,6.0,21.0,2,3,30.0,3.0,33.0,1,4,21.0,2,3,33.0,-50.0773399984081,-50.0773399984081,1,-7.607376178899791,-1.938541223348206,0.23079962264048565,0.7136516147231818,0.9444512373636675
958,104,0.0,-0.01,1.5,0.0,0.01,1.5,7.554278477669014,-4.592061638357201,1.5,8.840483776844177,-31.294397568785747,1.8690738708061527,17.02965786377313,7.796361300105218,5.2433491745934795,1.5,9.395528728522331,33.92233066268416,2.2662548120145187,16.500810534319466,65.21672823146992,-86.93522937381516,-87.47439589204575,-86.94543533834442,-87.46407670326883,1,1,1,1,6,2,-30.0,0.0,-30.0,2,3,30.0,3.0,33.0,6,2,-30.0,2,3,33.0,-13.742017572848384,-13.742017572848384,1,-8.060698413233474,-8.545327647722619,0.20950281061560805,0.18876442666009444,0.39826723727570246
959,104,0.0,-0.01,1.5,0.0,0.01,1.5,4.646383185465966,-2.5059822180779423,1.5,5.279093064485954,-28.339778661858972,4.425821182086922,21.51069388631489,1.9271900256733914,1.2218438669109248,1.5,2.2818772601002992,32.37481166739972,2.694833079636184,28.80857822743286,60.71459032925869,-82.4541933512734,-75.19707265512008,-82.46981480038107,-75.15630901015543,1,1,1,1,6,2,-30.0,0.0,-30.0,2,3,30.0,3.0,33.0,6,3,-27.0,2,3,33.0,-30.002031903470584,-29.915909423032446,0,-3.6387526448819285,3.777331981335854,0.5186741879003096,1.7597288853468995,2.278403073247209
960,104,0.0,-0.01,1.5,0.0,0.01,1.5,7.165693243477004,-4.24402037996384,1.5,8.328197202585947,-30.636958420846113,3.624865289200039,17.54837055523477,6.534970991325273,4.3543673089333845,1.5,7.852793166674555,33.67622592104471,4.776794888941167,18.059726569352897,64.31318434189083,-86.41651668235353,-85.91742822012571,-86.42714789643395,-85.9051606682354,1,1,1,1,6,2,-30.0,0.0,-30.0,2,3,30.0,3.0,33.0,6,2,-30.0,2,3,33.0,-63.1715802151799,-63.1715802151799,1,-7.474120891250812,-6.965621474401107,0.23743004039637258,0.264370610548788,0.5018006509451606
961,104,0.0,-0.01,1.5,0.0,0.01,1.5,2.0660271047425773,-1.1458780567440359,1.5,2.36252079746581,-29.01401070995832,3.350472164843178,28.504355763844895,6.712304086971788,4.311489733382703,1.5,7.977717084294391,32.71370167359663,3.667572192588301,17.922385518496796,61.72771238355495,-75.4605314737434,-86.0542682608197,-75.49619590277814,-86.0425017190915,1,1,1,1,6,2,-30.0,0.0,-30.0,2,3,30.0,3.0,33.0,6,2,-30.0,2,3,33.0,-26.87686167540488,-26.87686167540488,1,3.442686330077946,-7.08284984635153,1.682290536298256,0.2579229940542487,1.9402135303525048
962,104,0.0,-0.01,1.5,0.0,0.01,1.5,8.306337720090733,-4.93085622301051,1.5,9.659637126321236,-30.69446017672474,3.731631376388677,16.25945020387886,3.1120503757312736,1.9923142929380318,1.5,3.695155447736175,32.6271058546946,3.5579204399205993,24.614084827026517,63.32156603141934,-87.70543703370944,-79.37615064605144,-87.71461743249012,-79.35080241056178,1,1,1,1,6,2,-30.0,0.0,-30.0,2,3,30.0,3.0,33.0,6,2,-30.0,2,3,33.0,-37.86762945100849,-37.86762945100849,1,-8.7669385739888,-0.3973053947890509,0.17993526045784233,0.9355177390836688,1.115452999541511
963,104,0.0,-0.01,1.5,0.0,0.01,1.5,4.1831392842187105,-2.569557711993069,1.5,4.909305562545163,-31.560966650965508,2.684096122556692,22.142927823989144,7.750666634929505,5.403989065081458,1.5,9.448594133590955,34.88532426010315,2.180532817029229,16.45199056271789,66.44629091106866,-81.82195941359915,-87.52341307667439,-81.8404791136536,-87.5128966748704,1,1,1,1,6,2,-30.0,0.0,-30.0,2,3,30.0,3.0,33.0,6,1,-33.0,2,4,36.0,-16.021280611186636,-15.956728684994061,0,-2.9897105508181463,-8.738836033774472,0.5872459896955758,0.1810330439072045,0.7682790336027804
964,104,0.0,-0.01,1.5,0.0,0.01,1.5,4.050301333243223,-2.2260315055217426,1.5,4.621705005043834,-28.793041871881663,3.1975182995283458,22.667074278280552,2.2839795577854183,1.6317221988453163,1.5,2.806969888435975,35.542797445307876,1.1747760081329122,27.00729255724392,64.33583931718954,-81.29781295930775,-76.99357067588083,-81.31591700022298,-76.95759468034437,1,1,1,1,6,2,-30.0,0.0,-30.0,2,3,30.0,3.0,33.0,6,2,-30.0,2,4,36.0,-10.982720674621982,-10.915608938153285,0,-2.4134123975289605,1.6544325110551863,0.6541289463962812,1.3008091822328187,1.9549381286290999
965,104,0.0,-0.01,1.5,0.0,0.01,1.5,4.973329361658775,-3.0156262300311116,1.5,5.81618487488052,-31.230932072977755,1.6343352996468794,20.669051086427984,6.8507404587453475,4.422485117315019,1.5,8.15420256346157,32.84420351401197,2.263761346043982,17.732222904267886,64.07513558698973,-83.2958361511603,-86.24421909598256,-83.31132275164235,-86.23266433332041,1,1,1,1,6,2,-30.0,0.0,-30.0,2,3,30.0,3.0,33.0,6,2,-30.0,2,3,33.0,-10.25941675778452,-10.25941675778452,1,-4.413632798668189,-7.26988855194699,0.44566326899855896,0.24793269189382147,0.6935959608923804
966,104,0.0,-0.01,1.5,0.0,0.01,1.5,5.9215056964014146,-3.6257689072169006,1.5,6.943373091016731,-31.479353581968752,1.90259587968123,19.12919556792907,6.559252053527871,4.291401817912623,1.5,7.838361886548322,33.19478600177971,2.1908238320994777,18.07563540595744,64.67413958374846,-84.83569166965923,-85.90138514559888,-84.84875560954987,-85.88925183163086,1,1,1,1,6,2,-30.0,0.0,-30.0,2,3,30.0,3.0,33.0,6,2,-30.0,2,3,33.0,-11.799150795710553,-11.799150795710553,1,-5.989044792802456,-6.927274298649292,0.32403067362954097,0.26651140262601913,0.5905420762555601
967,104,0.0,-0.01,1.5,0.0,0.01,1.5,7.084686964611842,-3.699714553310358,1.5,7.992538843353683,-27.574141921250984,1.0264251386462275,17.9054099423241,4.630260564580897,3.178503040660483,1.5,5.6162438048397565,34.46816155737549,4.263112010844168,20.973905989966863,62.04230347862647,-86.0594772952642,-83.0084854978302,-86.06953924078786,-82.99098124762142,1,1,1,1,6,2,-30.0,0.0,-30.0,2,3,30.0,3.0,33.0,6,3,-27.0,2,3,33.0,-29.29808459795615,-29.233857548545107,0,-7.410368769872637,-4.143159966825841,0.24066377150543428,0.47009219094940125,0.7107559624548355
968,105,0.0,-0.01,1.5,0.0,0.01,1.5,1.9566342021252254,-2.625022244847457,1.5,3.274012704140013,-53.29995899592275,3.4540455898457325,25.673754045912958,7.269561431503883,5.648704067334223,1.5,9.206214262481998,37.84845914473207,4.3975405484667505,16.678244443879425,91.14841814065483,-78.29113319167534,-87.29822246685414,-78.33367566072295,-87.28664279370888,1,1,1,1,5,0,-45.0,-6.0,-51.0,2,4,30.0,6.0,36.0,5,0,-51.0,3,0,39.0,-45.5546530007004,-45.471833104245356,0,0.3856427221711614,-8.505248015671544,1.0654753589085726,0.19040394455626836,1.255879303464841
969,105,0.0,-0.01,1.5,0.0,0.01,1.5,2.382470885961694,-2.8398506890104778,1.5,3.706874621339166,-50.00529007973355,4.606582357230681,24.591876163616618,7.310922658636831,4.935591791008018,1.5,8.820978202446437,34.02322085338825,3.238380392662964,17.049250670432656,84.0285109331218,-79.37301107397167,-86.9266561171948,-79.40891287544785,-86.91563656715564,1,1,1,1,5,0,-45.0,-6.0,-51.0,2,4,30.0,6.0,36.0,5,0,-51.0,2,3,33.0,-44.382699343103546,-44.292930406236785,0,-0.46499466008618706,-8.160567511620926,0.9248324117845853,0.2050629524840189,1.1298953642686043
970,105,0.0,-0.01,1.5,0.0,0.01,1.5,4.512060607722807,-5.781239273970499,1.5,7.333581558192617,-52.02917314557895,1.5062004223878063,18.657094364824797,3.2788303060035515,2.4494719399421,1.5,4.092754690930188,36.76181399451438,4.095457078103507,23.72645789631033,88.79098714009334,-85.30779287276349,-80.26383205047709,-85.32646732537478,-80.23842934127796,1,1,1,1,5,0,-45.0,-6.0,-51.0,2,4,30.0,6.0,36.0,5,0,-51.0,2,4,36.0,-23.557416655542355,-23.557416655542355,1,-6.400593746965723,-1.307819995513845,0.29755000309459073,0.7990679240042903,1.096617927098881
971,105,0.0,-0.01,1.5,0.0,0.01,1.5,1.237474620576319,-1.687584730310209,1.5,2.09267428391202,-53.74809448278573,4.354402644236516,29.573545716408063,5.836739122353813,4.138703758577254,1.5,7.1551654337043145,35.33961772284417,2.6396084114784824,18.868702448152405,89.0877122056299,-74.39134152118024,-85.11022742193782,-74.45828446170596,-85.09618478943588,1,1,1,1,5,0,-45.0,-6.0,-51.0,2,4,30.0,6.0,36.0,5,0,-51.0,2,4,36.0,-21.209089930843334,-21.209089930843334,1,4.1571468513883945,-6.155691193859533,1.8497759222302625,0.31306380373573084,2.1628397259659935
972,105,0.0,-0.01,1.5,0.0,0.01,1.5,4.499876866709688,-5.568563593678421,1.5,7.1594547496572485,-51.05881656119148,2.449639848064219,18.865917393513193,2.9230318783727682,2.172786244132692,1.5,3.6421306160921363,36.62464244458235,1.3959139700544232,24.74118592515703,87.68345900577383,-85.0989698440751,-79.25215603914327,-85.11784292682168,-79.22370131243126,1,1,1,1,5,0,-45.0,-6.0,-51.0,2,4,30.0,6.0,36.0,5,0,-51.0,2,4,36.0,-8.241805590995888,-8.241805590995888,1,-6.13532075933921,-0.28375809322698387,0.3143863158306205,0.9536385252173226,1.268024841047943
973,105,0.0,-0.01,1.5,0.0,0.01,1.5,5.07673029624248,-6.34328155415355,1.5,8.124679155268282,-51.328599768933195,1.4281383828685348,17.766301624140848,2.4795062467423836,1.754399322449542,1.5,3.0374114324941086,35.281695858595185,3.808188631910161,26.320507100778592,86.61029562752839,-86.19858561344743,-77.67741473973706,-86.2152786870036,-77.6443801368097,1,1,1,1,5,0,-45.0,-6.0,-51.0,2,4,30.0,6.0,36.0,5,0,-51.0,2,4,36.0,-14.598070107740602,-14.598070107740602,1,-7.24029487179684,1.2870570401741728,0.2494894149723924,1.2295563320541092,1.4790457470265017
974,105,0.0,-0.01,1.5,0.0,0.01,1.5,2.385721828839525,-3.13261686246075,1.5,3.937633432859748,-52.708017988390594,2.396121987270256,24.066928757239367,1.6995330955536336,1.1544394579344015,1.5,2.054542091298689,34.18703646337579,1.0565503307885495,29.723493479517032,86.89505445176638,-79.89795848034893,-74.2889016240723,-79.93305583525283,-74.24139375807127,1,1,1,1,5,0,-45.0,-6.0,-51.0,2,4,30.0,6.0,36.0,5,0,-51.0,2,3,33.0,-2.134704994697988,-2.109939060557182,0,-1.092669837375378,4.534866069129675,0.8298969572997575,1.941519737014434,2.7714166943141914
975,105,0.0,-0.01,1.5,0.0,0.01,1.5,1.3143807717413163,-1.6034721017290985,1.5,2.073335379080488,-50.65821281512089,4.136958523704839,29.653105881225457,7.856874165833322,6.180696066828563,1.5,9.996573189260864,38.19074736140861,1.4683753244005153,15.962427558868512,88.8489601765295,-74.31178135636284,-88.01320478439447,-74.37657961322991,-88.00245967871979,1,1,1,1,5,0,-45.0,-6.0,-51.0,2,4,30.0,6.0,36.0,5,0,-51.0,3,0,39.0,-10.72065903261031,-10.6713415802554,0,4.634380587942793,-9.294958531149751,1.9660440206069976,0.16043777460965128,2.126481795216649
976,105,0.0,-0.01,1.5,0.0,0.01,1.5,2.9460287334573176,-3.4930832372014633,1.5,4.569542187175208,-49.856077538918825,3.4433803702249866,22.771158922416955,7.541226847128979,5.721251674207284,1.5,9.465876772886839,37.18625422265926,2.3367057726521256,16.436405634592365,87.04233176157808,-81.19372831517134,-87.53957321874822,-81.22278992051756,-87.52848160299592,1,1,1,1,5,0,-45.0,-6.0,-51.0,2,4,30.0,6.0,36.0,5,0,-51.0,2,4,36.0,-23.81493493001844,-23.81493493001844,1,-2.3014519374380837,-8.639505611673641,0.6677984325861083,0.18496380585362185,0.8527622384397301
977,105,0.0,-0.01,1.5,0.0,0.01,1.5,2.1003699466930175,-2.814583032206864,1.5,3.5118985688880615,-53.268025209768794,4.898391805270958,25.063069810799384,5.6118552792932554,4.010153308323755,1.5,6.897408878121663,35.54906936278059,1.1248867594063054,19.1876766501565,88.8170945725494,-78.90181742678891,-84.79185224652409,-78.94146055115462,-84.7772105874318,1,1,1,1,5,0,-45.0,-6.0,-51.0,2,4,30.0,6.0,36.0,5,0,-51.0,2,4,36.0,-30.89891138162049,-30.89891138162049,1,-0.21657971753124128,-5.8243403919705505,0.9644753298013273,0.3352051257113252,1.2996804555126524
978,106,0.0,-0.01,1.5,0.0,0.01,1.5,8.474943573505238,-0.9687231938191815,1.5,8.530128557081714,-6.5208575818880306,1.2837779779972194,17.33611684132647,3.326747391452338,3.906041796519475,1.5,5.130731987026025,49.57920498542978,3.276994139334669,21.76338337159814,56.10006256731781,-86.62877039626183,-82.22728105660737,-86.63108319735795,-82.20150386599015,1,1,1,1,0,0,0.0,-6.0,-6.0,3,4,45.0,6.0,51.0,0,0,-6.0,3,4,51.0,-16.34387195249273,-16.34387195249273,1,-7.679145012319234,-3.3466965816950713,0.2272997352877697,0.5486663138192943,0.775966049107064
979,106,0.0,-0.01,1.5,0.0,0.01,1.5,2.336008250374003,-0.18785991539057115,1.5,2.3435498487606283,-4.597786130996278,2.0999999760901975,28.559486112097666,4.650418275470301,6.0250888804184575,1.5,7.611050266143978,52.33752237170859,2.369024987672683,18.334222195179848,56.93530850270486,-75.40540112549063,-85.64873349263108,-75.41134238028773,-85.63066504240844,1,1,1,1,0,0,0.0,-6.0,-6.0,3,4,45.0,6.0,51.0,0,0,-6.0,3,4,51.0,-7.15210976720591,-7.15210976720591,1,3.4444297623249027,-6.762448773263662,1.682689259200416,0.27589379787377627,1.9585830570741922
980,106,0.0,-0.01,1.5,0.0,0.01,1.5,8.998327072622947,-0.8532421359066188,1.5,9.038689741792531,-5.4167223567431595,3.8629916549148304,16.832869774226648,4.908374932905398,6.052050714645244,1.5,7.792269395664659,50.957023514424975,4.317133560809596,18.129458213520554,56.37374587116813,-87.13201746336165,-85.85274444752704,-87.13383188275783,-85.83542902406774,1,1,1,1,0,0,0.0,-6.0,-6.0,3,4,45.0,6.0,51.0,0,0,-6.0,3,4,51.0,-59.06784692356105,-59.06784692356105,1,-8.185999203515145,-6.871529737404609,0.20394640881883003,0.2696515848593774,0.47359799367820743
981,106,0.0,-0.01,1.5,0.0,0.01,1.5,8.919446004121003,-0.9426889917921232,1.5,8.969123678246174,-6.0331470208084985,3.8751081559927028,16.900089643564918,6.217597369476014,7.276601560267395,1.5,9.571177948183855,49.4872884293879,2.653284436667273,16.341670084860606,55.5204354501964,-87.06479759402339,-87.63701691060014,-87.06683297077089,-87.62321715272769,1,1,1,1,0,0,0.0,-6.0,-6.0,3,4,45.0,6.0,51.0,0,0,-6.0,3,3,48.0,-38.752904209303516,-38.751176329586684,0,-8.100641445471252,-8.78138097377349,0.20771645462103727,0.1793735242095705,0.3870899788306078
982,106,0.0,-0.01,1.5,0.0,0.01,1.5,2.306841242796016,-0.23663944791869343,1.5,2.318946904906607,-5.857005241307847,4.2581232509520905,28.652005971682257,2.0058446730159343,2.4303466756502026,1.5,3.1511899047995175,50.46602693834442,4.678408170855523,26.00585356779697,56.323032179652266,-75.31288126590604,-78.00155181795068,-75.32052587223924,-77.95903366979132,1,1,1,1,0,0,0.0,-6.0,-6.0,3,4,45.0,6.0,51.0,0,0,-6.0,3,4,51.0,-34.480150880179075,-34.480150880179075,1,3.6408720488602695,0.98517647362274,1.7279331248330192,1.1728943559929859,2.9008274808260053
983,106,0.0,-0.01,1.5,0.0,0.01,1.5,9.725187738821537,-0.8613725208929623,1.5,9.763259659308169,-5.061553500432191,1.7917690255587333,16.162961174769894,3.9881450082704246,4.820353306724457,1.5,6.2562853682230415,50.397163674961206,4.62815986340245,20.03844576814402,55.458717175393396,-87.80192606281841,-83.94783606813965,-87.80349562653524,-83.92644146944427,1,1,1,1,0,0,0.0,-6.0,-6.0,3,4,45.0,6.0,51.0,0,0,-6.0,3,4,51.0,-40.443663604848915,-40.443663604848915,1,-8.884737192455004,-4.982381273716815,0.17540131504549514,0.3978174863001573,0.5732188013456524
984,106,0.0,-0.01,1.5,0.0,0.01,1.5,2.5062911885969896,-0.25231902658469924,1.5,2.518960184920667,-5.748840691456898,3.5924920252386485,27.933038481743008,1.6198452394421667,1.9264910399814392,1.5,2.5169954959976026,49.94197854879546,3.478581593879206,27.962854059122726,55.69081924025236,-76.03184875584529,-76.05485793100003,-76.03875600865967,-76.00203317846557,1,1,1,1,0,0,0.0,-6.0,-6.0,3,4,45.0,6.0,51.0,0,0,-6.0,3,4,51.0,-12.460734485990171,-12.460734485990171,1,2.921151782864564,2.8944678869371336,1.5652872766797512,1.559424479769022,3.1247117564487734
985,106,0.0,-0.01,1.5,0.0,0.01,1.5,2.6729005099189855,-0.3437024223281793,1.5,2.6949078817353724,-7.327329969425951,4.119528211160068,27.347252601669428,2.4422427248407366,2.7930640999696164,1.5,3.710223253872547,48.833696645586535,1.3244478418520185,24.58370487102412,56.16102661501249,-76.61763463591886,-79.41642796694347,-76.62585627237436,-79.38118236656418,1,1,1,1,0,0,0.0,-6.0,-6.0,3,4,45.0,6.0,51.0,0,0,-6.0,3,3,48.0,-12.626983005935555,-12.538584923440492,0,2.245531479366389,-0.6713531760931177,1.420658937185843,0.8927957792243547,2.3134547164101975
986,106,0.0,-0.01,1.5,0.0,0.01,1.5,9.01435046566418,-1.1928458579977246,1.5,9.092931076323097,-7.538008789322585,3.51246036825992,16.781246910341608,3.0801909505600342,3.71532358319717,1.5,4.826096312732785,50.339552888382386,2.9090280920615945,22.296016869073476,57.87756167770497,-87.18364032724668,-81.69658102262348,-87.18614633759904,-81.6688703685148,1,1,1,1,0,0,0.0,-6.0,-6.0,3,4,45.0,6.0,51.0,7,4,-9.0,3,4,51.0,-31.679522310441982,-31.67213196168823,0,-8.345998759329674,-2.729641213093062,0.1970507276918744,0.6167142876058602,0.8137650152977346
987,106,0.0,-0.01,1.5,0.0,0.01,1.5,3.5494261884303664,-0.4095035482002403,1.5,3.5729706720184407,-6.581217801738617,3.4357305222508248,24.896241941639964,1.5070065567578574,1.877743501217036,1.5,2.40769379665978,51.25077822271285,1.5770760814299236,28.350203584665138,57.83199602445147,-79.06864529594833,-75.67095241667177,-79.07421764080338,-75.61468365292315,1,1,1,1,0,0,0.0,-6.0,-6.0,3,4,45.0,6.0,51.0,0,0,-6.0,3,4,51.0,-9.431407607110827,-9.431407607110827,1,-0.12606958497262638,3.337575741155046,0.9792122524042525,1.6583441606649119,2.637556413069164
988,107,0.0,-0.01,1.5,0.0,0.01,1.5,3.0869530787253976,3.1403210992644457,1.5,4.403509500016739,45.49101539356606,4.768879388867031,23.09216598715643,3.793364481276885,-1.4067345701296476,1.5,4.0458022985077875,-20.346838822263816,3.8503252165449435,23.821430225496915,65.83785421582988,-80.90085476520176,-80.14345701209137,-80.87272125043187,-80.15838709734822,1,1,1,1,3,2,45.0,0.0,45.0,7,0,-15.0,-6.0,-21.0,3,2,45.0,7,0,-21.0,-49.86150104266619,-49.86150104266619,1,-1.9516682199752284,-1.2196405154003593,0.7119515298031666,0.8115982225762075,1.523549752379374
989,107,0.0,-0.01,1.5,0.0,0.01,1.5,5.524187726745639,5.178385937703622,1.5,7.571811603581653,43.149408410050036,3.389263054690437,18.37792721955827,8.598695924978964,-3.4307467626539934,1.5,9.257839648628114,-21.75123554287971,2.906520991007061,16.627357568437372,64.90064395292974,-85.60265069014685,-87.33752966915092,-85.58696001803001,-87.34448378796843,1,1,1,1,3,2,45.0,0.0,45.0,7,0,-15.0,-6.0,-21.0,3,1,42.0,7,0,-21.0,-33.67388033932907,-33.586356230781966,0,-6.8219858541713645,-8.4104304818643,0.2724706768412215,0.19433577111116354,0.466806447952385
990,107,0.0,-0.01,1.5,0.0,0.01,1.5,6.206257162518781,5.730995755784302,1.5,8.447599678022945,42.720070190068306,1.774358460792,17.42638569744464,6.172924968689935,-2.531901680047336,1.5,6.67199586229654,-22.301594172731875,4.40227881817599,19.47389583703862,65.02166436280018,-86.55245193521682,-84.49099140054967,-86.53850154014366,-84.50087237297609,1,1,1,1,3,2,45.0,0.0,45.0,7,0,-15.0,-6.0,-21.0,3,1,42.0,7,0,-21.0,-37.13312094529248,-37.046863833950056,0,-7.866506700058111,-5.627866381461266,0.21839260017479764,0.34898166106315587,0.5673742612379535
991,107,0.0,-0.01,1.5,0.0,0.01,1.5,2.784293617730558,2.8813655042718844,1.5,4.006813961109636,45.981574280457636,2.7930034031570745,23.91368472741152,2.8612268284753233,-1.1844857183451318,1.5,3.0967120274495237,-22.488491825216133,4.64225836320084,26.146756611954597,68.47006610567377,-80.08238092353083,-77.8181306256337,-80.05120251017678,-77.83958568722495,1,1,1,1,3,2,45.0,0.0,45.0,7,0,-15.0,-6.0,-21.0,3,2,45.0,7,0,-21.0,-29.8363493299632,-29.8363493299632,1,-1.1724366627140586,1.0010784169257827,0.8183657734213927,1.1758362982942498,1.9942020717156426
992,107,0.0,-0.01,1.5,0.0,0.01,1.5,2.979406608451323,2.903147484020523,1.5,4.159943395343031,44.25728158675669,4.073612634700998,23.586900574672455,4.013989146952769,-1.5660315809088106,1.5,4.3086614840642055,-21.312917354708425,3.500112713072851,23.274539795010767,65.57019894146512,-80.40712960263504,-80.69034744257752,-80.37798666291584,-80.70500133148187,1,1,1,1,3,2,45.0,0.0,45.0,7,0,-15.0,-6.0,-21.0,3,2,45.0,7,0,-21.0,-35.489154016711325,-35.489154016711325,1,-1.4748992529905203,-1.748272325660961,0.7757242610598528,0.7386466630525993,1.514370924112452
993,107,0.0,-0.01,1.5,0.0,0.01,1.5,5.852004551464779,5.685030761308113,1.5,8.158770252150994,44.17082462534776,2.8193187441964347,17.72900209878091,6.83662973353253,-2.448104941277833,1.5,7.261730091164916,-19.701761275977216,4.370935147978977,18.73730152986111,63.87258590132498,-86.25072176309266,-85.22758570772717,-86.23588513880739,-85.23564920104096,1,1,1,1,3,2,45.0,0.0,45.0,7,0,-15.0,-6.0,-21.0,3,2,45.0,7,0,-21.0,-45.853583445051726,-45.853583445051726,1,-7.323442818844388,-6.361986596736249,0.2451381806574732,0.2999488238693618,0.545087004526835
994,107,0.0,-0.01,1.5,0.0,0.01,1.5,2.0679760600424815,2.2242451878821674,1.5,3.0370695811465698,47.08507626134111,1.071637031076035,26.325932231006696,4.45212591893367,-1.756218667881152,1.5,4.785993022085931,-21.527619468194004,1.2250704442322933,22.361281867835405,68.61269572953512,-77.68084567154195,-81.6036053697529,-77.6389550065816,-81.6169238013071,1,1,1,1,3,2,45.0,0.0,45.0,7,0,-15.0,-6.0,-21.0,3,3,48.0,7,0,-21.0,1.0845476419379003,1.1198216032187478,0,1.0454869627939554,-2.6692993936759097,1.1840773748686895,0.6237185260565361,1.8077959009252256
995,107,0.0,-0.01,1.5,0.0,0.01,1.5,4.969186300658805,4.6973896743421015,1.5,6.838002796377824,43.38942995530492,3.5647300226806826,19.264218633055798,7.431916792956118,-2.716894772874768,1.5,7.912958007237077,-20.08095688635591,2.713467468852217,17.99106472434168,63.470386841660826,-84.71812084819383,-85.97382251324662,-84.7006686045325,-85.98136066336937,1,1,1,1,3,2,45.0,0.0,45.0,7,0,-15.0,-6.0,-21.0,3,1,42.0,7,0,-21.0,-32.379606258528824,-32.345855321298586,0,-5.893211006312379,-7.06254023220575,0.3304915157423484,0.2590296526325523,0.5895211683749007
996,107,0.0,-0.01,1.5,0.0,0.01,1.5,5.4553208071458155,5.631515232291276,1.5,7.840566874940021,45.91048042359686,3.7434635981799405,18.07508523892492,8.997664414769224,-3.077113474498561,1.5,9.50928978713684,-18.88018766756974,1.224716606760849,16.394068294806388,64.7906680911666,-85.9057154840597,-87.5708189427819,-85.88980199866339,-87.57673013644423,1,1,1,1,3,2,45.0,0.0,45.0,7,0,-15.0,-6.0,-21.0,3,2,45.0,7,1,-18.0,-25.981161793026917,-25.940916525604994,0,-6.986073572720893,-8.852923255356233,0.26323525694908334,0.17661510022835122,0.4398503571774346
997,107,0.0,-0.01,1.5,0.0,0.01,1.5,5.499291158697702,5.3265794639003925,1.5,7.656020639560482,44.0860031383691,1.9620028630622484,18.28190906619508,7.351434878022125,-2.7488898077593684,1.5,7.848566107321993,-20.502057747649282,4.105442825869185,18.062142966583803,64.58806088601838,-85.6987641544114,-85.90274427100448,-85.68297817139322,-85.9104968984754,1,1,1,1,3,2,45.0,0.0,45.0,7,0,-15.0,-6.0,-21.0,3,2,45.0,7,0,-21.0,-34.65562363587322,-34.65562363587322,1,-6.779508579773764,-6.959757805829117,0.27490896473153453,0.26469694138158356,0.5396059061131181
998,108,0.0,-0.01,1.5,0.0,0.01,1.5,8.330748706705785,2.2148179146971567,1.5,8.620138769738197,14.888290903805753,3.511276371802943,17.24637632929547,6.935111371732328,5.624705530038292,1.5,8.929338275481246,39.04369808566773,4.658717416255998,16.943818273578568,24.155407181861975,-86.72368788971845,-87.03332533454008,-86.71851090829281,-87.02106896400971,1,1,1,1,1,2,15.0,0.0,15.0,3,0,45.0,-6.0,39.0,1,2,15.0,3,0,39.0,-60.77513893088816,-60.77513893088816,1,-7.760196905805881,-8.056961413114829,0.2234061070863086,0.20967066723259664,0.43307677431890523
999,108,0.0,-0.01,1.5,0.0,0.01,1.5,4.35702798467026,1.1347514110377122,1.5,4.502371999741011,14.597914243709926,1.5772792253817136,22.89009386064407,4.912355211772647,3.915969550023978,1.5,6.282201146361431,38.560711274247694,1.2205764829372652,20.000457453189775,23.962797030537768,-81.08451811032994,-83.98166745302814,-81.07479337694423,-83.96442978439852,1,1,1,1,1,2,15.0,0.0,15.0,3,0,45.0,-6.0,39.0,1,2,15.0,3,0,39.0,-1.8548537587172662,-1.8548537587172662,1,-2.130953949830855,-5.011333038622573,0.6890449559701016,0.39550556366954714,1.0845505196396488
1000,108,0.0,-0.01,1.5,0.0,0.01,1.5,4.562118844263243,1.2151548952141071,1.5,4.721178853691586,14.914881803032873,4.141975166032552,22.47778726333248,2.8926748362658983,2.4259698021954326,1.5,3.775300940260271,39.985205095051704,4.015058536553223,24.4298253775024,25.07032329201883,-81.49657087888832,-79.56463007746294,-81.48709997425583,-79.53506186008589,1,1,1,1,1,2,15.0,0.0,15.0,3,0,45.0,-6.0,39.0,1,2,15.0,3,0,39.0,-42.4038441555717,-42.4038441555717,1,-2.5345004523417076,-0.6259003632736958,0.6395950098449605,0.8997826054402445,1.539377615285205
1001,108,0.0,-0.01,1.5,0.0,0.01,1.5,8.003135312163671,1.8855004190951554,1.5,8.222243407684372,13.256865657009115,1.2335824290078805,17.656687624249315,4.103902626529733,3.127089614351406,1.5,5.159525775129151,37.306657059785856,1.9147059254265804,21.712081707730565,24.04979140277674,-86.31304536986896,-82.2732124462714,-86.30819961333899,-82.25280552985772,1,1,1,1,1,2,15.0,0.0,15.0,3,0,45.0,-6.0,39.0,1,1,12.0,2,4,36.0,-5.007048949715951,-4.944055122689947,0,-7.51156936954888,-3.44577565019822,0.23554920523892628,0.5383352037139454,0.7738844089528717
1002,108,0.0,-0.01,1.5,0.0,0.01,1.5,4.366153407209978,1.1534229221332757,1.5,4.515936227693408,14.79798131915775,3.199010190092633,22.864015773547205,6.215142102077544,4.955077148768121,1.5,7.9486339014487815,38.563914651987496,1.1696535835668929,17.955038189075086,23.765933332829746,-81.1106961789213,-86.02347342875424,-81.10087146404109,-86.00984904851322,1,1,1,1,1,2,15.0,0.0,15.0,3,0,45.0,-6.0,39.0,1,2,15.0,3,0,39.0,-13.336003070768594,-13.336003070768594,1,-2.15064796058062,-7.056051773434552,0.6865641384432277,0.2593841174769372,0.9459482559201648
1003,108,0.0,-0.01,1.5,0.0,0.01,1.5,9.13632482020585,1.9927455210359133,1.5,9.351121105617132,12.304217852963061,1.2957904626865204,16.538779666038376,7.28525579469969,5.783949340723512,1.5,9.30209771880845,38.44695217876479,2.3422973725173346,16.588264602846504,26.142734325801726,-87.43006708632137,-87.38823470608652,-87.42610757154992,-87.37662263474179,1,1,1,1,1,2,15.0,0.0,15.0,3,0,45.0,-6.0,39.0,1,1,12.0,3,0,39.0,-11.369380822443732,-11.286128174425171,0,-8.854715678398366,-8.428817377295218,0.17654650519304085,0.1935674348854661,0.37011394007850695
1004,108,0.0,-0.01,1.5,0.0,0.01,1.5,4.497479503627062,1.2969462720435811,1.5,4.680746897463402,16.08606971312645,1.7794022593969423,22.55289905067357,1.5907072041364614,1.2788940435514105,1.5,2.041058397969768,38.79852580261472,3.947195868559297,29.783611943073637,22.71245608948827,-81.42227073744886,-74.23460432254832,-81.41198818691473,-74.18127529451466,1,1,1,1,1,2,15.0,0.0,15.0,3,0,45.0,-6.0,39.0,1,2,15.0,3,0,39.0,-7.5409720295277385,-7.5409720295277385,1,-2.5243370321439773,4.768552129570822,0.6408049640186861,1.9993372220558008,2.640142186074487
1005,108,0.0,-0.01,1.5,0.0,0.01,1.5,6.028780626681485,1.7301147469623535,1.5,6.272120286020239,16.01220330205278,2.1060906189812996,20.009600952521875,4.25144346286117,3.2451965013244415,1.5,5.348464438520029,37.35508760296165,1.1186075675444647,21.399343936556363,21.342884300908874,-83.9629246244773,-82.585249896767,-83.9552862850664,-82.56554330103192,1,1,1,1,1,2,15.0,0.0,15.0,3,0,45.0,-6.0,39.0,1,2,15.0,2,4,36.0,-5.722666308108494,-5.71179890702498,0,-5.054912636365989,-3.7494483161081753,0.3920475689862645,0.5076678802937669,0.8997154492800314
1006,108,0.0,-0.01,1.5,0.0,0.01,1.5,7.329941035517761,1.842941503226018,1.5,7.55807309891087,14.113142863980805,3.842449287519898,18.388651906988052,6.203278291503836,4.7619168694042235,1.5,7.820263028374383,37.51147413627538,2.032197562172344,18.096413178957558,23.398331272294577,-85.58183929412436,-85.88200026088286,-85.57623533060024,-85.86847405863074,1,1,1,1,1,2,15.0,0.0,15.0,3,0,45.0,-6.0,39.0,1,2,15.0,3,0,39.0,-31.085568745275292,-31.085568745275292,1,-6.659991123229067,-7.023877473582378,0.2818761179563126,0.2611483502811789,0.5430244682374915
1007,108,0.0,-0.01,1.5,0.0,0.01,1.5,9.070086175614662,2.621290558174498,1.5,9.441272553181111,16.119501741375792,2.0114954972197587,16.456017317615842,4.151232847978249,3.3821046953482035,1.5,5.354564998991978,39.17049473471974,1.5520221302695347,21.389836818409854,23.050992993343947,-87.51397970269528,-82.59554280214589,-87.50886991997245,-82.57505041917844,1,1,1,1,1,2,15.0,0.0,15.0,3,0,45.0,-6.0,39.0,1,2,15.0,3,0,39.0,-8.084001289900728,-8.084001289900728,1,-8.617122426014072,-3.613600843704604,0.18586054591067908,0.5212024678661326,0.7070630137768117
1008,109,0.0,-0.01,1.5,0.0,0.01,1.5,4.548872759574553,6.314306735294442,1.5,7.7822048887307105,54.230745972632015,1.1117623355074446,18.141084141434224,4.723565332233679,-1.7380110091213226,1.5,5.033165178663102,-20.200826492299676,3.0456731647031487,21.923200179068733,74.43157246493169,-85.84191644137962,-82.04168705851956,-85.82380309615408,-82.05360530464927,1,1,1,1,4,1,60.0,-3.0,57.0,7,0,-15.0,-6.0,-21.0,4,0,54.0,7,0,-21.0,-12.910869601471004,-12.813030199336897,0,-7.288329438841618,-3.1250358075076266,0.24696714893316252,0.5723692443094646,0.8193363932426271
1009,109,0.0,-0.01,1.5,0.0,0.01,1.5,5.202160229924965,8.521246143298733,1.5,9.98369204715853,58.59623126382015,1.7165195916354667,15.975682069614333,3.6565545704069833,-1.2994886779623138,1.5,3.8806007460851264,-19.564506082185957,3.7713939285049984,24.18357222115501,78.1607373460061,-88.00405592602323,-79.78131501643328,-87.98920516797396,-79.79630547282855,1,1,1,1,4,1,60.0,-3.0,57.0,7,0,-15.0,-6.0,-21.0,4,2,60.0,7,0,-21.0,-20.851824433995272,-20.843822334974067,0,-9.17606979584853,-0.9452936847331876,0.164645651199313,0.8515170728771722,1.0161627240764852
1010,109,0.0,-0.01,1.5,0.0,0.01,1.5,3.489660338746624,5.8002618310889344,1.5,6.769103824658649,58.9672681343732,1.2310615010072836,19.35445471724664,4.925555214762453,-1.793965707851547,1.5,5.242080420464847,-20.012429966996464,3.4611421318909787,21.569663870870922,78.97969810136966,-84.63242422321073,-82.39522336671737,-84.61043252034166,-82.40656556409215,1,1,1,1,4,1,60.0,-3.0,57.0,7,0,-15.0,-6.0,-21.0,4,2,60.0,7,0,-21.0,-17.898913670973222,-17.85141422933929,0,-5.875836830713485,-3.49584346698863,0.3316750377074209,0.5331758938829702,0.8648509315903911
1011,109,0.0,-0.01,1.5,0.0,0.01,1.5,4.772479513495433,7.622818562325285,1.5,8.993548995856115,57.950220362521954,4.296169437582959,16.883644439996424,6.1147981688287905,-2.5544143836330457,1.5,6.6268989345562925,-22.672393544618792,1.5926278842527761,19.53291699016335,80.62261390714075,-87.09761457695045,-84.43197024742494,-87.08124279759187,-84.44207516867301,1,1,1,1,4,1,60.0,-3.0,57.0,7,0,-15.0,-6.0,-21.0,4,1,57.0,6,4,-24.0,-36.02980517512115,-36.00611334571172,0,-8.181718401516404,-5.628101226973341,0.20413395459621486,0.34896489918468854,0.5530988537809034
1012,109,0.0,-0.01,1.5,0.0,0.01,1.5,5.060869347657673,7.484001612298656,1.5,9.0345270317239,55.932457516464424,2.6367231365806254,16.84393570945124,4.720681192966827,-1.6680600933378884,1.5,5.006721022846901,-19.460941153593634,3.6767326210879916,21.968777512183433,75.39339867005806,-87.13688037837733,-81.99610972540486,-87.12095152813704,-82.00766912152316,1,1,1,1,4,1,60.0,-3.0,57.0,7,0,-15.0,-6.0,-21.0,4,1,57.0,7,1,-18.0,-30.424857272926722,-30.406640974408646,0,-8.233646957049572,-3.1717068970173856,0.20186972166740508,0.5673102517324369,0.7691799733998419
1013,109,0.0,-0.01,1.5,0.0,0.01,1.5,4.035524897967478,6.473184758617821,1.5,7.6280785340292265,58.059684486590484,4.848834033625566,18.31544163745444,7.018791411719217,-2.6794459538073063,1.5,7.51284656442535,-20.89451505741179,4.95726288771294,18.44210556480593,78.95419954400228,-85.66877119639928,-85.52278167278234,-85.64944560013386,-85.53102827190051,1,1,1,1,4,1,60.0,-3.0,57.0,7,0,-15.0,-6.0,-21.0,4,1,57.0,7,0,-21.0,-84.8789369836651,-84.8789369836651,1,-6.764910956148383,-6.567695799035141,0.2757514628855763,0.28736538183683275,0.5631168447224091
1014,109,0.0,-0.01,1.5,0.0,0.01,1.5,5.064105867805714,7.733797552392724,1.5,9.244284332588432,56.783141823182284,2.4421343315878947,16.644474476976313,1.9883624223438945,-0.7215984737437267,1.5,2.115251635124898,-19.946388364573878,1.463718008058656,29.460769362419743,76.72953018775615,-87.33613307867762,-74.50411787516855,-87.32041276061197,-74.53213262837552,1,1,1,1,4,1,60.0,-3.0,57.0,7,0,-15.0,-6.0,-21.0,4,1,57.0,7,0,-21.0,-7.996658742735006,-7.996658742735006,1,-8.374396745737343,4.361233035887086,0.19584978760855648,1.8990799746973634,2.0949297623059198
1015,109,0.0,-0.01,1.5,0.0,0.01,1.5,4.367498488861741,6.848843611491471,1.5,8.122912154201664,57.474396309846675,1.3080651100537994,17.768861570478766,3.5904571315518994,-1.3647431730150203,1.5,3.841081402652513,-20.811942720002534,4.209708252187031,24.273020011656733,78.28633902984922,-86.21405731712179,-79.69186722593156,-86.19602566710952,-79.70793658877001,1,1,1,1,4,1,60.0,-3.0,57.0,7,0,-15.0,-6.0,-21.0,4,1,57.0,7,0,-21.0,-23.27712805514696,-23.27712805514696,1,-7.262035595938981,-0.7486139893692877,0.24834491280592888,0.8810096460433264,1.1293545588492553
1016,109,0.0,-0.01,1.5,0.0,0.01,1.5,2.486916242118755,3.6016001333668504,1.5,4.376788310620264,55.37479889390588,4.643668234535193,23.14730498254089,5.073389425469889,-2.087069800144306,1.5,5.485903810052094,-22.36108171368439,1.4039511828812241,21.175126352704027,77.73588060759027,-80.85024264993409,-82.78976088488427,-80.81758225504741,-82.80180788099162,1,1,1,1,4,1,60.0,-3.0,57.0,7,0,-15.0,-6.0,-21.0,4,0,54.0,7,0,-21.0,-31.556149346645455,-31.469691946539193,0,-2.0295410771986226,-3.9378619079453276,0.7019305460084981,0.48938279389935957,1.1913133399078577
1017,109,0.0,-0.01,1.5,0.0,0.01,1.5,1.3623460382892267,2.0317181724039055,1.5,2.4461940765439314,56.15661023975517,1.3306099193200165,28.213778498577682,2.174414695308753,-0.8517643068167835,1.5,2.335290496178523,-21.391331129321536,2.3785065107170507,28.60076635708413,77.54794136907671,-75.81009144794552,-75.36412088050416,-75.75110873901062,-75.39125132305736,1,1,1,1,4,1,60.0,-3.0,57.0,7,0,-15.0,-6.0,-21.0,4,1,57.0,7,0,-21.0,2.4161541926859393,2.4161541926859393,1,3.1076362017278663,3.555500918629033,1.606599087866933,1.7081936818653487,3.3147927697322817
1018,110,0.0,-0.01,1.5,0.0,0.01,1.5,3.199969356669348,1.6635418784773595,1.5,3.606546196164805,27.46819906075862,3.477097375214121,24.82333745520464,9.057250542712657,-2.783401279341751,1.5,9.475289445463396,-17.08281847205359,1.5080408595367243,16.42491724803964,44.55101753281221,-79.16376676860844,-87.53996998954864,-79.14154978238365,-87.54535624893086,1,1,1,1,2,1,30.0,-3.0,27.0,7,1,-15.0,-3.0,-18.0,2,1,27.0,7,1,-18.0,-14.971564321325982,-14.971564321325982,1,-0.2147787165947887,-8.626091119567796,0.9647670431719463,0.18550074408078462,1.150267787252731
1019,110,0.0,-0.01,1.5,0.0,0.01,1.5,2.9487968464485843,1.6008175143633099,1.5,3.3552972380874753,28.496270184994927,2.6874984830735875,25.45178770486188,5.062456498062978,-1.4861735031723262,1.5,5.276094907818809,-16.360532942611037,3.16581172349723,21.51245079045197,44.856803127605964,-78.5378010657616,-82.45243644713632,-78.51309953272641,-82.46171249758602,1,1,1,1,2,1,30.0,-3.0,27.0,7,1,-15.0,-3.0,-18.0,2,1,27.0,7,2,-15.0,-17.804903286557025,-17.752720048629648,0,0.30245585178592505,-3.6426146086975333,1.0511113141746886,0.5182868839872181,1.5693981981619067
1020,110,0.0,-0.01,1.5,0.0,0.01,1.5,2.9039417532355203,1.3948573048529895,1.5,3.2215686562738863,25.656482507029093,2.368634506454549,25.804377931852613,6.587965332198343,-2.301777880169077,1.5,6.978500456966588,-19.258971283763515,1.4405254589512144,19.082933353960144,44.91545379079261,-78.18385794362374,-84.88195388362814,-78.16050930573569,-84.89016346928024,1,1,1,1,2,1,30.0,-3.0,27.0,7,1,-15.0,-3.0,-18.0,2,1,27.0,7,1,-18.0,-4.1920313467774655,-4.1920313467774655,1,0.6792065207665104,-6.011212048340474,1.1172200962738592,0.32255235066531474,1.439772446939174
1021,110,0.0,-0.01,1.5,0.0,0.01,1.5,8.374410158945805,4.438353869941065,1.5,9.477854745936737,27.923143631989866,2.428164289821986,16.424164378418485,8.966679575159406,-2.8460237881982784,1.5,9.407507321632618,-17.609436464106636,3.728720706997516,16.48737696394654,45.5325800960965,-87.54930510226872,-87.47751027364176,-87.54072285916982,-87.48309829711572,1,1,1,1,2,1,30.0,-3.0,27.0,7,1,-15.0,-3.0,-18.0,2,1,27.0,7,1,-18.0,-34.73785910072607,-34.73785910072607,1,-8.630627062068895,-8.526986084913567,0.18531902189897867,0.18951306964552556,0.37483209154450425
1022,110,0.0,-0.01,1.5,0.0,0.01,1.5,8.106261555481591,3.80864801305227,1.5,8.956409776981278,25.166027465898523,4.634163827103274,16.915521154820564,5.307858394512282,-1.6393122677342136,1.5,5.555241259147832,-17.163108299340866,2.9951371839881533,21.064622601762157,42.329135765239386,-87.05761515951643,-82.90026463582613,-87.04936608276773,-82.90949292248553,1,1,1,1,2,1,30.0,-3.0,27.0,7,1,-15.0,-3.0,-18.0,2,0,24.0,7,1,-18.0,-51.237286650678776,-51.149933272595426,0,-8.273403083971813,-3.983842466888865,0.20015207838824112,0.48500534496585074,0.6851574233540918
1023,110,0.0,-0.01,1.5,0.0,0.01,1.5,6.537396740431121,3.336697433317182,1.5,7.339693856238482,27.039836821996644,2.152179988979085,18.645893949628544,4.577733704077963,-1.3949438968878451,1.5,4.78555266828357,-16.9472206431962,2.7281963654123955,22.36071154011992,43.98705746519285,-85.32975216396822,-81.60417569746838,-85.31899328795974,-81.61475763514824,1,1,1,1,2,1,30.0,-3.0,27.0,7,1,-15.0,-3.0,-18.0,2,1,27.0,7,1,-18.0,-14.84388595282832,-14.84388595282832,1,-6.365955219746205,-2.711549535488176,0.2997014370028102,0.6188076538835713,0.9185090908863816
1024,110,0.0,-0.01,1.5,0.0,0.01,1.5,2.8740610997179226,1.548689303001475,1.5,3.264761210585391,28.318030264403408,3.5450953096757343,25.689647544265235,8.203356503544729,-2.260695208519383,1.5,8.509159814580526,-15.407234104189058,1.0613319385670281,17.359051130702383,43.72526436859246,-78.30047960295533,-86.6058361068859,-78.27523969332306,-86.61126002402807,1,1,1,1,2,1,30.0,-3.0,27.0,7,1,-15.0,-3.0,-18.0,2,1,27.0,7,2,-15.0,-12.118927414611687,-12.046950407221185,0,0.5663512807257767,-8.00688117026794,1.0971335567911231,0.2119322335465916,1.3090657903377148
1025,110,0.0,-0.01,1.5,0.0,0.01,1.5,2.8878910322822247,1.4763296965291377,1.5,3.2433723170783075,27.07674420951758,1.7076622128562513,25.74630806495432,7.4560345239805494,-2.665755359234394,1.5,7.918251224738753,-19.67348953538413,2.908622178869918,17.985180304996554,46.75023374490171,-78.24295894280542,-85.97970693259174,-78.21857917263398,-85.98709339901649,1,1,1,1,2,1,30.0,-3.0,27.0,7,1,-15.0,-3.0,-18.0,2,1,27.0,7,0,-21.0,-13.408540382884333,-13.373768329852911,0,0.7164589464635578,-7.172946053267408,1.1239036319117017,0.25306560292675045,1.3769692348384521
1026,110,0.0,-0.01,1.5,0.0,0.01,1.5,5.901057900747072,2.9977494936636333,1.5,6.618835726525475,26.930662763497835,2.815292739296952,19.54438311760486,2.4222115390011347,-0.791132946941024,1.5,2.548136589628946,-18.08786417950841,4.640065009209672,27.840152460780743,45.01852694300625,-84.43238980213155,-76.12473477680754,-84.42050411998343,-76.14590060801012,1,1,1,1,2,1,30.0,-3.0,27.0,7,1,-15.0,-3.0,-18.0,2,1,27.0,7,1,-18.0,-29.359132261352247,-29.359132261352247,1,-5.468996258138848,2.810229323066774,0.3604850818844327,1.5409964011736954,1.9014814830581281
1027,110,0.0,-0.01,1.5,0.0,0.01,1.5,2.6064821508084544,1.3646759721585167,1.5,2.9421233338304935,27.635207287910013,2.0474501032043686,26.59452589873745,2.701778912619097,-0.8237875782911342,1.5,2.8245770067073765,-16.956758482109635,2.346435401930327,26.943932984717268,44.59196577001965,-77.39775073814704,-77.02095425287102,-77.37036133885084,-77.03889060398728,1,1,1,1,2,1,30.0,-3.0,27.0,7,1,-15.0,-3.0,-18.0,2,1,27.0,7,1,-18.0,-0.5812450611594713,-0.5812450611594713,1,1.5392782040466968,1.860962354169555,1.2782052562257415,1.3419613188761577,2.620166575101899
1028,111,0.0,-0.01,1.5,0.0,0.01,1.5,6.617135334436706,-5.43397168233198,1.5,8.562390336736385,-39.39273730885643,4.019540700145987,17.308614283427445,3.0526680820396273,1.1866367405392988,1.5,3.275192997840162,21.242158357728176,3.9652204196394694,25.65891975190825,60.63489566658461,-86.65627295416085,-78.32518501637986,-86.66914944425073,-78.30596748568004,1,1,1,1,5,4,-45.0,6.0,-39.0,1,4,15.0,6.0,21.0,5,4,-39.0,1,4,21.0,-43.719559158864044,-43.719559158864044,1,-7.700376983533642,0.6507522638429064,0.2262737638898015,1.1121328247588045,1.338406588648606
1029,111,0.0,-0.01,1.5,0.0,0.01,1.5,1.5659127361463434,-1.3554506537912336,1.5,2.07106957200583,-40.879392467255585,1.3160968119145071,29.657617021116494,5.313499624994192,1.8702660814982819,1.5,5.6330430036008385,19.39124544621589,1.4908007053146553,20.944325883368663,60.270637913471475,-74.3072702164718,-83.03079974598407,-74.36216385485486,-83.02056135421964,1,1,1,1,5,4,-45.0,6.0,-39.0,1,4,15.0,6.0,21.0,5,3,-42.0,1,3,18.0,0.28391286937729543,0.33015583345306965,0,4.456075734704358,-4.195882135897209,1.9222060899849782,0.46524319467032166,2.3874492846553
1030,111,0.0,-0.01,1.5,0.0,0.01,1.5,3.3352487157315505,-2.837304810938108,1.5,4.378833473193687,-40.38789972867673,2.672442077142201,23.139758918313134,5.166515775138377,1.8121217336177113,1.5,5.475095472428163,19.327986986145344,4.504351654645099,21.191482872858252,59.715886714822076,-80.82512831927517,-82.78390568427275,-80.85083428439317,-82.77340436473004,1,1,1,1,5,4,-45.0,6.0,-39.0,1,4,15.0,6.0,21.0,5,4,-39.0,1,3,18.0,-38.778132107180866,-38.68801606084334,0,-1.9661401872414963,-3.9599313256584296,0.7100808892595091,0.4872776110135187,1.1973585002730278
1031,111,0.0,-0.01,1.5,0.0,0.01,1.5,6.334979538928719,-5.102015007499423,1.5,8.134034847195755,-38.846994944727754,2.073579057081813,17.754654764127984,5.87686030935107,2.275763482395679,1.5,6.30210968830531,21.168464937267725,3.371457559420777,19.96932766048627,60.01545988199548,-86.21023247346031,-84.0055144431864,-86.22362893519785,-83.99555957710203,1,1,1,1,5,4,-45.0,6.0,-39.0,1,4,15.0,6.0,21.0,5,4,-39.0,1,4,21.0,-23.748104159687628,-23.748104159687628,1,-7.2474144217934775,-5.033551518584844,0.24911408776331276,0.3937392508991828,0.6428533386624956
1032,111,0.0,-0.01,1.5,0.0,0.01,1.5,6.8753480796206405,-5.758473616645822,1.5,8.96830137816238,-39.947984207396395,3.373161453059928,16.90609256839171,1.916339069063731,0.6947455945083174,1.5,2.0383883017493902,19.92750132986859,4.044761173940327,29.78278268278661,59.875485537264986,-87.05879466919657,-74.21114993951144,-87.07123230865719,-74.18210455480168,1,1,1,1,5,4,-45.0,6.0,-39.0,1,4,15.0,6.0,21.0,5,4,-39.0,1,4,21.0,-26.36411991987918,-26.36411991987918,1,-8.142672879746772,4.708268045662498,0.20585199865286122,1.9843461968723994,2.1901981955252605
1033,111,0.0,-0.01,1.5,0.0,0.01,1.5,2.2250350658440943,-1.765568467038079,1.5,2.8404248020384246,-38.432049853842486,3.115064762925459,26.90540783559177,5.608147740944174,2.3373569173399598,1.5,6.075735218333186,22.625337622121336,4.2661038434219964,20.287591704334915,61.05738747596382,-77.05947940199653,-83.68829492098857,-77.09749436613187,-83.67729553325339,1,1,1,1,5,4,-45.0,6.0,-39.0,1,4,15.0,6.0,21.0,5,4,-39.0,2,0,24.0,-34.27258348551452,-34.21828800305728,0,1.8814741915329802,-4.855247307592727,1.3460910775505666,0.40810904015182775,1.7542001177023943
1034,111,0.0,-0.01,1.5,0.0,0.01,1.5,5.561069111076338,-4.797855782465723,1.5,7.344719856298616,-40.7862388749221,3.481696858486341,18.642297151405746,1.9769326222779824,0.7438505827878724,1.5,2.1122443709336185,20.619562904738842,3.8648539683506318,29.473603396465556,61.40580177966094,-85.32259008618254,-74.5202474673138,-85.33804074288788,-74.49128384112274,1,1,1,1,5,4,-45.0,6.0,-39.0,1,4,15.0,6.0,21.0,5,3,-42.0,1,4,21.0,-25.718889364315142,-25.64181781516514,0,-6.529456018163207,4.453789571868219,0.28966786906610503,1.9216470625693358,2.211314931635441
1035,111,0.0,-0.01,1.5,0.0,0.01,1.5,2.5977134193216926,-2.091861371854561,1.5,3.3352659576083656,-38.84345981238789,1.0178236124524993,25.507793418594957,3.867386720894122,1.4284247880051621,1.5,4.122751195977727,20.27178079431501,2.0435549497820293,23.657614892859712,59.1152406067029,-78.45709381899334,-80.32187169532051,-78.48976157307804,-80.30727234472857,1,1,1,1,5,4,-45.0,6.0,-39.0,1,4,15.0,6.0,21.0,5,4,-39.0,1,4,21.0,-1.2684733732076492,-1.2684733732076492,1,0.5016396732564166,-1.3739413894928134,1.0857252323501663,0.7897674722208141,1.8754927045709804
1036,111,0.0,-0.01,1.5,0.0,0.01,1.5,5.99064506240284,-4.437013063150879,1.5,7.454858361247588,-36.52575631501948,1.2578109111155769,18.512223863655247,4.758684961068378,1.7417878406865306,1.5,5.067435982887381,20.103784669591104,3.879515223143641,21.86419150197269,56.629540984610585,-85.45266337393304,-82.11248017418428,-85.46653442126245,-82.1006957356156,1,1,1,1,5,4,-45.0,6.0,-39.0,1,4,15.0,6.0,21.0,6,0,-36.0,1,4,21.0,-23.055959991884084,-22.965516976414282,0,-6.816369266364459,-3.1808963984441485,0.27279195030133974,0.5663184520543748,0.8391104023557145
1037,111,0.0,-0.01,1.5,0.0,0.01,1.5,4.282384226460246,-3.5456243676290393,1.5,5.559700245459313,-39.62325025222361,2.7446265201957134,21.06301079709116,5.1094154654479995,2.0221667138587964,1.5,5.495023622988138,21.59230267503453,4.892205128378656,21.160493635385073,61.215552927258145,-82.90187644049712,-82.81602833411269,-82.92180269043479,-82.80439360220322,1,1,1,1,5,4,-45.0,6.0,-39.0,1,4,15.0,6.0,21.0,5,4,-39.0,1,4,21.0,-47.84475858163131,-47.84475858163131,1,-3.9595230213632986,-3.86007001310381,0.4873164895967057,0.49686428775560854,0.9841807773523142
1038,112,0.0,-0.01,1.5,0.0,0.01,1.5,7.236757669252934,-3.6053817770656402,1.5,8.085136938969441,-26.482670484671328,1.3776768332928016,17.80511725221192,2.4745420898575943,2.0469647501912878,1.5,3.2114518901896183,39.59787612254613,4.137793153066853,25.837281063718372,66.08054660721746,-86.15976998537636,-78.16208444994163,-86.16935230114831,-78.12760617386992,1,1,1,1,6,3,-30.0,3.0,-27.0,3,0,45.0,-6.0,39.0,6,3,-27.0,3,0,39.0,-19.103501948273443,-19.103501948273443,1,-7.210031946415842,0.8129296988239156,0.25109059753053037,1.141334112384773,1.3924247099153033
1039,112,0.0,-0.01,1.5,0.0,0.01,1.5,7.882657230103042,-3.842363229743076,1.5,8.7692667992585,-25.986695453745,2.5212534344135014,17.099148806305976,2.2328514852978945,1.7147949944637852,1.5,2.815341476346176,37.5236985645255,3.656150280687469,26.982233767718505,63.5103940182705,-86.86573843128231,-77.02023749828344,-86.8744179951973,-76.98265346986979,1,1,1,1,6,3,-30.0,3.0,-27.0,3,0,45.0,-6.0,39.0,6,3,-27.0,3,0,39.0,-19.803912601404534,-19.803912601404534,1,-7.956503876668355,1.8588058777213905,0.21423004495948722,1.3415275903024177,1.555757635261905
1040,112,0.0,-0.01,1.5,0.0,0.01,1.5,3.8715608078289665,-2.081646701293925,1.5,4.395706550456383,-28.265868527876805,2.65836700524798,23.102848774982924,6.560227719127849,5.43648132961078,1.5,8.52008902383185,39.64864934512673,1.9736100507938792,17.35169910002869,67.91451787300353,-80.86203846260537,-86.62619895683513,-80.88075310175543,-86.6131881375596,1,1,1,1,6,3,-30.0,3.0,-27.0,3,0,45.0,-6.0,39.0,6,3,-27.0,3,0,39.0,-12.772713610354563,-12.772713610354563,1,-1.9857001294582153,-7.67156180179998,0.7075586279258501,0.22766721105448826,0.9352258389803384
1041,112,0.0,-0.01,1.5,0.0,0.01,1.5,7.376968976442247,-4.0029252829118285,1.5,8.39303771586701,-28.485349249211886,4.354151674583141,17.480626824391003,6.745703208955065,5.322611416847882,1.5,8.592712265522806,38.27475691148894,1.8702622035554688,17.27773204371799,66.76010616070083,-86.48426041319729,-86.69967853496865,-86.49413271724576,-86.6871551938703,1,1,1,1,6,3,-30.0,3.0,-27.0,3,0,45.0,-6.0,39.0,6,3,-27.0,3,0,39.0,-38.99726960254049,-38.99726960254049,1,-7.638211538648518,-7.751147994954232,0.229289854045771,0.2238377279846659,0.4531275820304369
1042,112,0.0,-0.01,1.5,0.0,0.01,1.5,8.528423865368792,-4.295707546703128,1.5,9.549194570967448,-26.734076429380043,3.1718136022270915,16.358831327173064,2.048180824182308,1.540684697482297,1.5,2.5629580616163494,36.951254618058734,1.7880436411202782,27.79960274616084,63.68533104743878,-87.60605591041524,-76.20602959603723,-87.61423971493885,-76.16528449142746,1,1,1,1,6,3,-30.0,3.0,-27.0,3,0,45.0,-6.0,39.0,6,3,-27.0,2,4,36.0,-16.35180783194944,-16.271271327049806,0,-8.645545785476166,2.566785533118015,0.18472251337083548,1.4884312139538025,1.673153727324638
1043,112,0.0,-0.01,1.5,0.0,0.01,1.5,3.9270550814548524,-2.011873578086925,1.5,4.412413954626726,-27.12656339664821,3.1214265358350337,23.069517341368343,6.126768544368546,4.990291349244602,1.5,7.901917523399582,39.16303163389023,2.8340798008584884,18.006368072938667,66.28959503053844,-80.89536989621996,-85.9724009095093,-80.91332261433669,-85.95851916464963,1,1,1,1,6,3,-30.0,3.0,-27.0,3,0,45.0,-6.0,39.0,6,3,-27.0,3,0,39.0,-23.836401143312976,-23.836401143312976,1,-1.9341119577729122,-6.995919304800084,0.7142259590236161,0.26269027890369145,0.9769162379273075
1044,112,0.0,-0.01,1.5,0.0,0.01,1.5,6.747187122238111,-3.3909487090090757,1.5,7.551361944022158,-26.682831018070424,3.7385196247367083,18.398732180375653,5.332334425460143,4.426043590012968,1.5,6.929909976734347,39.6939838282761,3.2049161567871955,19.147529838869445,66.37681484634652,-85.56615505721265,-84.83336736538547,-85.57648500827398,-84.81735739871885,1,1,1,1,6,3,-30.0,3.0,-27.0,3,0,45.0,-6.0,39.0,6,3,-27.0,3,0,39.0,-39.751249698527,-39.751249698527,1,-6.607598864026187,-5.879368700251599,0.28498039160113786,0.33143414328831106,0.616414534889449
1045,112,0.0,-0.01,1.5,0.0,0.01,1.5,6.16183015082846,-3.2192822448443135,1.5,6.952116870394838,-27.585066178279902,4.3686630704683465,19.11751766557611,4.978911165813183,4.321522572372147,1.5,6.592807728167201,40.95684972001737,2.3700288133170555,19.5813038686174,68.54191589829728,-84.84736957201218,-84.40085581975596,-84.85894021326338,-84.38358336897089,1,1,1,1,6,3,-30.0,3.0,-27.0,3,0,45.0,-6.0,39.0,6,3,-27.0,3,1,42.0,-40.11165449240993,-40.015452871090666,0,-5.901918837833051,-5.624866563467198,0.329899756524121,0.34919583287489875,0.6790955893990198
1046,112,0.0,-0.01,1.5,0.0,0.01,1.5,1.8288853844373516,-0.9395772097114503,1.5,2.056119423189644,-27.19151860584106,4.852596255739897,29.712355394863277,3.9820691225199103,3.0145161877499804,1.5,4.9944151151794705,37.12654340966478,1.731305048534037,21.994876995310552,64.31806201550583,-74.25253184272502,-81.99100403807336,-74.29114025023935,-81.97001024227774,1,1,1,1,6,3,-30.0,3.0,-27.0,3,0,45.0,-6.0,39.0,6,3,-27.0,2,4,36.0,-16.65893126821605,-16.585468386235444,0,4.697671399684863,-3.195120177347091,1.9817165117288766,0.5647861077264318,2.5465026194553086
1047,112,0.0,-0.01,1.5,0.0,0.01,1.5,5.84360116743662,-3.051915571914169,1.5,6.592561206553855,-27.576545246970078,1.4608400573018159,19.579088372538692,2.092748338030202,1.607853794960221,1.5,2.639088750363685,37.53499093890462,2.1288722247060514,27.54503486257296,65.1115361858747,-84.38579886504961,-76.45995616479038,-84.39799677118157,-76.41985237501532,1,1,1,1,6,3,-30.0,3.0,-27.0,3,0,45.0,-6.0,39.0,6,3,-27.0,3,0,39.0,-1.4925692921417424,-1.4925692921417424,1,-5.439943558509919,2.422450243532967,0.36262448028442346,1.4577557581490452,1.8203802384334686
1048,113,0.0,-0.01,1.5,0.0,0.01,1.5,4.936503086605865,-3.4122493203493263,1.5,6.001042255166486,-34.65331510637961,4.005536990991993,20.39777074927576,9.424256949043217,-0.23803556091633662,1.5,9.427262591540034,-1.4468550641566447,1.6586558771199131,16.46659400962051,33.206460042222965,-83.56711648831252,-87.49829322796778,-83.58357811298974,-87.49875943156562,1,1,1,1,6,1,-30.0,-3.0,-33.0,0,2,0.0,0.0,0.0,6,0,-36.0,0,2,0.0,-29.501748716404382,-29.43850737038367,0,-4.7500129520377365,-8.646511673324584,0.4168013129613296,0.18468395551776343,0.601485268479093
1049,113,0.0,-0.01,1.5,0.0,0.01,1.5,5.924744933952564,-3.6740680936961043,1.5,6.9714689190666475,-31.80398558651239,4.814855310465475,19.09415366726144,6.249480304356456,-0.23912935862817253,1.5,6.254053639416373,-2.191289755547807,1.2714752100653306,20.03136569775566,29.612695830964583,-84.87073357032685,-83.93352153983264,-84.88386550276692,-83.9345832104161,1,1,1,1,6,1,-30.0,-3.0,-33.0,0,2,0.0,0.0,0.0,6,1,-33.0,0,1,-3.0,-41.21996274711483,-41.14121919324986,0,-5.983510254120716,-5.228051692750354,0.32440071074106674,0.3785680302057785,0.7029687409468452
1050,113,0.0,-0.01,1.5,0.0,0.01,1.5,5.075083696708671,-3.287039167539137,1.5,6.046577628504784,-32.93039423484342,1.6368989115578696,20.33169078013806,9.377374555424101,-0.21844718939123228,1.5,9.37991858852028,-1.3344714612892457,4.758007090703048,16.510308157506913,31.59592277355417,-83.63319645745023,-87.45457908008137,-83.64881386505418,-87.45501163286784,1,1,1,1,6,1,-30.0,-3.0,-33.0,0,2,0.0,0.0,0.0,6,1,-33.0,0,2,0.0,-44.120140779335905,-44.120140779335905,1,-4.670045291844948,-8.586042103266111,0.42351293591599887,0.18711247693133584,0.6106254128473347
1051,113,0.0,-0.01,1.5,0.0,0.01,1.5,4.477416446909207,-2.9926696935293022,1.5,5.385473974834698,-33.75845382641802,2.684007416701802,21.338555469046554,3.8060202188178307,-0.08318441992862036,1.5,3.806929150085274,-1.2520578519116805,3.701271108461522,24.343050955368962,32.50639597450634,-82.62633176854173,-79.62183628221933,-82.6442556322913,-79.62283344743831,1,1,1,1,6,1,-30.0,-3.0,-33.0,0,2,0.0,0.0,0.0,6,1,-33.0,0,2,0.0,-23.933188061384392,-23.933188061384392,1,-3.6940910177454693,-0.7455728683916095,0.5131474040793915,0.8814714256548934,1.394618829734285
1052,113,0.0,-0.01,1.5,0.0,0.01,1.5,8.3477624793859,-5.257493697576486,1.5,9.865413239814108,-32.203081903576646,1.4941120686817437,16.07646271190766,3.2427147377635337,0.15994739837949284,1.5,3.2466570562283277,2.823834433743861,1.1193517318081736,25.726625573286903,35.02691633732051,-87.88842452568063,-78.24089624791831,-87.89780847288085,-78.23826166430139,1,1,1,1,6,1,-30.0,-3.0,-33.0,0,2,0.0,0.0,0.0,6,1,-33.0,0,3,3.0,-2.279871021960524,-2.195470265133889,0,-8.958079647455614,0.294755510298719,0.17263293603185906,1.0497883627071662,1.2224212987390253
1053,113,0.0,-0.01,1.5,0.0,0.01,1.5,7.900914230150049,-5.025332220165108,1.5,9.363675004784024,-32.458171434879986,4.777356653969978,16.5301279072032,6.299984750258138,0.1884788091454509,1.5,6.302803512325446,1.7136263918532926,3.607970269600579,19.96380360407086,34.17179782673328,-87.43475933038509,-84.00190797741243,-87.4447177319131,-84.00108363351742,1,1,1,1,6,1,-30.0,-3.0,-33.0,0,2,0.0,0.0,0.0,6,1,-33.0,0,3,3.0,-62.31854120060356,-62.244576351162976,0,-8.486199622857454,-5.194709746586832,0.1911878095048958,0.38113191127669327,0.5723197207815891
1054,113,0.0,-0.01,1.5,0.0,0.01,1.5,7.590458635182408,-4.729712665731352,1.5,8.943446997259768,-31.927565836769315,3.904650139728742,16.92911241791598,2.8987082212303963,-0.07621091359440707,1.5,2.8997098915545987,-1.5060356818840974,1.1559735860999312,26.707723226366433,30.421530154885218,-87.03577481967231,-77.25716401122186,-87.04604719270158,-77.25873959291467,1,1,1,1,6,1,-30.0,-3.0,-33.0,0,2,0.0,0.0,0.0,6,1,-33.0,0,1,-3.0,-25.86384318296991,-25.863463386813816,0,-8.133113162832538,1.5783343152671807,0.20627468166849508,1.2858441929262805,1.4921188745947755
1055,113,0.0,-0.01,1.5,0.0,0.01,1.5,7.70023394627299,-4.815209084683728,1.5,9.081841297697048,-32.01909423536089,1.7082160422128005,16.795668299128906,9.762080883397683,0.34129126199386967,1.5,9.76804498861015,2.002297257944053,1.710547305831498,16.158231285365858,34.02139149330494,-87.16921893845938,-87.8072772346633,-87.17936091065057,-87.80665595222244,1,1,1,1,6,1,-30.0,-3.0,-33.0,0,2,0.0,0.0,0.0,6,1,-33.0,0,3,3.0,-8.927197294884452,-8.884126364062073,0,-8.256479039808509,-9.056893449774782,0.20088160133702568,0.1689681185287979,0.3698497198658236
1056,113,0.0,-0.01,1.5,0.0,0.01,1.5,4.6094697108550085,-2.978769334749427,1.5,5.488194399338757,-32.87168438531429,3.7957893595889756,21.17407105699014,6.423778482575371,-0.21485182481617454,1.5,6.427370480984053,-1.915619542806927,1.2676274345833565,19.793851886009293,30.956064842507363,-82.79081618059814,-84.171035351579,-82.80799469874924,-84.17193846277786,1,1,1,1,6,1,-30.0,-3.0,-33.0,0,2,0.0,0.0,0.0,6,1,-33.0,0,1,-3.0,-22.48902723622947,-22.44297506483068,0,-3.8286022753405207,-5.4047445678587005,0.4999177486225815,0.365231437651966,0.8651491862745475
1057,113,0.0,-0.01,1.5,0.0,0.01,1.5,5.0919763721193725,-3.147851796048994,1.5,5.986417484949646,-31.724291558367707,2.3347469328056962,20.41836189042956,7.516093674035824,0.2284191926974727,1.5,7.519563780198549,1.7407218879312412,2.255185154204702,18.4305680759749,33.46501344629895,-83.54652534715873,-85.53502172030247,-83.5617836992494,-85.53431916161338,1,1,1,1,6,1,-30.0,-3.0,-33.0,0,2,0.0,0.0,0.0,6,1,-33.0,0,3,3.0,-14.426099956805125,-14.385795668740768,0,-4.670239158154893,-6.732549363009018,0.42349655301835865,0.2776275639779418,0.7011241169963005
1058,114,0.0,-0.01,1.5,0.0,0.01,1.5,6.298928654851568,-4.93365390725972,1.5,8.001090117948259,-38.0699244633721,1.9369673655311934,17.897787401178686,6.651603526826858,-4.09437581738629,1.5,7.81074534292939,-31.614257747045336,3.8815466562526457,18.106054970443036,6.4556667163267605,-86.06709983640961,-85.85883226714526,-86.08048876880679,-85.87049248011637,1,1,1,1,5,4,-45.0,6.0,-39.0,6,1,-30.0,-3.0,-33.0,5,4,-39.0,6,2,-30.0,-31.929930718691445,-31.877378434149158,0,-7.723419405927254,-7.439614254872325,0.22516514898449883,0.23917534387889938,0.4643404928633982
1059,114,0.0,-0.01,1.5,0.0,0.01,1.5,6.977969992877277,-5.722570514310132,1.5,9.024404607105525,-39.35487072516906,4.611346875495686,16.8518103199687,6.477190636433247,-4.077249728535453,1.5,7.653624232319023,-32.189516701697755,4.005138612261272,18.28277833916114,7.165354023471302,-87.1130769176196,-85.68210889842716,-87.1252861704728,-85.69420047841871,1,1,1,1,5,4,-45.0,6.0,-39.0,6,1,-30.0,-3.0,-33.0,5,4,-39.0,6,1,-33.0,-66.90099422894357,-66.90099422894357,1,-8.540581772362295,-7.257583678412381,0.18895787198361008,0.24857888373984474,0.43753675572345485
1060,114,0.0,-0.01,1.5,0.0,0.01,1.5,6.785002110277454,-5.452305225764391,1.5,8.70424528097452,-38.78473039669232,4.232733813969156,17.165705372001025,6.687784749533218,-4.399314133517432,1.5,8.00502527800227,-33.33745298963483,1.4247966904490657,17.89278426842309,5.447277407057484,-86.79918186558726,-86.0721029691652,-86.8116839696965,-86.08402994083548,1,1,1,1,5,4,-45.0,6.0,-39.0,6,1,-30.0,-3.0,-33.0,5,4,-39.0,6,1,-33.0,-34.967178726023505,-34.967178726023505,1,-8.284923090872935,-7.6603376039515725,0.1996569138510098,0.2282121326387737,0.4278690464897835
1061,114,0.0,-0.01,1.5,0.0,0.01,1.5,7.6591217758496715,-6.102011996702065,1.5,9.792685882085188,-38.544284998643384,3.5094518314106136,16.141567637621318,4.124325295256382,-2.6861846203359665,1.5,4.921955602768184,-33.07631086949807,1.911923401720816,22.12094699669999,5.467974129145311,-87.82331959996696,-81.8439402408883,-87.83437403205863,-81.86320095056111,1,1,1,1,5,4,-45.0,6.0,-39.0,6,1,-30.0,-3.0,-33.0,5,3,-42.0,6,1,-33.0,-25.936027274080427,-25.924959236412008,0,-9.239136586350934,-4.151582758295625,0.16240068900580643,0.46931466591380716,0.6317153549196136
1062,114,0.0,-0.01,1.5,0.0,0.01,1.5,6.967471442263861,-5.435506776104313,1.5,8.836876835841855,-37.95872495658353,3.0770653394010616,17.034146628145585,7.4462954863219935,-4.581291221037149,1.5,8.742742459981956,-31.601672718976737,3.4265493831437177,17.126328356692227,6.357052237606794,-86.93074060944271,-86.83855888089607,-86.94283354096497,-86.8489712128029,1,1,1,1,5,4,-45.0,6.0,-39.0,6,1,-30.0,-3.0,-33.0,5,4,-39.0,6,2,-30.0,-37.132172111310496,-37.05862356986684,0,-8.506960269080679,-8.335494316853758,0.1903336306638033,0.19749669536650089,0.3878303260303042
1063,114,0.0,-0.01,1.5,0.0,0.01,1.5,6.768329238677994,-5.731118995295256,1.5,8.868822110143913,-40.25643634102243,1.9787041407336954,17.003086868239325,6.9117654130742165,-4.564087470562173,1.5,8.282716677776175,-33.438218782494,3.040269070954906,17.59639830474175,6.818217558528431,-86.96180036934896,-86.36848893284653,-86.97445826444871,-86.38004672461543,1,1,1,1,5,4,-45.0,6.0,-39.0,6,1,-30.0,-3.0,-33.0,5,3,-42.0,6,1,-33.0,-21.92495222245431,-21.836158736464768,0,-8.426280199142871,-7.933843224884467,0.19367328730306826,0.21527116158051607,0.40894444888358433
1064,114,0.0,-0.01,1.5,0.0,0.01,1.5,7.150437007733196,-6.029947062479979,1.5,9.353556060551055,-40.140858198828695,4.810111678402708,16.54052772277093,5.395951339368186,-3.697695902004158,1.5,6.5413489312623945,-34.42176039555895,1.0953338610657348,19.648233581697223,5.719097803269747,-87.42435951481737,-84.31665365589106,-87.43633255483513,-84.33166610802616,1,1,1,1,5,4,-45.0,6.0,-39.0,6,1,-30.0,-3.0,-33.0,5,4,-39.0,6,1,-33.0,-43.721345462782246,-43.721345462782246,1,-8.84665101606197,-6.357179637699613,0.1768553326221237,0.30024871500394384,0.4771040476260675
1065,114,0.0,-0.01,1.5,0.0,0.01,1.5,5.156958123411326,-4.2194900591031175,1.5,6.663205943499577,-39.290476244384294,3.7576250917971663,19.488666351399797,6.378045951655995,-4.0876256682222465,1.5,7.575496931881419,-32.655402853314364,4.323368111084238,18.37203919749064,6.63507339106993,-84.4762208861885,-85.59284804009765,-84.49273190466468,-85.60522084335568,1,1,1,1,5,4,-45.0,6.0,-39.0,6,1,-30.0,-3.0,-33.0,5,4,-39.0,6,1,-33.0,-56.35819452400718,-56.35819452400718,1,-6.205010874280824,-7.18656007188927,0.3098824286699051,0.2523389442383576,0.5622213729082628
1066,114,0.0,-0.01,1.5,0.0,0.01,1.5,6.230895174703728,-5.154235345580207,1.5,8.086420510694118,-39.59776474604357,3.6570533340836686,17.805796685138958,5.028484165116679,-3.1433055538234798,1.5,5.930094670705242,-32.00950400623832,1.5492053553255398,20.500604547111152,7.58826073980525,-86.15909055244934,-83.46428269047713,-86.17278413850052,-83.4798104049608,1,1,1,1,5,4,-45.0,6.0,-39.0,6,1,-30.0,-3.0,-33.0,5,4,-39.0,6,2,-30.0,-25.703673699233903,-25.627569022136598,0,-7.671394178268269,-5.338673245827804,0.22767534013700974,0.3701693963718762,0.5978447365088859
1067,114,0.0,-0.01,1.5,0.0,0.01,1.5,6.893817366933454,-5.802765203284684,1.5,9.010926805444868,-40.088482400432554,4.472778669575458,16.864894451870306,4.921537527803185,-3.378024037656846,1.5,5.969302977447413,-34.464759691237525,1.9948926134306362,20.44383477336548,5.623722709195029,-87.09999278571799,-83.52105246422282,-87.11240679531868,-83.53752169055261,1,1,1,1,5,4,-45.0,6.0,-39.0,6,1,-30.0,-3.0,-33.0,5,3,-42.0,6,1,-33.0,-41.6397436890846,-41.546107514290775,0,-8.5427084499775,-5.731769916693246,0.18887116412832597,0.3416348226688302,0.5305059867971562
1068,115,0.0,-0.01,1.5,0.0,0.01,1.5,5.4922486758149045,2.1559361604985545,1.5,5.900242049707438,21.432073302623966,1.600469433725685,20.54205120334327,4.949526383387012,2.493507916443202,1.5,5.542146980116011,26.738379412866863,2.709191700976001,21.08755925874704,5.306306110242897,-83.43359395288985,-82.89142934040174,-83.42283603424502,-82.87732797884125,1,1,1,1,1,4,15.0,6.0,21.0,2,1,30.0,-3.0,27.0,1,3,18.0,2,1,27.0,-12.960391516270125,-12.88316596999659,0,-5.428677230399176,-4.9536259680894945,0.3634571169455442,0.40012532918529214,0.7635824461308364
1069,115,0.0,-0.01,1.5,0.0,0.01,1.5,6.4969191898734415,2.476896726579907,1.5,6.953055181277366,20.868934205274147,4.293435561359155,19.115007632305943,5.154971557120028,2.6825972177035102,1.5,5.8112012172310035,27.492031768880608,4.130028331281862,20.675652412248166,6.623097563606461,-84.85877933142648,-83.30303424273362,-84.84987960528235,-83.28923482534012,1,1,1,1,1,4,15.0,6.0,21.0,2,1,30.0,-3.0,27.0,1,3,18.0,2,1,27.0,-59.52067254794433,-59.49369221425526,0,-6.548013485089269,-5.197678949007515,0.28854841689187044,0.3809029758897965,0.669451392781667
1070,115,0.0,-0.01,1.5,0.0,0.01,1.5,8.289838730132931,3.145356912497906,1.5,8.866492896213831,20.777905923494263,4.278735173433073,17.00251145963575,3.83713982015761,2.0285581363357945,1.5,4.340355989078929,27.863801489147257,1.1906579886985131,23.212910849177575,7.085895565652994,-86.9693264663981,-80.77068324912828,-86.96237577795256,-80.75197638841072,1,1,1,1,1,4,15.0,6.0,21.0,2,1,30.0,-3.0,27.0,1,4,21.0,2,2,30.0,-33.390818373123146,-33.34025992428,0,-8.414746973846196,-3.191779206755333,0.1941551416434658,0.5651457297105706,0.7593008713540365
1071,115,0.0,-0.01,1.5,0.0,0.01,1.5,8.185540683034919,3.014518015501865,1.5,8.722980863180032,20.21741714655929,4.329290208752601,17.144216126872823,7.301357819758639,3.839390138003932,1.5,8.249287402191325,27.737460437312965,2.715058968802823,17.630646551220714,7.5200432907536765,-86.82755409697754,-86.34404170779952,-86.82067111071547,-86.33424068636758,1,1,1,1,1,4,15.0,6.0,21.0,2,1,30.0,-3.0,27.0,1,4,21.0,2,2,30.0,-46.13504786113684,-46.12665382953721,0,-8.281426674215663,-7.830152425639384,0.1998070795041662,0.22009520948386405,0.4199022889880303
1072,115,0.0,-0.01,1.5,0.0,0.01,1.5,7.219459205666569,2.692992435936719,1.5,7.705374713944556,20.456450019530237,1.9947782208541485,18.222136897983454,8.013201864192014,4.15412294327994,1.5,9.02597039349095,27.402669204066715,1.3867538266656503,16.84862694315779,6.946219184536478,-85.75062972770652,-87.12511902905796,-85.74275033960484,-87.1162602944305,1,1,1,1,1,4,15.0,6.0,21.0,2,1,30.0,-3.0,27.0,1,4,21.0,2,2,30.0,-8.552298112469895,-8.539641320353063,0,-7.308825411145823,-8.542953619493504,0.2458980502381842,0.18886117059160965,0.43475922082979385
1073,115,0.0,-0.01,1.5,0.0,0.01,1.5,9.181892233002456,3.4016551377190005,1.5,9.79175176638179,20.328373298478514,3.525309042333882,16.13994736767205,8.229770233158282,4.487074524693938,1.5,9.373524197479593,28.60031197542031,2.059632042145393,16.520453270128538,8.271938676941797,-87.8311021804958,-87.45330609001465,-87.82493986991625,-87.44443396745976,1,1,1,1,1,4,15.0,6.0,21.0,2,1,30.0,-3.0,27.0,1,4,21.0,2,2,30.0,-29.37129822972351,-29.287909980873195,0,-9.204948604617165,-8.90843416115349,0.1636140511243081,0.17450231597579344,0.3381163671001015
1074,115,0.0,-0.01,1.5,0.0,0.01,1.5,7.121240796833029,2.8107230098290388,1.5,7.655862742007692,21.538935632194274,1.6430058059016064,18.278354513496097,6.266145397945739,3.370493466940557,1.5,7.115110987109445,28.275338786233885,1.3475541154942037,18.916222782204564,6.7364031540396105,-85.69486246534407,-85.06022972410149,-85.6865327240922,-85.04866445538372,1,1,1,1,1,4,15.0,6.0,21.0,2,1,30.0,-3.0,27.0,1,4,21.0,2,2,30.0,-5.669339848868774,-5.611443282626347,0,-7.342326868480129,-6.693901090434272,0.2441597038405762,0.27988328525986966,0.5240429891004459
1075,115,0.0,-0.01,1.5,0.0,0.01,1.5,3.746087535321382,1.4101789962945133,1.5,4.0027211524012545,20.628369086065995,1.1431346283165298,23.914595995369403,8.811796057740201,4.502404188262431,1.5,9.895422842793977,27.064848366312486,2.582755757242881,16.04938076532965,6.436479280246491,-80.0655809449288,-87.92349233910231,-80.05029124221889,-87.91550647225864,1,1,1,1,1,4,15.0,6.0,21.0,2,1,30.0,-3.0,27.0,1,4,21.0,2,2,30.0,-11.53074220618865,-11.45855432454502,0,-2.7879751597473925,-9.288209354679521,0.6100031790244076,0.1606739042668815,0.770677083291289
1076,115,0.0,-0.01,1.5,0.0,0.01,1.5,4.871698286957568,1.8652167906177002,1.5,5.216558048670358,20.950237968457728,3.0114752013591946,21.612338209798505,3.495546706297955,1.716836723183205,1.5,3.894403049246563,26.15794903619007,1.467309058602288,24.155075175443706,5.207711067732344,-82.36445628742034,-79.82947820790584,-82.35254902778978,-79.80981206214459,1,1,1,1,1,4,15.0,6.0,21.0,2,1,30.0,-3.0,27.0,1,4,21.0,2,2,30.0,-13.734160364086804,-13.658664233286066,0,-4.512287870493327,-2.897997659713167,0.43702624173139,0.597505331835157,1.034531573566547
1077,115,0.0,-0.01,1.5,0.0,0.01,1.5,7.640458992019878,2.807025767530562,1.5,8.139779313244183,20.172810993104715,4.896181213034181,17.745500243305614,6.286427852494557,3.3454180053146265,1.5,7.121165408477928,28.020353301355197,4.1276384814424905,18.908780977948883,7.847542308250482,-86.22674637209192,-85.06756532806051,-86.21938699428269,-85.0561062596394,1,1,1,1,1,4,15.0,6.0,21.0,2,1,30.0,-3.0,27.0,1,3,18.0,2,2,30.0,-72.75181194045106,-72.68180982656624,0,-7.735838175375243,-6.69173252283917,0.22456974160643578,0.2800103453404985,0.5045800869469343
1078,116,0.0,-0.01,1.5,0.0,0.01,1.5,2.349857594724347,2.6566671260365324,1.5,3.5467888200521474,48.50681080994029,3.1717361169782023,24.97571801869849,7.213199434112815,0.4794858053842548,1.5,7.229118391190617,3.8030496467227497,1.2198993425195637,18.773160107098455,44.70376116321754,-79.0258564616658,-85.19332129747329,-78.9891692188898,-85.19172713048985,1,1,1,1,3,3,45.0,3.0,48.0,0,4,0.0,6.0,6.0,3,3,48.0,0,3,3.0,-9.988408123740186,-9.923208004779106,0,-0.07903189248688938,-6.486176748529915,0.9869328060966398,0.29229387847859045,1.2792266845752303
1079,116,0.0,-0.01,1.5,0.0,0.01,1.5,1.473621180189469,1.55699902677566,1.5,2.1437829535854034,46.57591306348927,1.3885619493134311,29.359893563453095,4.606154278655551,0.4597866885780099,1.5,4.629045370027213,5.7003863649231805,2.2150714929306052,22.646092223424752,40.875526698566084,-74.66384641393273,-81.32252244386092,-74.6049936741352,-81.31879501416353,1,1,1,1,3,3,45.0,3.0,48.0,0,4,0.0,6.0,6.0,3,3,48.0,0,4,6.0,-2.3176622225884054,-2.3176622225884054,1,4.180672844784634,-2.3612347270246667,1.8554271239292994,0.6604716980386311,2.5158988219679306
1080,116,0.0,-0.01,1.5,0.0,0.01,1.5,3.77877836309286,4.184614465417017,1.5,5.638276699626944,47.91742439814057,2.0184145825388016,20.942585252386458,4.15057587179489,0.5098869058921089,1.5,4.181777699056484,7.003539455677424,4.190866856389272,23.529367977515605,40.91388494246314,-83.0451696551639,-80.44058380438871,-83.02230198520184,-80.43551926007268,1,1,1,1,3,3,45.0,3.0,48.0,0,4,0.0,6.0,6.0,3,3,48.0,0,4,6.0,-26.94115035361826,-26.94115035361826,1,-4.082353247346092,-1.5276186979391484,0.47573776122570594,0.7684663185121818,1.2442040797378877
1081,116,0.0,-0.01,1.5,0.0,0.01,1.5,4.894888996036528,5.52404543836941,1.5,7.380719225704862,48.455659390470785,1.335878146693393,18.600913924087244,8.277984105832266,0.660750721097438,1.5,8.304312877766733,4.563687418100897,3.5008319810769652,17.568829817885547,43.89197197236989,-85.38158872995494,-86.39771979980127,-85.36397331350105,-86.39605741970274,1,1,1,1,3,3,45.0,3.0,48.0,0,4,0.0,6.0,6.0,3,3,48.0,0,4,6.0,-22.97788230963061,-22.97788230963061,1,-6.4288078762581735,-7.5423585385806575,0.2958078822578469,0.23401311574999392,0.5298209980078408
1082,116,0.0,-0.01,1.5,0.0,0.01,1.5,1.6887539103281215,1.8872213991794538,1.5,2.532487784604178,48.17667052916067,1.8876362979431072,27.908696966772606,2.2944993851913886,0.22421182104160167,1.5,2.3054280230227207,5.581058479747289,3.3109934598617654,28.70263150053232,42.595612049413376,-76.10730830914936,-75.26958453143894,-76.05619027081569,-75.26225573705597,1,1,1,1,3,3,45.0,3.0,48.0,0,4,0.0,6.0,6.0,3,3,48.0,0,4,6.0,-1.892608790021761,-1.892608790021761,1,2.847431783563736,3.6830807605869853,1.5491197830660854,1.7377360491733236,3.286855832239409
1083,116,0.0,-0.01,1.5,0.0,0.01,1.5,4.031351288081062,4.444170661023645,1.5,6.000203835888926,47.788516138776075,2.9461486118641647,20.401481475349783,6.863836813930413,0.833870636014286,1.5,6.914303728205268,6.926778336793043,1.808851843927331,19.16061466732404,40.86173780198303,-83.58484992661889,-84.80730182076587,-83.5634057622385,-84.80427257026426,1,1,1,1,3,3,45.0,3.0,48.0,0,4,0.0,6.0,6.0,3,3,48.0,0,4,6.0,-16.29788496538841,-16.29788496538841,1,-4.623862346233012,-5.886482635726966,0.4274312435165753,0.330949403162705,0.7583806466792803
1084,116,0.0,-0.01,1.5,0.0,0.01,1.5,1.449794562138351,1.5548312702513865,1.5,2.125889120193589,47.00214956295721,4.601546193758054,29.43315456184743,7.153588337516678,0.733860986506254,1.5,7.191131903266033,5.857278719139401,1.8756444406463713,18.81935707345873,41.144870843817806,-74.59149653624209,-85.147994921603,-74.53173267574086,-85.14553016412955,1,1,1,1,3,3,45.0,3.0,48.0,0,4,0.0,6.0,6.0,3,3,48.0,0,4,6.0,-17.443256492403247,-17.443256492403247,1,4.308067651208891,-6.1827787565272,1.8861752780372636,0.3113129120659202,2.1974881901031837
1085,116,0.0,-0.01,1.5,0.0,0.01,1.5,1.7104429267271344,1.8763533319503576,1.5,2.5389597932838743,47.64837875568938,3.5127316534881694,27.886249636634446,2.913939736981953,0.22912049617549846,1.5,2.922933627801042,4.495866247564374,4.255427245252994,26.6399788201512,43.15251250812501,-76.12920161047121,-77.32956817780845,-76.07863760095385,-77.3249084174371,1,1,1,1,3,3,45.0,3.0,48.0,0,4,0.0,6.0,6.0,3,3,48.0,0,3,3.0,-22.731074727108844,-22.72773263071964,0,2.8206358819930317,1.5125781180927145,1.5432663334278611,1.2729992868949738,2.816265620322835
1086,116,0.0,-0.01,1.5,0.0,0.01,1.5,5.208537349492289,5.635356046631225,1.5,7.673727848533545,47.254014496638845,2.4324594409912654,18.26226233970033,8.845431128851867,0.7418459710987543,1.5,8.876485075754765,4.794046190408977,4.629762113138572,16.990069082811495,42.45996830622987,-85.71924796909701,-86.97645221090312,-85.70262489788796,-86.9748181547768,1,1,1,1,3,3,45.0,3.0,48.0,0,4,0.0,6.0,6.0,3,3,48.0,0,4,6.0,-47.92931696073754,-47.92931696073754,1,-6.785062705571262,-8.088447622870751,0.27458902386585965,0.20826028698394475,0.4828493108498044
1087,116,0.0,-0.01,1.5,0.0,0.01,1.5,5.935830286706879,6.5728492284682964,1.5,8.85643428094868,47.91533516164596,2.311517851330907,17.01617990604851,4.791223809396233,0.3923131237619639,1.5,4.807258592878193,4.681027893273997,2.437423911263454,22.31758342598518,43.234307268371964,-86.96326515220912,-81.65025302072026,-86.94870733153978,-81.64730381160311,1,1,1,1,3,3,45.0,3.0,48.0,0,4,0.0,6.0,6.0,3,3,48.0,0,4,6.0,-14.660712192916098,-14.660712192916098,1,-7.999452352251862,-2.7778579992326597,0.2122696331594996,0.6111628999323409,0.8234325330918404
1088,117,0.0,-0.01,1.5,0.0,0.01,1.5,8.182751707291054,4.5849414697760045,1.5,9.37971821455455,29.26268624686541,2.801046430724028,16.51480635238731,7.901044384694544,1.4896479701699847,1.5,8.040245857182773,10.677103687776935,3.0000737846584093,17.850688069094293,18.585582559088476,-87.45913431570857,-86.11820384430187,-87.45008088520098,-86.114199168494,1,1,1,1,2,2,30.0,0.0,30.0,1,0,15.0,-6.0,9.0,2,2,30.0,1,1,12.0,-28.375518467025348,-28.345237531933876,0,-8.527247009747741,-7.3082284071342745,0.1895024000863482,0.24592913069686073,0.43543153078320895
1089,117,0.0,-0.01,1.5,0.0,0.01,1.5,5.587184528386248,2.912828742016191,1.5,6.3008890035100835,27.534881311403545,4.623354829818363,19.972407464815433,1.9933203669650772,0.3342339943597886,1.5,2.021147804675227,9.51863668794076,4.158359367897669,29.84912293559607,18.016244623462786,-84.00522389493128,-74.12997627390675,-83.99247977277285,-74.11576430199221,1,1,1,1,2,2,30.0,0.0,30.0,1,0,15.0,-6.0,9.0,2,2,30.0,1,0,9.0,-43.21548235902767,-43.21548235902767,1,-5.385293947672495,4.760151698174056,0.3666790710412251,1.9972451268003393,2.3639241978415644
1090,117,0.0,-0.01,1.5,0.0,0.01,1.5,6.321215248446847,3.6923619077800303,1.5,7.320607807772652,30.29014730190086,3.5151337451743587,18.66911642457668,5.5242306671169406,0.9725554111691239,1.5,5.609187863791837,9.984754876740523,3.1599182879115353,20.97875075789489,20.305392425160335,-85.30773918874864,-82.99150623325724,-85.29577081301161,-82.9861364796934,1,1,1,1,2,2,30.0,0.0,30.0,1,0,15.0,-6.0,9.0,2,2,30.0,1,0,9.0,-34.302823213059284,-34.302823213059284,1,-6.351148351403913,-4.085465632425765,0.3006253695769033,0.47544740911793765,0.7760727786948409
1091,117,0.0,-0.01,1.5,0.0,0.01,1.5,7.701264848254488,4.003224606155531,1.5,8.679590284701769,27.466038298396708,4.975877028967791,17.188705820561793,2.13493945339133,0.2857243049242448,1.5,2.153974198562117,7.622742647556347,4.680451067332239,29.29452604548265,19.84329565084036,-86.78541224883709,-74.68105926695708,-86.7761814170265,-74.67036119210564,1,1,1,1,2,2,30.0,0.0,30.0,1,0,15.0,-6.0,9.0,2,1,27.0,1,0,9.0,-59.470304321433495,-59.429218597155995,0,-8.174897784900052,4.168738900874827,0.2044331036483009,1.8525594003402464,2.056992503988547
1092,117,0.0,-0.01,1.5,0.0,0.01,1.5,4.679961214083816,2.81361009041233,1.5,5.460626219235203,31.014441414316014,3.492858579742842,21.21741793802846,8.661446719033957,1.44932356392824,1.5,8.781867572425684,9.499320940202079,2.4323716864523104,17.083967916814917,21.515120474113935,-82.76386200284249,-86.88418446041757,-82.74746929955982,-86.88091932077339,1,1,1,1,2,2,30.0,0.0,30.0,1,0,15.0,-6.0,9.0,2,2,30.0,1,0,9.0,-27.068913773241643,-27.068913773241643,1,-3.8586793130009656,-7.933323809249851,0.4969989032138104,0.21529508042621323,0.7122939836400236
1093,117,0.0,-0.01,1.5,0.0,0.01,1.5,2.7526546723347503,1.550195946983711,1.5,3.1591478628217224,29.386644449184622,3.7682057533246325,25.97614623176584,6.655082326495448,1.242122028008524,1.5,6.77000649223441,10.572192250116707,1.5507484630558879,19.344642433021008,18.814452199067915,-78.0157232556414,-84.62495325585337,-77.98874100582245,-84.62024480456728,1,1,1,1,2,2,30.0,0.0,30.0,1,0,15.0,-6.0,9.0,2,2,30.0,1,0,9.0,-15.09380519256032,-15.09380519256032,1,0.8967044902913989,-5.798892503610346,1.1566137963474559,0.3369618747056756,1.4935756710531316
1094,117,0.0,-0.01,1.5,0.0,0.01,1.5,2.0081210695311076,1.1934257897237188,1.5,2.335982736552743,30.723003982594413,4.348196547046827,28.603643307870655,6.188175118534766,1.0787641314209817,1.5,6.281500087470606,9.888810162010412,2.28884640445307,19.995174938245263,20.834193820584,-75.39923610441814,-83.97446180428801,-75.36124392971763,-83.96971229934303,1,1,1,1,2,2,30.0,0.0,30.0,1,0,15.0,-6.0,9.0,2,2,30.0,1,0,9.0,-19.16214835058779,-19.16214835058779,1,3.5080766010769464,-5.056474170345798,1.6972793652677889,0.3919241525997325,2.0892035178675212
1095,117,0.0,-0.01,1.5,0.0,0.01,1.5,5.091932592773438,2.7647140196318793,1.5,5.794085013157599,28.500175511739215,1.4992496902019363,20.701526896975352,4.534572158315684,0.7437270732188036,1.5,4.5951577359662386,9.314303201621241,4.684969437969642,22.71110890751325,19.185872310117972,-83.27766629007036,-81.25989519141888,-83.26336034061293,-81.25377833007505,1,1,1,1,2,2,30.0,0.0,30.0,1,0,15.0,-6.0,9.0,2,2,30.0,1,0,9.0,-33.410019629102,-33.410019629102,1,-4.448028872664215,-2.3072898131882944,0.442635555490858,0.6670801608667305,1.1097157163575884
1096,117,0.0,-0.01,1.5,0.0,0.01,1.5,3.3467582365907793,1.9583040293847627,1.5,3.8775953071063025,30.33337931271687,1.775195606159841,24.19412620456807,3.3281652978654654,0.555983783840418,1.5,3.374285438105293,9.483921290494333,2.3838568469651187,25.394646798561137,20.849458022222535,-79.79338481870452,-78.57872251356179,-79.77076103302022,-78.57024043902715,1,1,1,1,2,2,30.0,0.0,30.0,1,0,15.0,-6.0,9.0,2,2,30.0,1,0,9.0,-3.23037957014861,-3.23037957014861,1,-0.8476564084020477,0.3556586159891223,0.8660664234448769,1.0602827148012335,1.9263491382461104
1097,117,0.0,-0.01,1.5,0.0,0.01,1.5,2.4502049466459144,1.5080652748082009,1.5,2.8771105563829904,31.61168881039172,1.336455383483869,26.790748735471702,2.295707421731422,0.3802957173667818,1.5,2.326993209882712,9.40592273773871,3.764930391992646,28.624200066710905,22.20576607265301,-77.20578749899329,-75.35288777177888,-77.17413850211659,-75.34068717087739,1,1,1,1,2,2,30.0,0.0,30.0,1,0,15.0,-6.0,9.0,2,3,33.0,1,0,9.0,-5.450439542608096,-5.351190601418505,0,1.6080652878679387,3.562097692978992,1.2916781617641648,1.7097147733145326,3.001392935078697
1098,118,0.0,-0.01,1.5,0.0,0.01,1.5,2.893449516615817,4.122607133637491,1.5,5.036659575901774,54.93692397514872,1.1805914563654594,21.925347330687654,4.10238919157282,4.259986172065275,1.5,5.91414231020195,46.079666083091674,3.3470298948043617,20.526821918979337,8.85725789205705,-82.06777197905868,-83.45922432050075,-82.03953990690064,-83.43806531860895,1,1,1,1,4,1,60.0,-3.0,57.0,3,2,45.0,0.0,45.0,4,1,57.0,3,2,45.0,-17.349316703859664,-17.349316703859664,1,-3.922190246512776,-4.87673578738683,0.49088233465208425,0.40635350975942597,0.8972358444115103
1099,118,0.0,-0.01,1.5,0.0,0.01,1.5,4.377627110507666,6.043519180870068,1.5,7.462422073844129,54.08228199575623,1.1033787034093314,18.505911638925102,6.735481452040999,7.072070711074519,1.5,9.766314275776015,46.396433274944926,4.795006891313942,16.165905737500363,7.6858487208113075,-85.47782895630385,-87.81186321408364,-85.45897559866319,-87.79898150008792,1,1,1,1,4,1,60.0,-3.0,57.0,3,2,45.0,0.0,45.0,4,0,54.0,3,2,45.0,-43.870798408503056,-43.85366215235796,0,-7.307283621869399,-9.077890562753524,0.2459783242609881,0.16819887767681777,0.41417720193780583
1100,118,0.0,-0.01,1.5,0.0,0.01,1.5,3.591884778658253,5.51900542967996,1.5,6.584911327876308,56.943075359469155,1.8582551532334421,19.594139736879413,6.139716383787006,6.402771486044053,1.5,8.870828595787508,46.20149510768537,1.4517398578263063,17.001862176872706,10.741580251783788,-84.39285861609795,-86.97715985184102,-84.37074750070889,-86.9630250607156,1,1,1,1,4,1,60.0,-3.0,57.0,3,2,45.0,0.0,45.0,4,1,57.0,3,2,45.0,-7.135219731644933,-7.135219731644933,1,-5.6386617867577895,-8.235527367505995,0.34821188430766853,0.20178817098388754,0.550000055291556
1101,118,0.0,-0.01,1.5,0.0,0.01,1.5,2.6005725006496387,3.9000496939630094,1.5,4.687575593685512,56.30444702991497,2.6125467608665374,22.550536574175325,5.995759454556907,6.698877816756596,1.5,8.990222213090295,48.17020441781629,4.30040995365448,16.885869675522216,8.134242612098681,-81.44518360957355,-87.09341609026772,-81.41435066341296,-87.07901756206608,1,1,1,1,4,1,60.0,-3.0,57.0,3,2,45.0,0.0,45.0,4,1,57.0,3,2,45.0,-41.48298764590515,-41.48298764590515,1,-2.9898483120400448,-8.900413394164211,0.5872306871769692,0.17480611589414546,0.7620368030711147
1102,118,0.0,-0.01,1.5,0.0,0.01,1.5,4.594908668728277,6.405200803282511,1.5,7.882879106286307,54.34542011367986,3.6096217134241706,18.02933593608254,3.2914365401612113,3.357392251789384,1.5,4.701663240841883,45.56834971698377,2.533963033014062,22.52224021552621,8.77707039669609,-85.95345710159764,-81.46903049666389,-85.93555130150575,-81.44264702206208,1,1,1,1,4,1,60.0,-3.0,57.0,3,2,45.0,0.0,45.0,4,1,57.0,3,2,45.0,-29.594992601698046,-29.594992601698046,1,-7.653336507369401,-2.9571035580439755,0.2285526370077762,0.5908770710963049,0.8194297081040811
1103,118,0.0,-0.01,1.5,0.0,0.01,1.5,2.280733455835239,3.354561134280122,1.5,4.0564547945452185,55.7885974569106,3.473684571183831,23.80886384118224,2.7739476371021934,3.1218221415480047,1.5,4.176189528367242,48.376769986531265,3.9257032959376033,23.554024181358024,7.411827470379336,-80.19144055611706,-80.44195783892306,-80.15602339640606,-80.41086305623027,1,1,1,1,4,1,60.0,-3.0,57.0,3,2,45.0,0.0,45.0,4,1,57.0,3,3,48.0,-36.608243506318026,-36.54811270076205,0,-2.028061793388503,-3.144122364689173,0.702119881025555,0.5702958973336044,1.2724157783591594
1104,118,0.0,-0.01,1.5,0.0,0.01,1.5,4.256278680502511,6.671595450926018,1.5,7.913665021146456,57.46334038813902,4.56873692103699,17.99578101100783,1.8512462505869323,1.7642769411524541,1.5,2.5573004918066307,43.622049044526904,1.3765241789232117,27.82187091004038,13.841291343612113,-85.98761284416727,-76.18987976375243,-85.96910622658046,-76.14301632754791,1,1,1,1,4,1,60.0,-3.0,57.0,3,2,45.0,0.0,45.0,4,1,57.0,3,1,42.0,-35.636686691121604,-35.56614446785438,0,-7.1600375030107655,1.89673153979541,0.2537563743561699,1.349167902688866,1.602924277045036
1105,118,0.0,-0.01,1.5,0.0,0.01,1.5,2.8300278837166464,4.536766650997579,1.5,5.34708420246189,58.04415024351118,1.5338161779023318,21.40552676380571,4.301590486418921,4.353788378795713,1.5,6.120388383116415,45.34552880045401,1.3199616899479327,20.228593552853987,12.69862144305717,-82.58692665630863,-83.75648423886713,-82.55936047378258,-83.7362936847343,1,1,1,1,4,1,60.0,-3.0,57.0,3,2,45.0,0.0,45.0,4,1,57.0,3,2,45.0,-3.001706750841117,-3.001706750841117,1,-3.907553914691614,-5.03994878824682,0.49228629173164146,0.3932319578201114,0.8855182495517528
1106,118,0.0,-0.01,1.5,0.0,0.01,1.5,4.017309388797947,5.702625728679936,1.5,6.975579898956537,54.83658317024113,2.491398650997405,19.09265473928515,2.8478962225983944,2.73128023904243,1.5,3.9459352045964815,43.80257759691646,2.347616682486684,24.04631485992111,11.03400557332467,-84.8925915620667,-79.94904534154246,-84.87223249830315,-79.91857237766718,1,1,1,1,4,1,60.0,-3.0,57.0,3,2,45.0,0.0,45.0,4,1,57.0,3,1,42.0,-13.49843834237609,-13.48648193597952,0,-6.5039020756816885,-1.4174671144078352,0.291215791301088,0.783689784295782,1.07490557559687
1107,118,0.0,-0.01,1.5,0.0,0.01,1.5,2.554913339900713,3.8987334328530903,1.5,4.661298591041884,56.76242073993222,1.7708910391708148,22.59953207546649,2.230751002894219,2.160578153362717,1.5,3.1055350575547864,44.0844990673683,2.29592208080948,26.130806329520926,12.677921672563919,-81.3965251384014,-77.87299852993922,-81.3653551621218,-77.83408090806736,1,1,1,1,4,1,60.0,-3.0,57.0,3,2,45.0,0.0,45.0,4,2,60.0,3,2,45.0,-4.05908170353615,-3.977725949753223,0,-2.8667063336869587,0.42411290962672943,0.6010386356615306,1.072162750387063,1.6732013860485937
1108,119,0.0,-0.01,1.5,0.0,0.01,1.5,5.786555880613121,-0.006945476768710235,1.5,5.786560048863731,-0.06877084100816866,3.49134124888118,20.70567499668585,5.116031148926397,-2.0720080904729845,1.5,5.5196913177976406,-22.048096352272573,3.2814087412482267,21.121677456933785,21.979325511264406,-83.25921224090244,-82.8432097806545,-83.25925023014237,-82.85502391655811,1,1,1,1,0,2,0.0,0.0,0.0,7,0,-15.0,-6.0,-21.0,0,2,0.0,7,0,-21.0,-33.09500487456766,-33.09500487456766,1,-4.30187839408674,-3.9533731313511207,0.45562267380686866,0.4879023953110001,0.9435250691178687
1109,119,0.0,-0.01,1.5,0.0,0.01,1.5,4.863141694499429,0.09185342981799849,1.5,4.864009065919605,1.082055284582351,2.528030138728037,22.214510031164924,2.350774377857423,-0.9179453519643156,1.5,2.523640989678176,-21.329967561865146,3.0000225861870584,27.925995190550115,22.4120228464475,-81.7510522879573,-76.03889204703817,-81.75037720642337,-76.0639292162687,1,1,1,1,0,2,0.0,0.0,0.0,7,0,-15.0,-6.0,-21.0,0,2,0.0,7,0,-21.0,-9.450020687220253,-9.450020687220253,1,-2.854440098510498,2.8639423943535953,0.602428282680165,1.552732608007511,2.155160890687676
1110,119,0.0,-0.01,1.5,0.0,0.01,1.5,6.30088219970051,0.15826144400687747,1.5,6.302869440117087,1.4388154471819021,4.264318624704847,19.96364756743826,3.9448780038016,-1.4344014930420932,1.5,4.197567165408921,-19.981828867351208,2.0004223014163913,23.5011769512325,21.42064431453311,-84.00193414962257,-80.46371028635579,-84.00123967015003,-80.47785254489969,1,1,1,1,0,2,0.0,0.0,0.0,7,0,-15.0,-6.0,-21.0,0,2,0.0,7,0,-21.0,-32.038989272760155,-32.038989272760155,1,-5.150586895120189,-1.5908321828545022,0.384548120059409,0.7598315868333236,1.1443797068927326
1111,119,0.0,-0.01,1.5,0.0,0.01,1.5,5.575341664614036,-0.027228393092972432,1.5,5.575408152106142,-0.2798141707252242,4.043390794535097,21.028606863535522,2.208571354337024,-0.8323715979507184,1.5,2.360218189971662,-20.650541515389577,4.95473899037068,28.50795401435279,20.370727344664353,-82.93628037405277,-75.4569332232355,-82.93643357857866,-75.48289018425055,1,1,1,1,0,2,0.0,0.0,0.0,7,0,-15.0,-6.0,-21.0,0,2,0.0,7,0,-21.0,-44.632806047069835,-44.632806047069835,1,-3.984345009341914,3.4248945058584974,0.48495768435259773,1.6782243992689414,2.163182083621539
1112,119,0.0,-0.01,1.5,0.0,0.01,1.5,5.782741116244361,0.0429406691403699,1.5,5.7829005454502935,0.42545115581627346,2.3700763702665992,20.71126233060503,3.8097719910597587,-1.5584826333170443,1.5,4.11621558500211,-22.24824481846599,3.367286379844471,23.67208693062487,22.673695974282264,-83.2538472505881,-80.29280030696341,-83.25362490698326,-80.3087800200396,1,1,1,1,0,2,0.0,0.0,0.0,7,0,-15.0,-6.0,-21.0,0,2,0.0,7,0,-21.0,-19.469559306714867,-19.469559306714867,1,-4.304295750993224,-1.434449787470056,0.4554052540855193,0.781327990307642,1.2367332443931613
1113,119,0.0,-0.01,1.5,0.0,0.01,1.5,4.837465248908476,-0.05306223784924149,1.5,4.837756260445818,-0.6284531669686197,4.290188518657073,22.261376388609243,3.1602477923969965,-1.210125877647398,1.5,3.3840169546120737,-20.95290241508226,3.357741710522842,25.374577604966962,20.32444924811364,-81.70351084897905,-78.59030963262133,-81.70390371429995,-78.60866677197639,1,1,1,1,0,2,0.0,0.0,0.0,7,0,-15.0,-6.0,-21.0,0,2,0.0,7,0,-21.0,-35.984445808424496,-35.984445808424496,1,-2.7736358694796994,0.3349822039880441,0.6116474022234291,1.0567119742609343,1.6683593764843634
1114,119,0.0,-0.01,1.5,0.0,0.01,1.5,4.32620997715809,0.10525591778572362,1.5,4.327490216591034,1.3937211485994343,3.3347211594822412,23.229820904853916,4.158521511195955,-1.5373084099833276,1.5,4.433578498965025,-20.288177605939524,3.904650060718271,23.0257659534178,21.681898754538956,-80.73604231338552,-80.93912128417048,-80.73506633273438,-80.95270776711595,1,1,1,1,0,2,0.0,0.0,0.0,7,0,-15.0,-6.0,-21.0,0,2,0.0,7,0,-21.0,-32.758160424169674,-32.758160424169674,1,-1.8810889707580358,-2.032183581267415,0.7211292181008534,0.701592427917934,1.4227216460187875
1115,119,0.0,-0.01,1.5,0.0,0.01,1.5,3.8661295798260706,-0.09738779202847718,1.5,3.8673559843958367,-1.442975351852719,1.8211739224026413,24.20633151129996,3.8432142555201088,-1.3764468076940708,1.5,4.082266726739469,-19.704980046434695,4.9317038872740095,23.743204780005417,18.262004694581975,-79.75855572628834,-80.22168245758287,-79.75968624573922,-80.23603064465775,1,1,1,1,0,2,0.0,0.0,0.0,7,0,-15.0,-6.0,-21.0,0,2,0.0,7,0,-21.0,-34.579307289339646,-34.579307289339646,1,-0.937444018969573,-1.3879827659982151,0.8526801200181571,0.7878029549521685,1.6404830749703256
1116,119,0.0,-0.01,1.5,0.0,0.01,1.5,6.525914001172467,0.18107070903849157,1.5,6.5284255492707075,1.5893446205347965,4.711565159789787,19.65826849956097,2.885570570763437,-1.1884506327084556,1.5,3.1207262656697647,-22.3847954620984,3.4786893808267765,26.07953286041839,23.974140082633195,-84.30735809295183,-77.8853543771699,-84.30661873802732,-77.90655275992924,1,1,1,1,0,2,0.0,0.0,0.0,7,0,-15.0,-6.0,-21.0,0,3,3.0,7,0,-21.0,-47.05619384166779,-47.00604653900083,0,-5.480012919498291,0.9441321314304798,0.35967674066671146,1.1653230064894868,1.5249997471561982
1117,119,0.0,-0.01,1.5,0.0,0.01,1.5,5.17327175021827,0.09723495580901599,1.5,5.174185466161567,1.0767840827424529,4.713449035896652,21.67753634040354,8.103066399286108,-2.9248232893777693,1.5,8.614770823726312,-19.84718216252565,4.232627548021521,17.2526211005858,20.923966245268105,-82.28797993587224,-86.71226613700249,-82.28735089718475,-86.71911069053235,1,1,1,1,0,2,0.0,0.0,0.0,7,0,-15.0,-6.0,-21.0,0,2,0.0,7,0,-21.0,-66.20395479835162,-66.20395479835162,1,-3.3901202403876085,-7.831030719218347,0.5441185603345345,0.2200539311906275,0.764172491525162
1118,120,0.0,-0.01,1.5,0.0,0.01,1.5,3.125048312226653,0.6270481565902217,1.5,3.187336873384087,11.345864978848969,1.182305398972629,25.890839907113833,7.735035865490377,2.3816378690520703,1.5,8.093391055653084,17.113736570822525,2.8958720549662633,17.794620337728485,5.767871591973556,-78.08477021947589,-86.17658332581183,-78.07404733047446,-86.1702668998598,1,1,1,1,1,1,15.0,-3.0,12.0,1,3,15.0,3.0,18.0,1,0,9.0,1,3,18.0,-13.642473133500323,-13.624780762511193,0,-1.4763500406839614,-7.807631105050595,0.775523838999143,0.22115612411102864,0.9966799631101717
1119,120,0.0,-0.01,1.5,0.0,0.01,1.5,6.366889183884573,1.371923561826377,1.5,6.5130217364415985,12.16004645587876,2.7672567574078473,19.6812271394448,5.6577873400902,1.8836438409669327,1.5,5.963109231373982,18.414117871515987,4.238151479194455,20.449214033724967,6.2540714156372275,-84.28927899803072,-83.52487524065614,-84.28366009814349,-83.51567320386332,1,1,1,1,1,1,15.0,-3.0,12.0,1,3,15.0,3.0,18.0,1,0,9.0,1,3,18.0,-41.30481905669548,-41.226265288075965,0,-6.092243483806852,-5.390616585802592,0.3171995042229038,0.36628242788141396,0.6834819321043177
1120,120,0.0,-0.01,1.5,0.0,0.01,1.5,9.347048917981086,1.683136909120525,1.5,9.497382446230919,10.207940507116994,1.5171925200727694,16.403616639931762,7.369209282546355,2.1912931868359298,1.5,7.688108433199997,16.560265838899326,1.5942904634464385,18.24090147547034,6.352325331782332,-87.56451232445313,-85.73042488159925,-87.56127059765653,-85.72398576211795,1,1,1,1,1,1,15.0,-3.0,12.0,1,3,15.0,3.0,18.0,1,0,9.0,1,3,18.0,-6.925391363165559,-6.8293319260313785,0,-9.046528293770436,-7.525778333883288,0.1693490731743031,0.23483916174575908,0.4041882349200622
1121,120,0.0,-0.01,1.5,0.0,0.01,1.5,7.60725162168038,1.7209143524264783,1.5,7.799475844179929,12.746912265627863,1.9026031195751547,18.115221143526327,9.476085945002083,3.1325285317345357,1.5,9.980427838484529,18.29243876609445,4.523383141352165,15.973823528208262,5.545526500466586,-85.85458070130085,-87.99652707600941,-85.84966609406196,-87.99106370938004,1,1,1,1,1,1,15.0,-3.0,12.0,1,3,15.0,3.0,18.0,1,1,12.0,1,3,18.0,-43.2688842014926,-43.2688842014926,1,-7.510747153916846,-9.351802549083873,0.23559035303339523,0.15846198448221574,0.394052337515611
1122,120,0.0,-0.01,1.5,0.0,0.01,1.5,6.4726697852903765,1.4643496018462714,1.5,6.636246974445594,12.747759705686427,3.1049514433496417,19.518507199989685,5.102263924458754,1.7210747466008756,1.5,5.384718696294219,18.64006869869522,2.003164114555252,21.33596052803588,5.892308993008793,-84.45215769011881,-82.63923736547946,-84.44638003759862,-82.6289267095524,1,1,1,1,1,1,15.0,-3.0,12.0,1,3,15.0,3.0,18.0,1,1,12.0,1,4,21.0,-19.955838094017473,-19.89097324228169,0,-6.31433949575143,-4.652404381854086,0.30293331094328935,0.4250059853377532,0.7279392962810425
1123,120,0.0,-0.01,1.5,0.0,0.01,1.5,8.268220292572114,1.899683809385937,1.5,8.483646938796095,12.939555721091265,3.873187095228035,17.38471440578374,6.703424811014004,2.2260569881834997,1.5,7.06337270088155,18.370169241396056,2.0655605504757233,18.97770429499947,5.4306135203047905,-86.58475869520746,-84.99493396994589,-86.58017283180455,-84.98718294258882,1,1,1,1,1,1,15.0,-3.0,12.0,1,3,15.0,3.0,18.0,1,1,12.0,1,3,18.0,-32.79341965767533,-32.79341965767533,1,-8.183680156883305,-6.641502977234066,0.20404798841231864,0.2829680401290829,0.4870160285414015
1124,120,0.0,-0.01,1.5,0.0,0.01,1.5,9.038636997110679,1.867003656633904,1.5,9.229445347333844,11.670771918093806,2.173320299953288,16.65246487391528,8.141842517673638,2.667265064473648,1.5,8.567607747017822,18.138779680924834,3.7252796072714434,17.30003867421345,6.468007762831029,-87.31622988720449,-86.67116168452463,-87.31242236367301,-86.66484856337485,1,1,1,1,1,1,15.0,-3.0,12.0,1,3,15.0,3.0,18.0,1,1,12.0,1,3,18.0,-32.31946360148825,-32.31946360148825,1,-8.728628904587977,-8.14084156800758,0.1814333240685438,0.20593290768080347,0.38736623174934726
1125,120,0.0,-0.01,1.5,0.0,0.01,1.5,7.333332116272586,1.5726020446447158,1.5,7.50005580768408,12.103524640813578,2.9059291462698194,18.455209411541126,9.408319980556568,3.1622798692721537,1.5,9.925547784789707,18.57828203390718,2.406846263570449,16.021772778826836,6.474757393093601,-85.51453559766706,-87.94869067156868,-85.50967782604717,-87.94311445876146,1,1,1,1,1,1,15.0,-3.0,12.0,1,3,15.0,3.0,18.0,1,1,12.0,1,4,21.0,-23.735577832130037,-23.68457234369399,0,-7.135855972066077,-9.30671952338471,0.25505503639139504,0.16002708316867026,0.4150821195600653
1126,120,0.0,-0.01,1.5,0.0,0.01,1.5,6.212606114609072,1.2304958867229283,1.5,6.333292576734481,11.203254713677307,4.584975741555409,19.924142132004366,7.075507118945904,2.200926155796836,1.5,7.409917471438181,17.278967943093782,2.5644641349176287,18.561285537864155,6.0757132294164755,-84.046074320497,-85.41056555932647,-84.04074510558394,-85.40360169972415,1,1,1,1,1,1,15.0,-3.0,12.0,1,3,15.0,3.0,18.0,1,1,12.0,1,4,21.0,-46.178650688231066,-46.156809830356195,0,-5.818751456053675,-7.114123661498258,0.3355902492199341,0.25622734491692367,0.5918175941368577
1127,120,0.0,-0.01,1.5,0.0,0.01,1.5,9.265205219433865,2.1331043869851216,1.5,9.507584450532097,12.965139987876517,2.0267082935890275,16.39471948461811,3.7923401809025887,1.2393890666564504,1.5,3.9897279739646194,18.098105780321916,1.0054994812214328,23.941953689635724,5.132965792445399,-87.57426832179767,-80.03645995846497,-87.57016775297018,-80.02293354795256,1,1,1,1,1,1,15.0,-3.0,12.0,1,3,15.0,3.0,18.0,1,1,12.0,1,3,18.0,-6.446630747371911,-6.446630747371911,1,-9.076634583597468,-2.802413746052823,0.16824479817433483,0.6083511600501249,0.7765959582244597
1128,121,0.0,-0.01,1.5,0.0,0.01,1.5,6.1721305486430795,-7.175226546895975,1.5,9.464622100684943,-49.29787928703329,1.4179296390666938,16.43897091401794,4.68633959080849,7.5050173448634645,1.5,8.847997745652998,58.018208649780206,4.641459544409223,17.025508103971852,107.31608793681349,-87.52591632357036,-86.95603468392072,-87.539832073381,-86.93937913361644,1,1,1,1,5,0,-45.0,-6.0,-51.0,4,1,60.0,-3.0,57.0,5,1,-48.0,4,1,57.0,-41.9232720557564,-41.9080039175668,0,-8.716680645126733,-8.03066466777506,0.18190293908258376,0.21085538826116237,0.39275832734374616
1129,121,0.0,-0.01,1.5,0.0,0.01,1.5,2.599351011751398,-3.626606873079685,1.5,4.461939387100841,-54.36914150893255,3.5540579551814075,22.97943306039037,3.2390403666149408,5.29432651919661,1.5,6.206551038091086,58.54193037370752,1.4874771913591105,20.109014821568092,112.91107188264007,-80.98545417719792,-83.87974872234743,-81.01709775532385,-83.85587241602019,1,1,1,1,5,0,-45.0,-6.0,-51.0,4,1,60.0,-3.0,57.0,5,0,-51.0,4,2,60.0,-18.485588223347172,-18.479832630225015,0,-2.630744843722872,-5.019623483165939,0.6282269871577113,0.39484569035612943,1.0230726775138408
1130,121,0.0,-0.01,1.5,0.0,0.01,1.5,5.092834304182092,-5.837285685126042,1.5,7.746668020486698,-48.896402624513726,1.3772321934712637,18.180229498658935,4.484586020160604,6.580738005962762,1.5,7.963518347774599,55.72668130959045,2.157130838809118,17.9409938354444,104.62308393410417,-85.78465773892935,-86.04192023626437,-85.80155549159345,-86.02389340214388,1,1,1,1,5,0,-45.0,-6.0,-51.0,4,1,60.0,-3.0,57.0,5,1,-48.0,4,1,57.0,-9.225929454952851,-9.167116033564211,0,-7.057486936982221,-7.1466257548190555,0.2593056763009665,0.2544758996145064,0.5137815759154729
1131,121,0.0,-0.01,1.5,0.0,0.01,1.5,2.076568151699554,-2.895787750724196,1.5,3.5633863088215962,-54.35570906367107,4.808310639370278,24.93663951188556,4.587051955571195,7.145857058796892,1.5,8.491426190450394,57.30287732760046,1.6230522833287324,17.383076588901915,111.65858639127154,-79.02824772570273,-86.59902881500997,-79.06786530219594,-86.58181064868637,1,1,1,1,5,0,-45.0,-6.0,-51.0,4,1,60.0,-3.0,57.0,5,0,-51.0,4,1,57.0,-33.417700209885254,-33.417700209885254,1,-0.6702366728770373,-7.622581467594108,0.8929669330629263,0.2300539952535847,1.123020928316511
1132,121,0.0,-0.01,1.5,0.0,0.01,1.5,2.4158177048237923,-3.3747338902338475,1.5,4.150301677328164,-54.40285631598071,3.399413494888599,23.609509665621133,3.958216288592877,5.709771453626714,1.5,6.947587080413781,55.268926136302014,2.9373579258479423,19.12767520285376,109.67178245228273,-80.35537757196715,-84.85776163361359,-80.38941228816975,-84.83721203473453,1,1,1,1,5,0,-45.0,-6.0,-51.0,4,1,60.0,-3.0,57.0,5,0,-51.0,4,0,54.0,-27.19545261677954,-27.13873351072509,0,-2.013307649376806,-6.033811064993704,0.7040104487871761,0.3210514323315042,1.0250618811186802
1133,121,0.0,-0.01,1.5,0.0,0.01,1.5,5.411882494172921,-6.226651757367828,1.5,8.249828133862376,-49.00452500525172,1.1376916784342521,17.633128162629546,2.3775777758672976,3.4816036351030575,1.5,4.215974377562191,55.670936004976014,1.0159654181549298,23.473139984514383,104.67546101022774,-86.33175907495875,-80.52577300521236,-86.34765230505496,-80.49174725307392,1,1,1,1,5,0,-45.0,-6.0,-51.0,4,1,60.0,-3.0,57.0,5,1,-48.0,4,1,57.0,-0.7886937387009153,-0.7519453111254097,0,-7.5807634151420284,-1.624422764439222,0.23211000805121387,0.7552733184316271,0.987383326482841
1134,121,0.0,-0.01,1.5,0.0,0.01,1.5,2.4439255770518122,-3.2344175042135084,1.5,4.053915245504125,-52.92530890880617,1.1960993278184464,23.81368563989275,2.5270490735112423,3.8791935420624624,1.5,4.62969972640917,56.91830234748857,2.1616922376300294,22.65874952833152,109.84361125629474,-80.15120159769553,-81.3375768174441,-80.18539119846885,-81.30613770925677,1,1,1,1,5,0,-45.0,-6.0,-51.0,4,1,60.0,-3.0,57.0,5,0,-51.0,4,1,57.0,-3.377820845689725,-3.377820845689725,1,-1.3879675900269741,-2.344121808571974,0.787805076225174,0.6625624871860111,1.4503675634111852
1135,121,0.0,-0.01,1.5,0.0,0.01,1.5,4.552046789110257,-6.407112647880313,1.5,7.859530676374822,-54.60743475894149,3.4735678733955173,18.05515783994629,2.746161940090713,4.513872956701746,1.5,5.283602414115407,58.6843948439913,1.0915418332861773,21.509527653296324,113.29182960293278,-85.909729397642,-82.48345003482085,-85.92774744147219,-82.45535958429198,1,1,1,1,5,0,-45.0,-6.0,-51.0,4,1,60.0,-3.0,57.0,5,0,-51.0,4,2,60.0,-20.96357280838714,-20.944004484572954,0,-7.642156863223544,-3.644239669693964,0.22909734089046488,0.518123983717518,0.7472213246079829
1136,121,0.0,-0.01,1.5,0.0,0.01,1.5,4.750311681018789,-6.38217668895987,1.5,7.955981420034006,-53.33935726419116,2.8967998789932046,17.94896254023181,5.120642425121119,8.265413455535654,1.5,9.723067336849013,58.22068916728191,3.2730934456440033,16.205607936489713,111.56004643147307,-86.01592469735648,-87.77446679683379,-86.03344137560998,-87.75927930109857,1,1,1,1,5,0,-45.0,-6.0,-51.0,4,1,60.0,-3.0,57.0,5,0,-51.0,4,1,57.0,-32.841182433791694,-32.841182433791694,1,-7.344764019906953,-8.87470716786063,0.244033684333673,0.175783137597217,0.41981682193089
1137,121,0.0,-0.01,1.5,0.0,0.01,1.5,1.1930856001759609,-1.6519990514532732,1.5,2.0377816652796117,-54.162912918194316,4.990335990725808,29.805513760141796,2.3127943893367098,3.6437641792233717,1.5,4.315789068193525,57.59561356471813,3.7354291289708645,23.269875230056588,111.75852648291244,-74.1593734774465,-80.72899696666873,-74.22848352943005,-80.69501200753172,1,1,1,1,5,0,-45.0,-6.0,-51.0,4,1,60.0,-3.0,57.0,5,0,-51.0,4,1,57.0,-34.779991391620854,-34.779991391620854,1,4.257228656562492,-1.7520022263193658,1.8738751628897459,0.7381503065867905,2.6120254694765364
1138,122,0.0,-0.01,1.5,0.0,0.01,1.5,7.778239055301382,-3.120498531703997,1.5,8.380842075100958,-21.85982540504887,1.2118825239988404,17.492179429567642,8.399588300249814,-2.5316475616025897,1.5,8.772817277811154,-16.772879594577233,3.9430935117738883,17.094149292859235,5.0869458104716365,-86.47270780802066,-86.87073794472906,-86.48042685512776,-86.876453429133,1,1,1,1,7,0,-15.0,-6.0,-21.0,7,1,-15.0,-3.0,-18.0,6,4,-24.0,7,1,-18.0,-29.805268086295214,-29.73283416535202,0,-8.144814355358868,-8.522759246224432,0.2057574238136204,0.18968598896052338,0.39544341277414374
1139,123,0.0,-0.01,1.5,0.0,0.01,1.5,4.19679835071874,6.289991616244046,1.5,7.561554795742468,56.28805150754684,3.905527436268302,18.391415510171548,5.226906463150721,-5.335977700399751,1.5,7.4694852027224865,-45.591609201485774,1.6892039824002132,18.49657195664342,101.8796607090326,-85.59258308925884,-85.46831528094486,-85.57347172741675,-85.48492898493608,1,1,1,1,4,1,60.0,-3.0,57.0,5,2,-45.0,0.0,-45.0,4,1,57.0,5,2,-45.0,-29.607797663691176,-29.607797663691176,1,-6.655769919643275,-6.539743968539913,0.2821250884325849,0.28904677990082706,0.5711718683334119
1140,123,0.0,-0.01,1.5,0.0,0.01,1.5,1.2117233763139912,1.9818591382666255,1.5,2.3229376196180365,58.55807518250035,3.1537811128986615,28.66526496059452,1.7323633300684587,-1.752949789917145,1.5,2.464531532226042,-45.338421113688085,2.4400362471268178,28.14445877994379,103.89649629618845,-75.36342560189466,-75.8204284576445,-75.29962227699377,-75.87056260899755,1,1,1,1,4,1,60.0,-3.0,57.0,5,2,-45.0,0.0,-45.0,4,2,60.0,5,2,-45.0,-2.428873456388195,-2.3995590993290987,0,3.4614571807028987,3.0792462839741974,1.6865860497405691,1.6002718123647393,3.2868578621053084
1141,123,0.0,-0.01,1.5,0.0,0.01,1.5,5.011172938351027,7.257653655342109,1.5,8.81960264405162,55.37618764100029,1.633244410765009,17.053204016258018,4.5962815095348315,-4.417406884669119,1.5,6.374895081459296,-43.863127327674675,3.6126531912618813,19.874057748263084,99.23931496867496,-86.92789327805872,-84.09082948932522,-86.91168322133026,-84.10971341612266,1,1,1,1,4,1,60.0,-3.0,57.0,5,2,-45.0,0.0,-45.0,4,0,54.0,5,2,-45.0,-24.384226471430342,-24.37232529513658,0,-8.10481314908814,-5.215328983813626,0.207530704102387,0.3795445782508497,0.5870752823532367
1142,123,0.0,-0.01,1.5,0.0,0.01,1.5,5.13619970973396,7.686565902501142,1.5,9.24466564196696,56.248966396411035,2.240217786348598,16.6440686128106,6.057896590391035,-5.833632811511556,1.5,8.410076270725227,-43.919580101483184,3.6254020524324972,17.465244018812637,100.16854649789423,-87.33644406061116,-86.49964321877565,-87.3208186247777,-86.51397299495972,1,1,1,1,4,1,60.0,-3.0,57.0,5,2,-45.0,0.0,-45.0,4,1,57.0,5,2,-45.0,-30.993223135630735,-30.993223135630735,1,-8.402376954447593,-7.612321958540865,0.194673201641011,0.23055685039365292,0.4252300520346639
1143,123,0.0,-0.01,1.5,0.0,0.01,1.5,4.878363209696428,7.577375921796547,1.5,9.011939495244167,57.226305599681936,4.903920607214085,16.865819685352054,4.588474262076213,-4.791193547224308,1.5,6.633975554725815,-46.238119700635266,2.3673154744420097,19.528057787016753,103.4644253003172,-87.1152764984912,-84.43682945057154,-87.09906755223625,-84.45574317129356,1,1,1,1,4,1,60.0,-3.0,57.0,5,2,-45.0,0.0,-45.0,4,1,57.0,5,2,-45.0,-51.710978724245365,-51.710978724245365,1,-8.153797382174524,-5.57412521872439,0.20536114313071485,0.3528361450195378,0.5581972881502526
1144,123,0.0,-0.01,1.5,0.0,0.01,1.5,2.425982330431341,3.657429079233798,1.5,4.388869756234521,56.443578618808644,2.1642033737357127,23.1235244284708,7.200527438171674,-6.8377682163863645,1.5,9.929887691655264,-43.51976703487025,2.5501318515979627,16.021215149287112,99.96334565367889,-80.87434615224,-87.94367208830118,-80.8413628091175,-87.9557192781992,1,1,1,1,4,1,60.0,-3.0,57.0,5,2,-45.0,0.0,-45.0,4,1,57.0,5,2,-45.0,-14.67680809839056,-14.67680809839056,1,-1.9288462158623065,-9.1086407524073,0.7149092341800422,0.16707828413415743,0.8819875183141996
1145,123,0.0,-0.01,1.5,0.0,0.01,1.5,5.059348604461015,8.383002423255208,1.5,9.79141143705872,58.8879834776907,1.7328570225805775,16.144769004517514,2.5679343522994813,-2.70928484664592,1.5,3.732895822010703,-46.53430253579385,1.456518983315688,24.530051009741722,105.42228601348455,-87.83530858837155,-79.43483622784656,-87.82011823307079,-79.46861275634656,1,1,1,1,4,1,60.0,-3.0,57.0,5,2,-45.0,0.0,-45.0,4,2,60.0,5,1,-48.0,-4.4477816207876515,-4.408761918003657,0,-9.061744970279525,-0.6336035187274223,0.1687900863426765,0.8985957417943204,1.067385828136997
1146,123,0.0,-0.01,1.5,0.0,0.01,1.5,1.5728233237585902,2.2291838825002883,1.5,2.7281924400155644,54.79473020105347,1.6376621808860508,27.26261169515049,5.545880800506341,-5.462375958207901,1.5,7.7842369543990975,-44.56538229703821,1.5416793944000853,18.13758653241314,99.36011249809168,-76.75430480872204,-85.82730070517515,-76.7022755424378,-85.8429608524982,1,1,1,1,4,1,60.0,-3.0,57.0,5,2,-45.0,0.0,-45.0,4,0,54.0,5,2,-45.0,-1.7698048225177574,-1.6759886258993528,0,1.9430144555782525,-6.889076803223226,1.3585273625327612,0.26865951832880497,1.6271868808615662
1147,123,0.0,-0.01,1.5,0.0,0.01,1.5,3.9516605088381085,6.028772210770124,1.5,7.208447485170766,56.756485986189226,1.1887911757936198,18.80732569584897,6.5507269929397225,-6.502251051897967,1.5,9.229912939889374,-44.787216828905684,1.030433663246999,16.656755766193434,101.54370281509492,-85.17771785449433,-87.30813147139486,-85.15756154173931,-87.32139132200524,1,1,1,1,4,1,60.0,-3.0,57.0,5,2,-45.0,0.0,-45.0,4,1,57.0,5,2,-45.0,-2.433059787533508,-2.433059787533508,1,-6.217047525846359,-8.359563088694049,0.30911041422935176,0.19647624238645692,0.5055866566158087
1148,123,0.0,-0.01,1.5,0.0,0.01,1.5,5.3083954948297984,7.701730850730281,1.5,9.35391473269988,55.42355983882326,1.6839188417568733,16.541858215496102,3.986200706649209,-4.0149327534016415,1.5,5.657692205133462,-45.205748091541615,1.4655678181423655,20.912186214449747,100.62930793036487,-87.43832174027212,-83.05270102313855,-87.4230290220922,-83.07448976978996,1,1,1,1,4,1,60.0,-3.0,57.0,5,2,-45.0,0.0,-45.0,4,0,54.0,5,2,-45.0,-5.797877915777869,-5.7909588917538,0,-8.607050973838243,-4.113562023941386,0.18626536708224026,0.472833083657071,0.6590984507393113
1149,124,0.0,-0.01,1.5,0.0,0.01,1.5,3.6309126619625673,0.8530882491490237,1.5,3.7297836826867377,13.221915847374003,1.1668344561372828,24.525702089410927,7.9037828006861774,-2.0273300580042215,1.5,8.159647647080726,-14.386285658319078,4.286662830122191,17.723288807477836,27.60820150569308,-79.44983745935689,-86.24159843011046,-79.43918514817737,-86.24688726288122,1,1,1,1,1,1,15.0,-3.0,12.0,7,2,-15.0,0.0,-15.0,1,1,12.0,7,2,-15.0,-31.6291488085651,-31.6291488085651,1,-0.568746348764025,-7.302969708210582,0.9086238782026737,0.24620305803626072,1.1548269362389343
1150,124,0.0,-0.01,1.5,0.0,0.01,1.5,3.7928276939471397,0.7739384168647107,1.5,3.8709847053523,11.533053648730425,4.016853267756753,24.202108623836864,9.470810819258801,-2.7896973049388527,1.5,9.873128613938576,-16.412726920756523,1.9937400232361147,16.067463853727027,27.94578056948695,-79.77175053528566,-87.89742338386127,-79.76277861375144,-87.90239383347968,1,1,1,1,1,1,15.0,-3.0,12.0,7,2,-15.0,0.0,-15.0,1,1,12.0,7,2,-15.0,-25.423708876374736,-25.423708876374736,1,-0.8221445194838307,-9.04486984086438,0.8698977982787193,0.1694101020164751,1.0393079002951944
1151,124,0.0,-0.01,1.5,0.0,0.01,1.5,2.1052837075134425,0.49264844961313703,1.5,2.1621567898808296,13.170553127448098,3.960419758803789,29.265404439797337,2.0230396076072084,-0.5344583216153937,1.5,2.0924471203572796,-14.79862869108456,2.2725131706754045,29.551504432693513,27.969181818532658,-74.71779003821683,-74.41338280489478,-74.69948279779095,-74.43458761449091,1,1,1,1,1,1,15.0,-3.0,12.0,7,2,-15.0,0.0,-15.0,1,1,12.0,7,2,-15.0,-5.336974285835421,-5.336974285835421,1,4.162188268860873,4.515761033873146,1.850986212252388,1.9368281469082058,3.7878143591605937
1152,124,0.0,-0.01,1.5,0.0,0.01,1.5,6.289328841122265,1.563045844973157,1.5,6.480645769154505,13.956593467357477,1.9542059336679198,19.724934624489848,3.278920811095378,-0.9407311187608081,1.5,3.411201653851518,-16.008326432897302,2.883963792439759,25.302918984575125,29.964919900254777,-84.24641702583627,-78.66196825301317,-84.23995261309844,-78.67601024092522,1,1,1,1,1,1,15.0,-3.0,12.0,7,2,-15.0,0.0,-15.0,1,2,15.0,7,2,-15.0,-10.501021654959576,-10.421002365758183,0,-5.48769342418895,0.22981145730731106,0.35911413264989667,1.0386757606050676,1.3977898932549642
1153,124,0.0,-0.01,1.5,0.0,0.01,1.5,8.46266252688238,1.6180845412983424,1.5,8.615965101292364,10.824465094027733,2.657565268763737,17.249886836546256,5.031145519628108,-1.2225068376385646,1.5,5.177542680437027,-13.65748654443978,1.652744236931679,21.675550933240217,24.481951638467514,-86.71878632670979,-82.28933630434808,-86.71500040104205,-82.29725887177251,1,1,1,1,1,1,15.0,-3.0,12.0,7,2,-15.0,0.0,-15.0,1,1,12.0,7,2,-15.0,-13.598676458391884,-13.598676458391884,1,-7.828581531337459,-3.4308460633040743,0.22016905669887082,0.5398815947615085,0.7600506514603793
1154,124,0.0,-0.01,1.5,0.0,0.01,1.5,4.62584240766592,0.9730314341845013,1.5,4.72707183703311,11.87881210334597,3.459207030690395,22.465998103867513,7.916185988295888,-2.121268458865142,1.5,8.195473169736342,-15.00089689854456,4.745295304517514,17.685333917214635,26.879709001890532,-81.50645425568085,-86.27955332037367,-81.49888913372078,-86.28503864390214,1,1,1,1,1,1,15.0,-3.0,12.0,7,2,-15.0,0.0,-15.0,1,1,12.0,7,2,-15.0,-55.53106676002321,-55.53106676002321,1,-2.54477548324805,-7.3209573424089225,0.6383736146381974,0.24526723318227703,0.8836408478204745
1155,124,0.0,-0.01,1.5,0.0,0.01,1.5,7.587939212196261,1.591521477576195,1.5,7.753048568245393,11.845706736783095,4.963370942589596,18.166920460965056,3.291449451025777,-0.7168578835591852,1.5,3.3686087208043087,-12.286802490144225,1.080546614694684,25.4105190677549,24.13250922692732,-85.80256566173924,-78.5543681698334,-85.79796677662324,-78.56534176088881,1,1,1,1,1,1,15.0,-3.0,12.0,7,2,-15.0,0.0,-15.0,1,1,12.0,7,3,-12.0,-42.769571622382486,-42.690885503256915,0,-6.839852850005828,0.0008164778820655294,0.271450954903407,1.0001356204146574,1.2715865753180644
1156,124,0.0,-0.01,1.5,0.0,0.01,1.5,7.118307439379668,1.613345904499072,1.5,7.298848252230749,12.770192843223715,4.418878456640033,18.691615285014088,6.0312065368330305,-1.5878117307059343,1.5,6.236713748610309,-14.749356475855839,4.187600583486699,20.058496773316243,27.51954931907955,-85.278532871392,-83.90639046427205,-85.2732719525742,-83.91348111118033,1,1,1,1,1,1,15.0,-3.0,12.0,7,2,-15.0,0.0,-15.0,1,1,12.0,7,2,-15.0,-61.903663940429354,-61.903663940429354,1,-6.346407431597702,-4.953347653200655,0.3009217388717051,0.4001477228354962,0.7010694617072013
1157,124,0.0,-0.01,1.5,0.0,0.01,1.5,8.94762618502782,1.9936200575239806,1.5,9.16703525032807,12.560892838774913,1.204790314757684,16.711556087864434,4.008569808986672,-1.0703991514282776,1.5,4.149022325427741,-14.950727471440072,2.9039728476322493,23.600541478019004,27.511620310214987,-87.25745282507768,-80.36434575956929,-87.25333114972386,-80.3751479836435,1,1,1,1,1,1,15.0,-3.0,12.0,7,2,-15.0,0.0,-15.0,1,1,12.0,7,2,-15.0,-10.028654157905729,-10.028654157905729,1,-8.310045934631848,-1.4135361106689337,0.1985810176156098,0.7842372375015227,0.9828182551171325
1158,124,0.0,-0.01,1.5,0.0,0.01,1.5,9.69415940753289,2.3467612260900537,1.5,9.974167377327198,13.608359629858473,2.345636448346708,15.978589244640393,2.5687957512126633,-0.6820325488759902,1.5,2.657796081187289,-14.869351820440091,2.307589396839807,27.471977573012328,28.477711450298564,-87.99039432428758,-76.49290966457596,-87.9862979929479,-76.5096814854026,1,1,1,1,1,1,15.0,-3.0,12.0,7,2,-15.0,0.0,-15.0,1,2,15.0,7,2,-15.0,-9.308996750516926,-9.296807747528069,0,-9.164488552392264,2.4466257555661732,0.16506107542729598,1.4628681289321341,1.6279292043594302
1159,125,0.0,-0.01,1.5,0.0,0.01,1.5,8.721450384943113,-3.0544539612881905,1.5,9.240854171485095,-19.301436463840275,4.882621221238173,16.642940319299285,7.252685990129805,6.072072519695703,1.5,9.458938563912383,39.93664482661618,1.9809064690073455,16.443123933305145,59.238081290456456,-87.32194691828902,-87.53355413885608,-87.32816272955884,-87.52176330428314,1,1,1,1,7,1,-15.0,-3.0,-18.0,3,0,45.0,-6.0,39.0,7,1,-18.0,3,0,39.0,-50.05128194738591,-50.05128194738591,1,-8.448335485662806,-8.604430023815064,0.19275493490623039,0.186370851323765,0.3791257862299954
1160,125,0.0,-0.01,1.5,0.0,0.01,1.5,3.8463718217399294,-1.2356701882253023,1.5,4.039982302578032,-17.80992893265184,3.720504012187737,23.833042742036543,6.677518419202057,5.330980103619341,1.5,8.544507072029845,38.60202904236782,1.2420180423156175,17.326678146988346,56.41195797501966,-80.13184449555175,-86.6508933534896,-80.14499581126913,-86.63820909059994,1,1,1,1,7,1,-15.0,-3.0,-18.0,3,0,45.0,-6.0,39.0,7,1,-18.0,3,0,39.0,-17.858853556778122,-17.858853556778122,1,-1.1721989710306595,-7.682537689780955,0.8183999567729981,0.22713550647337744,1.0455354632463756
1161,125,0.0,-0.01,1.5,0.0,0.01,1.5,8.590405509133367,-2.4848916607606153,1.5,8.942580912525564,-16.13323210228176,4.286499705601265,16.927514246563735,4.284994206076498,3.654273224928328,1.5,5.631597299926304,40.45777832904949,3.0283038240840314,20.951451672874242,56.59101043133125,-87.03737299102455,-83.03345182643787,-87.04277086035691,-83.01343556471406,1,1,1,1,7,1,-15.0,-3.0,-18.0,3,0,45.0,-6.0,39.0,7,2,-15.0,3,0,39.0,-45.82642194719052,-45.73729297345023,0,-8.259657078310818,-4.163978608885505,0.2007444210062157,0.4681723590909765,0.6689167800971922
1162,125,0.0,-0.01,1.5,0.0,0.01,1.5,4.4048568703051485,-1.401938223519276,1.5,4.622574480788693,-17.654764357374955,1.4195289270359868,22.66208285337737,2.2553656647242932,1.847015311152389,1.5,2.915156915373272,39.3155121288265,1.1175571864903042,26.679707656492802,56.970276486201456,-81.30280438421093,-77.32293587335329,-81.31420306160955,-77.28517958109549,1,1,1,1,7,1,-15.0,-3.0,-18.0,3,0,45.0,-6.0,39.0,7,1,-18.0,3,0,39.0,0.8187327228208503,0.8187327228208503,1,-2.3468233504327634,1.6680464304289309,0.6622320771531397,1.3034976833526772,1.965729760505817
1163,125,0.0,-0.01,1.5,0.0,0.01,1.5,8.60722065551186,-2.8717926799920983,1.5,9.073667428858421,-18.451237683738654,3.6624717209449806,16.801446356708915,7.573868870417709,6.434428927393388,1.5,9.938076538644651,40.34977849282429,3.5176408289191152,16.01368930951572,58.801016176562946,-87.16344088087938,-87.96251496720257,-87.16950085683717,-87.95119792807257,1,1,1,1,7,1,-15.0,-3.0,-18.0,3,0,45.0,-6.0,39.0,7,1,-18.0,3,0,39.0,-46.007200175059054,-46.007200175059054,1,-8.21010700163811,-9.084359413801185,0.20289321683223996,0.1679625538108719,0.37085577064311187
1164,125,0.0,-0.01,1.5,0.0,0.01,1.5,3.0077860835656813,-0.9224590861141002,1.5,3.1460622832432676,-17.050273353867766,2.633615937501415,26.00679084334406,3.0779894529871235,2.561377600071265,1.5,4.004331939643216,39.765850080835,2.5389638248602906,23.91734776144385,56.81612343470277,-77.95809639424422,-80.07528936923117,-77.97428700993366,-80.04753947614445,1,1,1,1,7,1,-15.0,-3.0,-18.0,3,0,45.0,-6.0,39.0,7,1,-18.0,3,0,39.0,-8.175206179382528,-8.175206179382528,1,0.9530678449307775,-1.117402874646204,1.1669686457594322,0.8263087235684126,1.9932773693278447
1165,125,0.0,-0.01,1.5,0.0,0.01,1.5,8.146235996855687,-2.880078358397859,1.5,8.640371072296553,-19.470901793261657,1.6244755757966947,17.226777633032782,6.369406788026636,5.018301571895286,1.5,8.108803456604832,38.233720124869706,3.0373385335380094,17.781571039839193,57.704621918131366,-86.73810960455552,-86.19657593628281,-86.74481365803645,-86.1833161977491,1,1,1,1,7,1,-15.0,-3.0,-18.0,3,0,45.0,-6.0,39.0,7,1,-18.0,3,0,39.0,-19.044275133710098,-19.044275133710098,1,-7.8897320084574805,-7.250674442157196,0.21731126501898074,0.24894239929102382,0.4662536643100046
1166,125,0.0,-0.01,1.5,0.0,0.01,1.5,8.166066409588087,-2.5818858669679274,1.5,8.564506712931667,-17.54552342256027,3.256183973936656,17.303083152709732,1.900377787785664,1.5785721336305023,1.5,2.470490987108411,39.71513340642972,4.087602506056426,28.120864537968306,57.260656828989994,-86.66180408487855,-75.88895200122754,-86.66791890723769,-75.84402269961998,1,1,1,1,7,1,-15.0,-3.0,-18.0,3,0,45.0,-6.0,39.0,7,1,-18.0,3,0,39.0,-28.8998000814063,-28.8998000814063,1,-7.708707573688028,3.08468616687692,0.22587238266170603,1.6014831473940703,1.8273555300557762
1167,125,0.0,-0.01,1.5,0.0,0.01,1.5,6.697845200474178,-2.377686817456008,1.5,7.107357098909485,-19.54449593449064,2.535519481055692,18.923996949675157,5.586212245139995,4.5236996534826925,1.5,7.188158721304883,39.000459455690425,2.999703362037507,18.82932609928031,58.544955390181066,-85.04089028791313,-85.15076857859627,-85.04906722277072,-85.13556113830799,1,1,1,1,7,1,-15.0,-3.0,-18.0,3,0,45.0,-6.0,39.0,7,0,-21.0,3,0,39.0,-23.732047071506447,-23.722951585593613,0,-6.20473462287284,-6.1717189785081725,0.3099001673326565,0.31202673401642583,0.6219269013490824
1168,125,0.0,-0.01,1.5,0.0,0.01,1.5,4.46758147657539,-1.596926030794761,1.5,4.744413240609364,-19.669305079958022,2.062966846196093,22.436575559961433,6.78168073515491,5.36666513134305,1.5,8.648253478335644,38.35623716069315,4.858430228440033,17.221739857881808,58.02554224065117,-81.52831167762686,-86.75561142214688,-81.54063603540017,-86.74314737970649,1,1,1,1,7,1,-15.0,-3.0,-18.0,3,0,45.0,-6.0,39.0,7,0,-21.0,3,0,39.0,-46.33654584164072,-46.2937781174991,0,-2.714951589316843,-7.801161224046442,0.6184135724159425,0.22146177545617995,0.8398753478721225
1169,126,0.0,-0.01,1.5,0.0,0.01,1.5,4.940375262599633,-5.562864954528158,1.5,7.439944505009695,-48.39174960060571,3.2632490912366534,18.531414675702074,5.431000223876985,-4.827110544279801,1.5,7.266137876372089,-41.630915464312366,4.916001021290116,18.735945206091223,6.760834136293347,-85.43347256188622,-85.22894203149706,-85.45093256164947,-85.24482514800623,1,1,1,1,5,1,-45.0,-3.0,-48.0,5,3,-45.0,3.0,-42.0,5,0,-51.0,5,3,-42.0,-60.673032798874544,-60.63919022987696,0,-7.029646233842128,-6.869153098455671,0.26083122504077777,0.2697862098923845,0.5306174349331623
1170,126,0.0,-0.01,1.5,0.0,0.01,1.5,3.9623932012831853,-4.2136151450418176,1.5,5.784039459763478,-46.75995780872984,1.4028452265079587,20.720394685953725,6.512917708010203,-5.634444335631038,1.5,8.611913843196387,-40.863682533424665,3.760792355150921,17.25868255467923,5.896275275305172,-83.24449255163456,-86.70620468290906,-83.2663735678817,-86.71940200439003,1,1,1,1,5,1,-45.0,-3.0,-48.0,5,3,-45.0,3.0,-42.0,5,1,-48.0,5,4,-39.0,-26.90620055240519,-26.83965220634261,0,-5.437151725081795,-8.197124198515658,0.3628306539040816,0.20345976270490915,0.5662904166089907
1171,126,0.0,-0.01,1.5,0.0,0.01,1.5,4.967968527786558,-5.167995129112996,1.5,7.168604114303802,-46.13054791986623,2.649777167323058,18.85412272891311,5.475355422246395,-4.772500601962995,1.5,7.2633517741921425,-41.076481918025124,1.7366719340938608,18.739193247527076,5.054066001841107,-85.11076450867519,-85.22569399006122,-85.12823676786091,-85.24140853194474,1,1,1,1,5,1,-45.0,-3.0,-48.0,5,3,-45.0,3.0,-42.0,5,1,-48.0,5,4,-39.0,-15.228757488000973,-15.154115405106118,0,-7.1103887185596735,-6.856925596821525,0.2564293145501777,0.27047980500401175,0.5269091195541895
1172,126,0.0,-0.01,1.5,0.0,0.01,1.5,4.675038380273194,-5.514471009767782,1.5,7.229479536909742,-49.709508580586615,1.991378906652848,18.7811024522944,6.791494934307235,-6.662314311643488,1.5,9.513718275724298,-44.44987498396435,1.7203715359766951,16.39346607090568,5.259633596622265,-85.18378478529388,-87.57142116668261,-85.2021135883186,-87.5842080041528,1,1,1,1,5,1,-45.0,-3.0,-48.0,5,3,-45.0,3.0,-42.0,5,0,-51.0,5,3,-42.0,-10.386229473082045,-10.319519540840519,0,-6.845468194708017,-9.42495509817662,0.27113118773170325,0.15595320385429828,0.42708439158600153
1173,126,0.0,-0.01,1.5,0.0,0.01,1.5,6.353677227869238,-6.713001589997279,1.5,9.243030058549529,-46.57519615364258,2.493351708932419,16.644616260325268,7.021615903340456,-6.184187130184041,1.5,9.356669298162544,-41.37152140636836,1.3075710441663193,16.537787126170024,5.203674747274221,-87.32027097726302,-87.42710011141827,-87.33392159765286,-87.43937028444392,1,1,1,1,5,1,-45.0,-3.0,-48.0,5,3,-45.0,3.0,-42.0,5,1,-48.0,5,4,-39.0,-12.96591463145092,-12.960061502434227,0,-8.926946144595625,-8.841574034091304,0.17380303886907025,0.1770500104799422,0.35085304934901246
1174,126,0.0,-0.01,1.5,0.0,0.01,1.5,4.003261828599362,-4.591122437747513,1.5,6.091347183235362,-48.91296796595849,1.2098038471569064,20.270559542884463,4.453492377769064,-4.187355058167979,1.5,6.112899209214242,-43.23585287499935,1.5079431301008235,20.23886683535658,5.677115090959134,-83.69432769470382,-83.72602040223171,-83.71582354731979,-83.74548873184295,1,1,1,1,5,1,-45.0,-3.0,-48.0,5,3,-45.0,3.0,-42.0,5,0,-51.0,5,3,-42.0,-3.518530440618721,-3.4434876401849266,0,-5.514334204644287,-5.840435822428979,0.357168659977203,0.3340982112520726,0.6912668712292755
1175,126,0.0,-0.01,1.5,0.0,0.01,1.5,6.335098797273095,-6.743626529081169,1.5,9.25256588925139,-46.789112170979934,3.631884723761339,16.63567746387394,4.296952903069019,-3.782808044766676,1.5,5.724809250511736,-41.35896833733761,1.0318135954067689,20.808881500314204,5.430143833642326,-87.32920977371435,-83.15600573727409,-87.34289483972093,-83.17605597423702,1,1,1,1,5,1,-45.0,-3.0,-48.0,5,3,-45.0,3.0,-42.0,5,1,-48.0,5,4,-39.0,-24.163971628398023,-24.14744411788718,0,-8.89410547576616,-5.101168763508653,0.17504538823032348,0.38840600961904836,0.5634513978493718
1176,126,0.0,-0.01,1.5,0.0,0.01,1.5,6.163525754853021,-7.202094575338458,1.5,9.479410108379959,-49.44321146048033,3.8315896690358344,16.42541553161436,7.336348989635395,-6.50800025349232,1.5,9.80694059312997,-41.5759046799143,2.308608482740596,16.129285149425705,7.867306780566025,-87.53947170597394,-87.83560208816257,-87.55339644156555,-87.84735896164433,1,1,1,1,5,1,-45.0,-3.0,-48.0,5,3,-45.0,3.0,-42.0,5,0,-51.0,5,3,-42.0,-35.658804545614096,-35.62057436789795,0,-8.979603366357672,-9.218267915144798,0.17182834119940527,0.16314032222374517,0.33496866342315046
1177,126,0.0,-0.01,1.5,0.0,0.01,1.5,3.8257765704504503,-4.337510205811453,1.5,5.78364600857678,-48.58701859730021,4.5408137677466645,20.72130934898475,5.450185747498012,-4.932682995287609,1.5,7.350910570414389,-42.146626057800795,4.679470439331816,18.635183436780096,6.440392539499413,-83.24357788860354,-85.32970380080819,-83.26610475887364,-85.34556284992726,1,1,1,1,5,1,-45.0,-3.0,-48.0,5,3,-45.0,3.0,-42.0,5,1,-48.0,5,3,-42.0,-72.91812397966258,-72.91812397966258,1,-5.152210230445277,-6.994133792490067,0.38442196139490337,0.26278903363390843,0.6472109950288119
1178,126,0.0,-0.01,1.5,0.0,0.01,1.5,6.12330946537445,-6.966044728921861,1.5,9.274734388330717,-48.68380450863225,1.1470798812288798,16.615082584829047,6.57124851122787,-6.237307023018618,1.5,9.060094143865827,-43.50653694991495,3.8927293230422455,16.818023202765314,5.177267558717297,-87.34980465275925,-87.14686403482297,-87.36387124039717,-87.16006478421136,1,1,1,1,5,1,-45.0,-3.0,-48.0,5,3,-45.0,3.0,-42.0,5,0,-51.0,5,3,-42.0,-29.101004077903294,-29.045026408640613,0,-8.757721836927814,-8.803030665993173,0.1802946078418159,0.17853454483626338,0.35882915267807924
1179,127,0.0,-0.01,1.5,0.0,0.01,1.5,8.956020076984496,-3.260868173137564,1.5,9.531188638461149,-20.006459184075783,4.772123868930953,16.374250074001395,5.815054404973139,-0.49025964569749697,1.5,5.835684385999379,-4.819135868419052,1.7162683982944156,20.633479448204092,15.18732331565673,-87.59063716358689,-83.3314077893842,-87.5968717890888,-83.3339083919867,1,1,1,1,7,0,-15.0,-6.0,-21.0,0,1,0.0,-3.0,-3.0,7,0,-21.0,0,0,-6.0,-44.82895226023847,-44.80218600716886,0,-8.695401813800846,-4.608757187910225,0.18274210870928542,0.4287195559593986,0.611461664668684
1180,127,0.0,-0.01,1.5,0.0,0.01,1.5,7.874140186329244,-3.162784296530157,1.5,8.485592977532148,-21.88371283446766,4.117546110503046,17.38424401356965,6.501074577858282,-0.21400433843990366,1.5,6.504595953919532,-1.8853989737608545,1.2213123845353189,19.690100202326743,19.998313860706805,-86.58064322401864,-84.27478703526155,-86.58827314640354,-84.27566604124931,1,1,1,1,7,0,-15.0,-6.0,-21.0,0,1,0.0,-3.0,-3.0,7,0,-21.0,0,1,-3.0,-31.126963286336522,-31.126963286336522,1,-7.666809653697627,-5.391414528296066,0.22789777546977474,0.36622299767844124,0.594120773148216
1181,127,0.0,-0.01,1.5,0.0,0.01,1.5,5.939772643971173,-2.1993831051365302,1.5,6.333891781932204,-20.31861814368052,2.5818653233948163,19.92541829380483,2.158748467778094,-0.16371671022980924,1.5,2.164947599445017,-4.336936373327668,1.7402626772837109,29.248073707685577,15.981681770352854,-84.03946894378348,-74.71681352990272,-84.0489919855911,-74.72288186069358,1,1,1,1,7,0,-15.0,-6.0,-21.0,0,1,0.0,-3.0,-3.0,7,0,-21.0,0,1,-3.0,-7.496836454006754,-7.496836454006754,1,-5.132737598032887,3.7845642690081256,0.3859376750623231,1.7614223443530712,2.1473600194153946
1182,127,0.0,-0.01,1.5,0.0,0.01,1.5,4.481800330341119,-1.7978047645875628,1.5,4.828937375098119,-21.857424145633306,3.1200762493139647,22.283729915420846,2.6165482987538953,-0.1137928317237883,1.5,2.6190215364260796,-2.490205594701812,2.3107468183072353,27.592673962414885,19.367218550931494,-81.68115732216745,-76.37221327517341,-81.69455055543406,-76.37509453327931,1,1,1,1,7,0,-15.0,-6.0,-21.0,0,1,0.0,-3.0,-3.0,7,0,-21.0,0,1,-3.0,-11.947474960211277,-11.947474960211277,1,-2.7844754250730346,2.4616523987369674,0.6104041502635247,1.4660510068423436,2.076455157105868
1183,127,0.0,-0.01,1.5,0.0,0.01,1.5,7.044394491760645,-2.586061788197457,1.5,7.504079512366773,-20.158648928303982,1.5053248511634134,18.452113115666336,2.024460457255414,-0.09373146097795182,1.5,2.0266291544749526,-2.650871551463484,1.7725657810483737,29.820468427929285,17.507777376840497,-85.51277412192195,-74.14441880965902,-85.5207528072298,-74.1483820378723,1,1,1,1,7,0,-15.0,-6.0,-21.0,0,1,0.0,-3.0,-3.0,7,0,-21.0,0,1,-3.0,-0.7355165817028926,-0.7355165817028926,1,-6.611196868283763,4.606846057194584,0.284766222548513,1.959243927521167,2.24401015006968
1184,127,0.0,-0.01,1.5,0.0,0.01,1.5,7.863032438754206,-2.9165644849162438,1.5,8.38651462334477,-20.350879000616388,1.1406354843616224,17.486044983557978,8.76044707788703,-0.530375115090123,1.5,8.776487382043356,-3.464573109566956,3.584294858301121,17.088255298516223,16.88630589104943,-86.47884225403031,-86.87663193907207,-86.48604578538048,-86.87782767506668,1,1,1,1,7,0,-15.0,-6.0,-21.0,0,1,0.0,-3.0,-3.0,7,0,-21.0,0,1,-3.0,-23.902589526159424,-23.902589526159424,1,-7.555280500096826,-7.940348238276643,0.23337118448444946,0.21497181736641086,0.4483430018508603
1185,127,0.0,-0.01,1.5,0.0,0.01,1.5,3.346215951327936,-1.137948281913087,1.5,3.53441473022486,-18.78163782248516,1.1425363732916964,24.995612849557883,8.629715017377768,-0.6720972533658477,1.5,8.655847503227935,-4.453305793877031,4.968827401653715,17.20866083473991,14.328332028608127,-78.96927438803041,-86.7562264028484,-78.98509916687598,-86.7577857189484,1,1,1,1,7,0,-15.0,-6.0,-21.0,0,1,0.0,-3.0,-3.0,7,1,-18.0,0,1,-3.0,-44.144027093958655,-44.123792124639365,0,-0.4640971014846179,-7.930600662519744,0.924973527348796,0.2154205203831327,1.1403940477319288
1186,127,0.0,-0.01,1.5,0.0,0.01,1.5,3.247815192640879,-1.2276935202123558,1.5,3.4721081355741665,-20.706891242018248,1.9712494908685034,25.151030000771687,8.8772639935094,-0.8153460292414481,1.5,8.914628716769883,-5.247696304514036,1.4177624898762105,16.95289739915373,15.459194937504211,-78.8138572368166,-87.01198983843456,-78.83154653565394,-87.01377175808149,1,1,1,1,7,0,-15.0,-6.0,-21.0,0,1,0.0,-3.0,-3.0,7,0,-21.0,0,1,-3.0,-3.6278374219879015,-3.6278374219879015,1,0.053420670059476434,-8.351139217299249,1.0089002667319642,0.19683283142824803,1.2057330981602123
1187,127,0.0,-0.01,1.5,0.0,0.01,1.5,9.295650860500896,-3.4476372282686194,1.5,9.914400000911542,-20.349168821338573,4.8031060437407,16.031793392853505,9.524647484395542,-0.32775212160198275,1.5,9.530284946171175,-1.9708242753056275,4.289313658475855,16.37226842073141,18.378344546032945,-87.9330938447348,-87.59261881685688,-87.93918695587396,-87.59324595642403,1,1,1,1,7,0,-15.0,-6.0,-21.0,0,1,0.0,-3.0,-3.0,7,0,-21.0,0,1,-3.0,-76.28631445801186,-76.28631445801186,1,-9.00432975625293,-8.691910783775432,0.17090838352552634,0.18288013015206162,0.35378851367758796
1188,127,0.0,-0.01,1.5,0.0,0.01,1.5,5.997908421326305,-2.3921348878092834,1.5,6.457338054654669,-21.743506408888678,3.363986663261456,19.757982067929923,5.4223969412367445,-0.36195191686594996,1.5,5.434463890620356,-3.8189011362976357,2.231609270316488,21.25199214369431,17.92460527259104,-84.20690516965837,-82.71289509389398,-84.2168696681396,-82.71502259754777,1,1,1,1,7,0,-15.0,-6.0,-21.0,0,1,0.0,-3.0,-3.0,7,0,-21.0,0,1,-3.0,-23.00846412000923,-23.00846412000923,1,-5.288646996226972,-3.833978099891688,0.3739470640535644,0.4993949977520033,0.8733420618055677
